Workbook

Sheet Data-PP1
A1: AyurVAID Centre | B1: Date Created | C1: Registration Date | D1: Patient ID | E1: Physician to be Met | F1: First Name | G1: Last Name | H1: Name | I1: NFT | J1: Presenting Complaint | K1: Severity | L1: Chronicity | M1: Episode | N1: Are You Diabetic? | O1: Diabetes Type | P1: Covered by Insurance? | Q1: Corporate/Retail | R1: Insurance Company | S1: TPA | T1: Employer Name | U1: Employer-Others | V1: Salutation | W1: Gender | X1: Phone | Y1: Home Phone | Z1: Email | AA1: Date of Birth | AB1: City | AC1: Locality | AD1: Contacted By Ayurvaid | AE1: Preferred time of contact | AF1: Ayurveda Experience | AG1: Hear about Ayurvaid | AH1: Consent of the Patient | AI1: Status | AJ1: Lead Category | AK1: Sub Category | AL1: Lead Source | AM1: DSQ Screening done ? | AN1: Stage | AO1: ID | AP1: Disease (Allopathy) | AQ1: Age (Yrs) | AR1: Date Created | AS1: Month
A2: Kalmatia | B2: 46120.525 | C2: 46120 | D2: 5961068363 | E2: Dr. Adarsh T (AVK) | F2: RENUKA | G2: SINGH | H2: RENUKA SINGH | P2: Yes | R2: Other | S2: NA | T2: Not Employed | W2: Female | X2: 919936164333 | AB2: Kanpur | AD2: Phone | AE2: 0.625 | AF2: No | AG2: Website | AH2: Yes | AI2: CONSULTATION PATIENT-W2 / Estimate | AL2: Other | AN2: Consultation Patient | AO2: 000266388 | AQ2: 43 | AS2: =VLOOKUP(MONTH(AR2),Month!$A:$B,2,FALSE) & "-" & MID(YEAR(AR2),3,2) -> Jan-00

Sheet C+8 Data
A1: Registration Date | B1: Internal ID | C1: ID | D1: Patient Name | E1: Date of Feedback Call | F1: Patient ID | G1: AVH Centre | H1: Name of Physician | I1: The Process of fixing apptnt with Doctor | J1: Overall Services (Reception team) | K1: Overall Services (Pharmacy and Billing) | L1: Interval Time b4 the Doctor Could Be Met | M1: Time spent by the PP for screening & Con | N1: State why if any of the rating <= Good | O1: Do you think your health needs have been understood clearly by the doctor? | P1: Your diagnosis? | Q1: Your Risk factors? | R1: Dos and Don'ts? | S1: Diet-lifestyle-medicine-treatment process | T1: Health outcomes that you may expect | U1: The review date | V1: Please rate your overall satisfaction with your consultation | W1: Please rate your overall satisfaction with AyurVAID | X1: Probability that you will recommend your friends and relatives to visit AyurVAID | Y1: Comments | Z1: Date Created | AA1: Submitted by | AB1: Month
A2: 45778 | B2: 21472 | C2: CIF000021472 | E2: 45787.401 | F2: 802074483 | G2: HRBR | H2: Dr. Vrashank Gaitonde (HRBR) | I2: Very satisfactory (100%) | J2: Very satisfactory (100%) | K2: Very satisfactory (100%) | L2: Very satisfactory (100%) | M2: Very satisfactory (100%) | O2: Yes | P2: Yes | Q2: Yes | R2: Yes | S2: Yes | T2: Yes | U2: Yes | V2: Very satisfactory (100%) | W2: Very satisfactory (100%) | X2: 1 | Y2: Treatment taken at HRBR | Z2: 45787.535 | AB2: =VLOOKUP(MONTH(A2),Month!$A:$B,2,FALSE) & "-" & MID(YEAR(A2),3,2) -> May-25

Sheet C+8 Dashboard
A1: CSAT | F1: 45748 | I1: =EDATE(F1,1) -> 45778 | L1: =EDATE(I1,1) -> 45809 | O1: =EDATE(L1,1) -> 45839 | R1: =EDATE(O1,1) -> 45870 | U1: =EDATE(R1,1) -> 45901 | X1: =EDATE(U1,1) -> 45931 | AA1: =EDATE(X1,1) -> 45962 | AD1: =EDATE(AA1,1) -> 45992 | AG1: =EDATE(AD1,1) -> 46023 | AJ1: =EDATE(AG1,1) -> 46054 | AM1: =EDATE(AJ1,1) -> 46082
A2: Slno | B2: Customer Satisfaction-2018 | C2: Total # filled the form | D2: Actuals | E2: % satisfaction | F2: Total # filled the form | G2: Actuals | H2: % satisfaction | I2: Total # filled the form | J2: Actuals | K2: % satisfaction | L2: Total # filled the form | M2: Actuals | N2: % satisfaction | O2: Total # filled the form | P2: Actuals | Q2: % satisfaction | R2: Total # filled the form | S2: Actuals | T2: % satisfaction | U2: Total # filled the form | V2: Actuals | W2: % satisfaction | X2: Total # filled the form | Y2: Actuals | Z2: % satisfaction | AA2: Total # filled the form | AB2: Actuals | AC2: % satisfaction | AD2: Total # filled the form | AE2: Actuals | AF2: % satisfaction | AG2: Total # filled the form | AH2: Actuals | AI2: % satisfaction | AJ2: Total # filled the form | AK2: Actuals | AL2: % satisfaction | AM2: Total # filled the form | AN2: Actuals | AO2: % satisfaction
A3: 1 | B3: The Process of fixing appointment with the doctor
B4: a) Excellent - 100% | C4: =COUNTIF('C+8 Data'!$I:$I,"<>" & "")-1 -> 1 | D4: =G4+J4+M4+P4+S4+V4+Y4+AB4+AE4+AH4+AK4+AN4 -> 1 | E4: =IF(C4 <> 0,D4/C4,"") -> 1 | F4: =COUNTIFS('C+8 Data'!$AB:$AB,F$1,'C+8 Data'!$I:$I,"<>" & "") -> 0 | G4: =COUNTIFS('C+8 Data'!$AB:$AB,F$1,'C+8 Data'!$I:$I,"Very satisfactory (100%)") -> 0 | H4: =IF(F4 <> 0,G4/F4,"") | I4: =COUNTIFS('C+8 Data'!$AB:$AB,I$1,'C+8 Data'!$I:$I,"<>" & "") -> 1 | J4: =COUNTIFS('C+8 Data'!$AB:$AB,I$1,'C+8 Data'!$I:$I,"Very satisfactory (100%)") -> 1 | K4: =IF(I4 <> 0,J4/I4,"") -> 1 | L4: =COUNTIFS('C+8 Data'!$AB:$AB,L$1,'C+8 Data'!$I:$I,"<>" & "") -> 0 | M4: =COUNTIFS('C+8 Data'!$AB:$AB,L$1,'C+8 Data'!$I:$I,"Very satisfactory (100%)") -> 0 | N4: =IF(L4 <> 0,M4/L4,"") | O4: =COUNTIFS('C+8 Data'!$AB:$AB,O$1,'C+8 Data'!$I:$I,"<>" & "") -> 0 | P4: =COUNTIFS('C+8 Data'!$AB:$AB,O$1,'C+8 Data'!$I:$I,"Very satisfactory (100%)") -> 0 | Q4: =IF(O4 <> 0,P4/O4,"") | R4: =COUNTIFS('C+8 Data'!$AB:$AB,R$1,'C+8 Data'!$I:$I,"<>" & "") -> 0 | S4: =COUNTIFS('C+8 Data'!$AB:$AB,R$1,'C+8 Data'!$I:$I,"Very satisfactory (100%)") -> 0 | T4: =IF(R4 <> 0,S4/R4,"") | U4: =COUNTIFS('C+8 Data'!$AB:$AB,U$1,'C+8 Data'!$I:$I,"<>" & "") -> 0 | V4: =COUNTIFS('C+8 Data'!$AB:$AB,U$1,'C+8 Data'!$I:$I,"Very satisfactory (100%)") -> 0 | W4: =IF(U4 <> 0,V4/U4,"") | X4: =COUNTIFS('C+8 Data'!$AB:$AB,X$1,'C+8 Data'!$I:$I,"<>" & "") -> 0 | Y4: =COUNTIFS('C+8 Data'!$AB:$AB,X$1,'C+8 Data'!$I:$I,"Very satisfactory (100%)") -> 0 | Z4: =IF(X4 <> 0,Y4/X4,"") | AA4: =COUNTIFS('C+8 Data'!$AB:$AB,AA$1,'C+8 Data'!$I:$I,"<>" & "") -> 0 | AB4: =COUNTIFS('C+8 Data'!$AB:$AB,AA$1,'C+8 Data'!$I:$I,"Very satisfactory (100%)") -> 0 | AC4: =IF(AA4 <> 0,AB4/AA4,"") | AD4: =COUNTIFS('C+8 Data'!$AB:$AB,AD$1,'C+8 Data'!$I:$I,"<>" & "") -> 0 | AE4: =COUNTIFS('C+8 Data'!$AB:$AB,AD$1,'C+8 Data'!$I:$I,"Very satisfactory (100%)") -> 0 | AF4: =IF(AD4 <> 0,AE4/AD4,"") | AG4: =COUNTIFS('C+8 Data'!$AB:$AB,AG$1,'C+8 Data'!$I:$I,"<>" & "") -> 0 | AH4: =COUNTIFS('C+8 Data'!$AB:$AB,AG$1,'C+8 Data'!$I:$I,"Very satisfactory (100%)") -> 0 | AI4: =IF(AG4 <> 0,AH4/AG4,"") | AJ4: =COUNTIFS('C+8 Data'!$AB:$AB,AJ$1,'C+8 Data'!$I:$I,"<>" & "") -> 0 | AK4: =COUNTIFS('C+8 Data'!$AB:$AB,AJ$1,'C+8 Data'!$I:$I,"Very satisfactory (100%)") -> 0 | AL4: =IF(AJ4 <> 0,AK4/AJ4,"") | AM4: =COUNTIFS('C+8 Data'!$AB:$AB,AM$1,'C+8 Data'!$I:$I,"<>" & "") -> 0 | AN4: =COUNTIFS('C+8 Data'!$AB:$AB,AM$1,'C+8 Data'!$I:$I,"Very satisfactory (100%)") -> 0 | AO4: =IF(AM4 <> 0,AN4/AM4,"")
B5: b) V.Good - 80% | C5: =C4 -> 1 | D5: =G5+J5+M5+P5+S5+V5+Y5+AB5+AE5+AH5+AK5+AN5 -> 0 | E5: =IF(C5 <> 0,D5/C5,"") -> 0 | F5: =F4 -> 0 | G5: =COUNTIFS('C+8 Data'!$AB:$AB,F$1,'C+8 Data'!$I:$I,"Satisfactory (80%)") -> 0 | H5: =IF(F5 <> 0,G5/F5,"") | I5: =I4 -> 1 | J5: =COUNTIFS('C+8 Data'!$AB:$AB,I$1,'C+8 Data'!$I:$I,"Satisfactory (80%)") -> 0 | K5: =IF(I5 <> 0,J5/I5,"") -> 0 | L5: =L4 -> 0 | M5: =COUNTIFS('C+8 Data'!$AB:$AB,L$1,'C+8 Data'!$I:$I,"Satisfactory (80%)") -> 0 | N5: =IF(L5 <> 0,M5/L5,"") | O5: =O4 -> 0 | P5: =COUNTIFS('C+8 Data'!$AB:$AB,O$1,'C+8 Data'!$I:$I,"Satisfactory (80%)") -> 0 | Q5: =IF(O5 <> 0,P5/O5,"") | R5: =R4 -> 0 | S5: =COUNTIFS('C+8 Data'!$AB:$AB,R$1,'C+8 Data'!$I:$I,"Satisfactory (80%)") -> 0 | T5: =IF(R5 <> 0,S5/R5,"") | U5: =U4 -> 0 | V5: =COUNTIFS('C+8 Data'!$AB:$AB,U$1,'C+8 Data'!$I:$I,"Satisfactory (80%)") -> 0 | W5: =IF(U5 <> 0,V5/U5,"") | X5: =X4 -> 0 | Y5: =COUNTIFS('C+8 Data'!$AB:$AB,X$1,'C+8 Data'!$I:$I,"Satisfactory (80%)") -> 0 | Z5: =IF(X5 <> 0,Y5/X5,"") | AA5: =AA4 -> 0 | AB5: =COUNTIFS('C+8 Data'!$AB:$AB,AA$1,'C+8 Data'!$I:$I,"Satisfactory (80%)") -> 0 | AC5: =IF(AA5 <> 0,AB5/AA5,"") | AD5: =AD4 -> 0 | AE5: =COUNTIFS('C+8 Data'!$AB:$AB,AD$1,'C+8 Data'!$I:$I,"Satisfactory (80%)") -> 0 | AF5: =IF(AD5 <> 0,AE5/AD5,"") | AG5: =AG4 -> 0 | AH5: =COUNTIFS('C+8 Data'!$AB:$AB,AG$1,'C+8 Data'!$I:$I,"Satisfactory (80%)") -> 0 | AI5: =IF(AG5 <> 0,AH5/AG5,"") | AJ5: =AJ4 -> 0 | AK5: =COUNTIFS('C+8 Data'!$AB:$AB,AJ$1,'C+8 Data'!$I:$I,"Satisfactory (80%)") -> 0 | AL5: =IF(AJ5 <> 0,AK5/AJ5,"") | AM5: =AM4 -> 0 | AN5: =COUNTIFS('C+8 Data'!$AB:$AB,AM$1,'C+8 Data'!$I:$I,"Satisfactory (80%)") -> 0 | AO5: =IF(AM5 <> 0,AN5/AM5,"")
B6: C) Good - 60% | C6: =C5 -> 1 | D6: =G6+J6+M6+P6+S6+V6+Y6+AB6+AE6+AH6+AK6+AN6 -> 0 | E6: =IF(C6 <> 0,D6/C6,"") -> 0 | F6: =F5 -> 0 | G6: =COUNTIFS('C+8 Data'!$AB:$AB,F$1,'C+8 Data'!$I:$I,"Average (60%)") -> 0 | H6: =IF(F6 <> 0,G6/F6,"") | I6: =I5 -> 1 | J6: =COUNTIFS('C+8 Data'!$AB:$AB,I$1,'C+8 Data'!$I:$I,"Average (60%)") -> 0 | K6: =IF(I6 <> 0,J6/I6,"") -> 0 | L6: =L5 -> 0 | M6: =COUNTIFS('C+8 Data'!$AB:$AB,L$1,'C+8 Data'!$I:$I,"Average (60%)") -> 0 | N6: =IF(L6 <> 0,M6/L6,"") | O6: =O5 -> 0 | P6: =COUNTIFS('C+8 Data'!$AB:$AB,O$1,'C+8 Data'!$I:$I,"Average (60%)") -> 0 | Q6: =IF(O6 <> 0,P6/O6,"") | R6: =R5 -> 0 | S6: =COUNTIFS('C+8 Data'!$AB:$AB,R$1,'C+8 Data'!$I:$I,"Average (60%)") -> 0 | T6: =IF(R6 <> 0,S6/R6,"") | U6: =U5 -> 0 | V6: =COUNTIFS('C+8 Data'!$AB:$AB,U$1,'C+8 Data'!$I:$I,"Average (60%)") -> 0 | W6: =IF(U6 <> 0,V6/U6,"") | X6: =X5 -> 0 | Y6: =COUNTIFS('C+8 Data'!$AB:$AB,X$1,'C+8 Data'!$I:$I,"Average (60%)") -> 0 | Z6: =IF(X6 <> 0,Y6/X6,"") | AA6: =AA5 -> 0 | AB6: =COUNTIFS('C+8 Data'!$AB:$AB,AA$1,'C+8 Data'!$I:$I,"Average (60%)") -> 0 | AC6: =IF(AA6 <> 0,AB6/AA6,"") | AD6: =AD5 -> 0 | AE6: =COUNTIFS('C+8 Data'!$AB:$AB,AD$1,'C+8 Data'!$I:$I,"Average (60%)") -> 0 | AF6: =IF(AD6 <> 0,AE6/AD6,"") | AG6: =AG5 -> 0 | AH6: =COUNTIFS('C+8 Data'!$AB:$AB,AG$1,'C+8 Data'!$I:$I,"Average (60%)") -> 0 | AI6: =IF(AG6 <> 0,AH6/AG6,"") | AJ6: =AJ5 -> 0 | AK6: =COUNTIFS('C+8 Data'!$AB:$AB,AJ$1,'C+8 Data'!$I:$I,"Average (60%)") -> 0 | AL6: =IF(AJ6 <> 0,AK6/AJ6,"") | AM6: =AM5 -> 0 | AN6: =COUNTIFS('C+8 Data'!$AB:$AB,AM$1,'C+8 Data'!$I:$I,"Average (60%)") -> 0 | AO6: =IF(AM6 <> 0,AN6/AM6,"")
B7: d) Fair - 40% | C7: =C6 -> 1 | D7: =G7+J7+M7+P7+S7+V7+Y7+AB7+AE7+AH7+AK7+AN7 -> 0 | E7: =IF(C7 <> 0,D7/C7,"") -> 0 | F7: =F6 -> 0 | G7: =COUNTIFS('C+8 Data'!$AB:$AB,F$1,'C+8 Data'!$I:$I,"Unsatisfactory (40%)") -> 0 | H7: =IF(F7 <> 0,G7/F7,"") | I7: =I6 -> 1 | J7: =COUNTIFS('C+8 Data'!$AB:$AB,I$1,'C+8 Data'!$I:$I,"Unsatisfactory (40%)") -> 0 | K7: =IF(I7 <> 0,J7/I7,"") -> 0 | L7: =L6 -> 0 | M7: =COUNTIFS('C+8 Data'!$AB:$AB,L$1,'C+8 Data'!$I:$I,"Unsatisfactory (40%)") -> 0 | N7: =IF(L7 <> 0,M7/L7,"") | O7: =O6 -> 0 | P7: =COUNTIFS('C+8 Data'!$AB:$AB,O$1,'C+8 Data'!$I:$I,"Unsatisfactory (40%)") -> 0 | Q7: =IF(O7 <> 0,P7/O7,"") | R7: =R6 -> 0 | S7: =COUNTIFS('C+8 Data'!$AB:$AB,R$1,'C+8 Data'!$I:$I,"Unsatisfactory (40%)") -> 0 | T7: =IF(R7 <> 0,S7/R7,"") | U7: =U6 -> 0 | V7: =COUNTIFS('C+8 Data'!$AB:$AB,U$1,'C+8 Data'!$I:$I,"Unsatisfactory (40%)") -> 0 | W7: =IF(U7 <> 0,V7/U7,"") | X7: =X6 -> 0 | Y7: =COUNTIFS('C+8 Data'!$AB:$AB,X$1,'C+8 Data'!$I:$I,"Unsatisfactory (40%)") -> 0 | Z7: =IF(X7 <> 0,Y7/X7,"") | AA7: =AA6 -> 0 | AB7: =COUNTIFS('C+8 Data'!$AB:$AB,AA$1,'C+8 Data'!$I:$I,"Unsatisfactory (40%)") -> 0 | AC7: =IF(AA7 <> 0,AB7/AA7,"") | AD7: =AD6 -> 0 | AE7: =COUNTIFS('C+8 Data'!$AB:$AB,AD$1,'C+8 Data'!$I:$I,"Unsatisfactory (40%)") -> 0 | AF7: =IF(AD7 <> 0,AE7/AD7,"") | AG7: =AG6 -> 0 | AH7: =COUNTIFS('C+8 Data'!$AB:$AB,AG$1,'C+8 Data'!$I:$I,"Unsatisfactory (40%)") -> 0 | AI7: =IF(AG7 <> 0,AH7/AG7,"") | AJ7: =AJ6 -> 0 | AK7: =COUNTIFS('C+8 Data'!$AB:$AB,AJ$1,'C+8 Data'!$I:$I,"Unsatisfactory (40%)") -> 0 | AL7: =IF(AJ7 <> 0,AK7/AJ7,"") | AM7: =AM6 -> 0 | AN7: =COUNTIFS('C+8 Data'!$AB:$AB,AM$1,'C+8 Data'!$I:$I,"Unsatisfactory (40%)") -> 0 | AO7: =IF(AM7 <> 0,AN7/AM7,"")
B8: e) Poor - 20% | C8: =C7 -> 1 | D8: =G8+J8+M8+P8+S8+V8+Y8+AB8+AE8+AH8+AK8+AN8 -> 0 | E8: =IF(C8 <> 0,D8/C8,"") -> 0 | F8: =F7 -> 0 | G8: =COUNTIFS('C+8 Data'!$AB:$AB,F$1,'C+8 Data'!$I:$I,"Very Unsatisfactory (20%)") -> 0 | H8: =IF(F8 <> 0,G8/F8,"") | I8: =I7 -> 1 | J8: =COUNTIFS('C+8 Data'!$AB:$AB,I$1,'C+8 Data'!$I:$I,"Very Unsatisfactory (20%)") -> 0 | K8: =IF(I8 <> 0,J8/I8,"") -> 0 | L8: =L7 -> 0 | M8: =COUNTIFS('C+8 Data'!$AB:$AB,L$1,'C+8 Data'!$I:$I,"Very Unsatisfactory (20%)") -> 0 | N8: =IF(L8 <> 0,M8/L8,"") | O8: =O7 -> 0 | P8: =COUNTIFS('C+8 Data'!$AB:$AB,O$1,'C+8 Data'!$I:$I,"Very Unsatisfactory (20%)") -> 0 | Q8: =IF(O8 <> 0,P8/O8,"") | R8: =R7 -> 0 | S8: =COUNTIFS('C+8 Data'!$AB:$AB,R$1,'C+8 Data'!$I:$I,"Very Unsatisfactory (20%)") -> 0 | T8: =IF(R8 <> 0,S8/R8,"") | U8: =U7 -> 0 | V8: =COUNTIFS('C+8 Data'!$AB:$AB,U$1,'C+8 Data'!$I:$I,"Very Unsatisfactory (20%)") -> 0 | W8: =IF(U8 <> 0,V8/U8,"") | X8: =X7 -> 0 | Y8: =COUNTIFS('C+8 Data'!$AB:$AB,X$1,'C+8 Data'!$I:$I,"Very Unsatisfactory (20%)") -> 0 | Z8: =IF(X8 <> 0,Y8/X8,"") | AA8: =AA7 -> 0 | AB8: =COUNTIFS('C+8 Data'!$AB:$AB,AA$1,'C+8 Data'!$I:$I,"Very Unsatisfactory (20%)") -> 0 | AC8: =IF(AA8 <> 0,AB8/AA8,"") | AD8: =AD7 -> 0 | AE8: =COUNTIFS('C+8 Data'!$AB:$AB,AD$1,'C+8 Data'!$I:$I,"Very Unsatisfactory (20%)") -> 0 | AF8: =IF(AD8 <> 0,AE8/AD8,"") | AG8: =AG7 -> 0 | AH8: =COUNTIFS('C+8 Data'!$AB:$AB,AG$1,'C+8 Data'!$I:$I,"Very Unsatisfactory (20%)") -> 0 | AI8: =IF(AG8 <> 0,AH8/AG8,"") | AJ8: =AJ7 -> 0 | AK8: =COUNTIFS('C+8 Data'!$AB:$AB,AJ$1,'C+8 Data'!$I:$I,"Very Unsatisfactory (20%)") -> 0 | AL8: =IF(AJ8 <> 0,AK8/AJ8,"") | AM8: =AM7 -> 0 | AN8: =COUNTIFS('C+8 Data'!$AB:$AB,AM$1,'C+8 Data'!$I:$I,"Very Unsatisfactory (20%)") -> 0 | AO8: =IF(AM8 <> 0,AN8/AM8,"")
A9: 2 | B9: Overall services provided by the AyurVAID Reception team
B10: a) Excellent - 100% | C10: =COUNTIF('C+8 Data'!$I:$I,"<>" & "")-1 -> 1 | D10: =G10+J10+M10+P10+S10+V10+Y10+AB10+AE10+AH10+AK10+AN10 -> 1 | E10: =IF(C10 <> 0,D10/C10,"") -> 1 | F10: =COUNTIFS('C+8 Data'!$AB:$AB,F$1,'C+8 Data'!$J:$J,"<>" & "") -> 0 | G10: =COUNTIFS('C+8 Data'!$AB:$AB,F$1,'C+8 Data'!$J:$J,"Very satisfactory (100%)") -> 0 | H10: =IF(F10 <> 0,G10/F10,"") | I10: =COUNTIFS('C+8 Data'!$AB:$AB,I$1,'C+8 Data'!$J:$J,"<>" & "") -> 1 | J10: =COUNTIFS('C+8 Data'!$AB:$AB,I$1,'C+8 Data'!$J:$J,"Very satisfactory (100%)") -> 1 | K10: =IF(I10 <> 0,J10/I10,"") -> 1 | L10: =COUNTIFS('C+8 Data'!$AB:$AB,L$1,'C+8 Data'!$J:$J,"<>" & "") -> 0 | M10: =COUNTIFS('C+8 Data'!$AB:$AB,L$1,'C+8 Data'!$J:$J,"Very satisfactory (100%)") -> 0 | N10: =IF(L10 <> 0,M10/L10,"") | O10: =COUNTIFS('C+8 Data'!$AB:$AB,O$1,'C+8 Data'!$J:$J,"<>" & "") -> 0 | P10: =COUNTIFS('C+8 Data'!$AB:$AB,O$1,'C+8 Data'!$J:$J,"Very satisfactory (100%)") -> 0 | Q10: =IF(O10 <> 0,P10/O10,"") | R10: =COUNTIFS('C+8 Data'!$AB:$AB,R$1,'C+8 Data'!$J:$J,"<>" & "") -> 0 | S10: =COUNTIFS('C+8 Data'!$AB:$AB,R$1,'C+8 Data'!$J:$J,"Very satisfactory (100%)") -> 0 | T10: =IF(R10 <> 0,S10/R10,"") | U10: =COUNTIFS('C+8 Data'!$AB:$AB,U$1,'C+8 Data'!$J:$J,"<>" & "") -> 0 | V10: =COUNTIFS('C+8 Data'!$AB:$AB,U$1,'C+8 Data'!$J:$J,"Very satisfactory (100%)") -> 0 | W10: =IF(U10 <> 0,V10/U10,"") | X10: =COUNTIFS('C+8 Data'!$AB:$AB,X$1,'C+8 Data'!$J:$J,"<>" & "") -> 0 | Y10: =COUNTIFS('C+8 Data'!$AB:$AB,X$1,'C+8 Data'!$J:$J,"Very satisfactory (100%)") -> 0 | Z10: =IF(X10 <> 0,Y10/X10,"") | AA10: =COUNTIFS('C+8 Data'!$AB:$AB,AA$1,'C+8 Data'!$J:$J,"<>" & "") -> 0 | AB10: =COUNTIFS('C+8 Data'!$AB:$AB,AA$1,'C+8 Data'!$J:$J,"Very satisfactory (100%)") -> 0 | AC10: =IF(AA10 <> 0,AB10/AA10,"") | AD10: =COUNTIFS('C+8 Data'!$AB:$AB,AD$1,'C+8 Data'!$J:$J,"<>" & "") -> 0 | AE10: =COUNTIFS('C+8 Data'!$AB:$AB,AD$1,'C+8 Data'!$J:$J,"Very satisfactory (100%)") -> 0 | AF10: =IF(AD10 <> 0,AE10/AD10,"") | AG10: =COUNTIFS('C+8 Data'!$AB:$AB,AG$1,'C+8 Data'!$J:$J,"<>" & "") -> 0 | AH10: =COUNTIFS('C+8 Data'!$AB:$AB,AG$1,'C+8 Data'!$J:$J,"Very satisfactory (100%)") -> 0 | AI10: =IF(AG10 <> 0,AH10/AG10,"") | AJ10: =COUNTIFS('C+8 Data'!$AB:$AB,AJ$1,'C+8 Data'!$J:$J,"<>" & "") -> 0 | AK10: =COUNTIFS('C+8 Data'!$AB:$AB,AJ$1,'C+8 Data'!$J:$J,"Very satisfactory (100%)") -> 0 | AL10: =IF(AJ10 <> 0,AK10/AJ10,"") | AM10: =COUNTIFS('C+8 Data'!$AB:$AB,AM$1,'C+8 Data'!$J:$J,"<>" & "") -> 0 | AN10: =COUNTIFS('C+8 Data'!$AB:$AB,AM$1,'C+8 Data'!$J:$J,"Very satisfactory (100%)") -> 0 | AO10: =IF(AM10 <> 0,AN10/AM10,"")
B11: b) V.Good - 80% | C11: =C10 -> 1 | D11: =G11+J11+M11+P11+S11+V11+Y11+AB11+AE11+AH11+AK11+AN11 -> 0 | E11: =IF(C11 <> 0,D11/C11,"") -> 0 | F11: =F10 -> 0 | G11: =COUNTIFS('C+8 Data'!$AB:$AB,F$1,'C+8 Data'!$J:$J,"Satisfactory (80%)") -> 0 | H11: =IF(F11 <> 0,G11/F11,"") | I11: =I10 -> 1 | J11: =COUNTIFS('C+8 Data'!$AB:$AB,I$1,'C+8 Data'!$J:$J,"Satisfactory (80%)") -> 0 | K11: =IF(I11 <> 0,J11/I11,"") -> 0 | L11: =L10 -> 0 | M11: =COUNTIFS('C+8 Data'!$AB:$AB,L$1,'C+8 Data'!$J:$J,"Satisfactory (80%)") -> 0 | N11: =IF(L11 <> 0,M11/L11,"") | O11: =O10 -> 0 | P11: =COUNTIFS('C+8 Data'!$AB:$AB,O$1,'C+8 Data'!$J:$J,"Satisfactory (80%)") -> 0 | Q11: =IF(O11 <> 0,P11/O11,"") | R11: =R10 -> 0 | S11: =COUNTIFS('C+8 Data'!$AB:$AB,R$1,'C+8 Data'!$J:$J,"Satisfactory (80%)") -> 0 | T11: =IF(R11 <> 0,S11/R11,"") | U11: =U10 -> 0 | V11: =COUNTIFS('C+8 Data'!$AB:$AB,U$1,'C+8 Data'!$J:$J,"Satisfactory (80%)") -> 0 | W11: =IF(U11 <> 0,V11/U11,"") | X11: =X10 -> 0 | Y11: =COUNTIFS('C+8 Data'!$AB:$AB,X$1,'C+8 Data'!$J:$J,"Satisfactory (80%)") -> 0 | Z11: =IF(X11 <> 0,Y11/X11,"") | AA11: =AA10 -> 0 | AB11: =COUNTIFS('C+8 Data'!$AB:$AB,AA$1,'C+8 Data'!$J:$J,"Satisfactory (80%)") -> 0 | AC11: =IF(AA11 <> 0,AB11/AA11,"") | AD11: =AD10 -> 0 | AE11: =COUNTIFS('C+8 Data'!$AB:$AB,AD$1,'C+8 Data'!$J:$J,"Satisfactory (80%)") -> 0 | AF11: =IF(AD11 <> 0,AE11/AD11,"") | AG11: =AG10 -> 0 | AH11: =COUNTIFS('C+8 Data'!$AB:$AB,AG$1,'C+8 Data'!$J:$J,"Satisfactory (80%)") -> 0 | AI11: =IF(AG11 <> 0,AH11/AG11,"") | AJ11: =AJ10 -> 0 | AK11: =COUNTIFS('C+8 Data'!$AB:$AB,AJ$1,'C+8 Data'!$J:$J,"Satisfactory (80%)") -> 0 | AL11: =IF(AJ11 <> 0,AK11/AJ11,"") | AM11: =AM10 -> 0 | AN11: =COUNTIFS('C+8 Data'!$AB:$AB,AM$1,'C+8 Data'!$J:$J,"Satisfactory (80%)") -> 0 | AO11: =IF(AM11 <> 0,AN11/AM11,"")
B12: C) Good - 60% | C12: =C11 -> 1 | D12: =G12+J12+M12+P12+S12+V12+Y12+AB12+AE12+AH12+AK12+AN12 -> 0 | E12: =IF(C12 <> 0,D12/C12,"") -> 0 | F12: =F11 -> 0 | G12: =COUNTIFS('C+8 Data'!$AB:$AB,F$1,'C+8 Data'!$J:$J,"Average (60%)") -> 0 | H12: =IF(F12 <> 0,G12/F12,"") | I12: =I11 -> 1 | J12: =COUNTIFS('C+8 Data'!$AB:$AB,I$1,'C+8 Data'!$J:$J,"Average (60%)") -> 0 | K12: =IF(I12 <> 0,J12/I12,"") -> 0 | L12: =L11 -> 0 | M12: =COUNTIFS('C+8 Data'!$AB:$AB,L$1,'C+8 Data'!$J:$J,"Average (60%)") -> 0 | N12: =IF(L12 <> 0,M12/L12,"") | O12: =O11 -> 0 | P12: =COUNTIFS('C+8 Data'!$AB:$AB,O$1,'C+8 Data'!$J:$J,"Average (60%)") -> 0 | Q12: =IF(O12 <> 0,P12/O12,"") | R12: =R11 -> 0 | S12: =COUNTIFS('C+8 Data'!$AB:$AB,R$1,'C+8 Data'!$J:$J,"Average (60%)") -> 0 | T12: =IF(R12 <> 0,S12/R12,"") | U12: =U11 -> 0 | V12: =COUNTIFS('C+8 Data'!$AB:$AB,U$1,'C+8 Data'!$J:$J,"Average (60%)") -> 0 | W12: =IF(U12 <> 0,V12/U12,"") | X12: =X11 -> 0 | Y12: =COUNTIFS('C+8 Data'!$AB:$AB,X$1,'C+8 Data'!$J:$J,"Average (60%)") -> 0 | Z12: =IF(X12 <> 0,Y12/X12,"") | AA12: =AA11 -> 0 | AB12: =COUNTIFS('C+8 Data'!$AB:$AB,AA$1,'C+8 Data'!$J:$J,"Average (60%)") -> 0 | AC12: =IF(AA12 <> 0,AB12/AA12,"") | AD12: =AD11 -> 0 | AE12: =COUNTIFS('C+8 Data'!$AB:$AB,AD$1,'C+8 Data'!$J:$J,"Average (60%)") -> 0 | AF12: =IF(AD12 <> 0,AE12/AD12,"") | AG12: =AG11 -> 0 | AH12: =COUNTIFS('C+8 Data'!$AB:$AB,AG$1,'C+8 Data'!$J:$J,"Average (60%)") -> 0 | AI12: =IF(AG12 <> 0,AH12/AG12,"") | AJ12: =AJ11 -> 0 | AK12: =COUNTIFS('C+8 Data'!$AB:$AB,AJ$1,'C+8 Data'!$J:$J,"Average (60%)") -> 0 | AL12: =IF(AJ12 <> 0,AK12/AJ12,"") | AM12: =AM11 -> 0 | AN12: =COUNTIFS('C+8 Data'!$AB:$AB,AM$1,'C+8 Data'!$J:$J,"Average (60%)") -> 0 | AO12: =IF(AM12 <> 0,AN12/AM12,"")
B13: d) Fair - 40% | C13: =C12 -> 1 | D13: =G13+J13+M13+P13+S13+V13+Y13+AB13+AE13+AH13+AK13+AN13 -> 0 | E13: =IF(C13 <> 0,D13/C13,"") -> 0 | F13: =F12 -> 0 | G13: =COUNTIFS('C+8 Data'!$AB:$AB,F$1,'C+8 Data'!$J:$J,"Unsatisfactory (40%)") -> 0 | H13: =IF(F13 <> 0,G13/F13,"") | I13: =I12 -> 1 | J13: =COUNTIFS('C+8 Data'!$AB:$AB,I$1,'C+8 Data'!$J:$J,"Unsatisfactory (40%)") -> 0 | K13: =IF(I13 <> 0,J13/I13,"") -> 0 | L13: =L12 -> 0 | M13: =COUNTIFS('C+8 Data'!$AB:$AB,L$1,'C+8 Data'!$J:$J,"Unsatisfactory (40%)") -> 0 | N13: =IF(L13 <> 0,M13/L13,"") | O13: =O12 -> 0 | P13: =COUNTIFS('C+8 Data'!$AB:$AB,O$1,'C+8 Data'!$J:$J,"Unsatisfactory (40%)") -> 0 | Q13: =IF(O13 <> 0,P13/O13,"") | R13: =R12 -> 0 | S13: =COUNTIFS('C+8 Data'!$AB:$AB,R$1,'C+8 Data'!$J:$J,"Unsatisfactory (40%)") -> 0 | T13: =IF(R13 <> 0,S13/R13,"") | U13: =U12 -> 0 | V13: =COUNTIFS('C+8 Data'!$AB:$AB,U$1,'C+8 Data'!$J:$J,"Unsatisfactory (40%)") -> 0 | W13: =IF(U13 <> 0,V13/U13,"") | X13: =X12 -> 0 | Y13: =COUNTIFS('C+8 Data'!$AB:$AB,X$1,'C+8 Data'!$J:$J,"Unsatisfactory (40%)") -> 0 | Z13: =IF(X13 <> 0,Y13/X13,"") | AA13: =AA12 -> 0 | AB13: =COUNTIFS('C+8 Data'!$AB:$AB,AA$1,'C+8 Data'!$J:$J,"Unsatisfactory (40%)") -> 0 | AC13: =IF(AA13 <> 0,AB13/AA13,"") | AD13: =AD12 -> 0 | AE13: =COUNTIFS('C+8 Data'!$AB:$AB,AD$1,'C+8 Data'!$J:$J,"Unsatisfactory (40%)") -> 0 | AF13: =IF(AD13 <> 0,AE13/AD13,"") | AG13: =AG12 -> 0 | AH13: =COUNTIFS('C+8 Data'!$AB:$AB,AG$1,'C+8 Data'!$J:$J,"Unsatisfactory (40%)") -> 0 | AI13: =IF(AG13 <> 0,AH13/AG13,"") | AJ13: =AJ12 -> 0 | AK13: =COUNTIFS('C+8 Data'!$AB:$AB,AJ$1,'C+8 Data'!$J:$J,"Unsatisfactory (40%)") -> 0 | AL13: =IF(AJ13 <> 0,AK13/AJ13,"") | AM13: =AM12 -> 0 | AN13: =COUNTIFS('C+8 Data'!$AB:$AB,AM$1,'C+8 Data'!$J:$J,"Unsatisfactory (40%)") -> 0 | AO13: =IF(AM13 <> 0,AN13/AM13,"")
B14: e) Poor - 20% | C14: =C13 -> 1 | D14: =G14+J14+M14+P14+S14+V14+Y14+AB14+AE14+AH14+AK14+AN14 -> 0 | E14: =IF(C14 <> 0,D14/C14,"") -> 0 | F14: =F13 -> 0 | G14: =COUNTIFS('C+8 Data'!$AB:$AB,F$1,'C+8 Data'!$J:$J,"Very Unsatisfactory (20%)") -> 0 | H14: =IF(F14 <> 0,G14/F14,"") | I14: =I13 -> 1 | J14: =COUNTIFS('C+8 Data'!$AB:$AB,I$1,'C+8 Data'!$J:$J,"Very Unsatisfactory (20%)") -> 0 | K14: =IF(I14 <> 0,J14/I14,"") -> 0 | L14: =L13 -> 0 | M14: =COUNTIFS('C+8 Data'!$AB:$AB,L$1,'C+8 Data'!$J:$J,"Very Unsatisfactory (20%)") -> 0 | N14: =IF(L14 <> 0,M14/L14,"") | O14: =O13 -> 0 | P14: =COUNTIFS('C+8 Data'!$AB:$AB,O$1,'C+8 Data'!$J:$J,"Very Unsatisfactory (20%)") -> 0 | Q14: =IF(O14 <> 0,P14/O14,"") | R14: =R13 -> 0 | S14: =COUNTIFS('C+8 Data'!$AB:$AB,R$1,'C+8 Data'!$J:$J,"Very Unsatisfactory (20%)") -> 0 | T14: =IF(R14 <> 0,S14/R14,"") | U14: =U13 -> 0 | V14: =COUNTIFS('C+8 Data'!$AB:$AB,U$1,'C+8 Data'!$J:$J,"Very Unsatisfactory (20%)") -> 0 | W14: =IF(U14 <> 0,V14/U14,"") | X14: =X13 -> 0 | Y14: =COUNTIFS('C+8 Data'!$AB:$AB,X$1,'C+8 Data'!$J:$J,"Very Unsatisfactory (20%)") -> 0 | Z14: =IF(X14 <> 0,Y14/X14,"") | AA14: =AA13 -> 0 | AB14: =COUNTIFS('C+8 Data'!$AB:$AB,AA$1,'C+8 Data'!$J:$J,"Very Unsatisfactory (20%)") -> 0 | AC14: =IF(AA14 <> 0,AB14/AA14,"") | AD14: =AD13 -> 0 | AE14: =COUNTIFS('C+8 Data'!$AB:$AB,AD$1,'C+8 Data'!$J:$J,"Very Unsatisfactory (20%)") -> 0 | AF14: =IF(AD14 <> 0,AE14/AD14,"") | AG14: =AG13 -> 0 | AH14: =COUNTIFS('C+8 Data'!$AB:$AB,AG$1,'C+8 Data'!$J:$J,"Very Unsatisfactory (20%)") -> 0 | AI14: =IF(AG14 <> 0,AH14/AG14,"") | AJ14: =AJ13 -> 0 | AK14: =COUNTIFS('C+8 Data'!$AB:$AB,AJ$1,'C+8 Data'!$J:$J,"Very Unsatisfactory (20%)") -> 0 | AL14: =IF(AJ14 <> 0,AK14/AJ14,"") | AM14: =AM13 -> 0 | AN14: =COUNTIFS('C+8 Data'!$AB:$AB,AM$1,'C+8 Data'!$J:$J,"Very Unsatisfactory (20%)") -> 0 | AO14: =IF(AM14 <> 0,AN14/AM14,"")
A15: 3 | B15: Overall services provided by the Pharmacy and Billing team
B16: a) Excellent - 100% | C16: =COUNTIF('C+8 Data'!$K:$K,"<>" & "")-1 -> 1 | D16: =G16+J16+M16+P16+S16+V16+Y16+AB16+AE16+AH16+AK16+AN16 -> 1 | E16: =IF(C16 <> 0,D16/C16,"") -> 1 | F16: =COUNTIFS('C+8 Data'!$AB:$AB,F$1,'C+8 Data'!$K:$K,"<>" & "") -> 0 | G16: =COUNTIFS('C+8 Data'!$AB:$AB,F$1,'C+8 Data'!$K:$K,"Very satisfactory (100%)") -> 0 | H16: =IF(F16 <> 0,G16/F16,"") | I16: =COUNTIFS('C+8 Data'!$AB:$AB,I$1,'C+8 Data'!$K:$K,"<>" & "") -> 1 | J16: =COUNTIFS('C+8 Data'!$AB:$AB,I$1,'C+8 Data'!$K:$K,"Very satisfactory (100%)") -> 1 | K16: =IF(I16 <> 0,J16/I16,"") -> 1 | L16: =COUNTIFS('C+8 Data'!$AB:$AB,L$1,'C+8 Data'!$K:$K,"<>" & "") -> 0 | M16: =COUNTIFS('C+8 Data'!$AB:$AB,L$1,'C+8 Data'!$K:$K,"Very satisfactory (100%)") -> 0 | N16: =IF(L16 <> 0,M16/L16,"") | O16: =COUNTIFS('C+8 Data'!$AB:$AB,O$1,'C+8 Data'!$K:$K,"<>" & "") -> 0 | P16: =COUNTIFS('C+8 Data'!$AB:$AB,O$1,'C+8 Data'!$K:$K,"Very satisfactory (100%)") -> 0 | Q16: =IF(O16 <> 0,P16/O16,"") | R16: =COUNTIFS('C+8 Data'!$AB:$AB,R$1,'C+8 Data'!$K:$K,"<>" & "") -> 0 | S16: =COUNTIFS('C+8 Data'!$AB:$AB,R$1,'C+8 Data'!$K:$K,"Very satisfactory (100%)") -> 0 | T16: =IF(R16 <> 0,S16/R16,"") | U16: =COUNTIFS('C+8 Data'!$AB:$AB,U$1,'C+8 Data'!$K:$K,"<>" & "") -> 0 | V16: =COUNTIFS('C+8 Data'!$AB:$AB,U$1,'C+8 Data'!$K:$K,"Very satisfactory (100%)") -> 0 | W16: =IF(U16 <> 0,V16/U16,"") | X16: =COUNTIFS('C+8 Data'!$AB:$AB,X$1,'C+8 Data'!$K:$K,"<>" & "") -> 0 | Y16: =COUNTIFS('C+8 Data'!$AB:$AB,X$1,'C+8 Data'!$K:$K,"Very satisfactory (100%)") -> 0 | Z16: =IF(X16 <> 0,Y16/X16,"") | AA16: =COUNTIFS('C+8 Data'!$AB:$AB,AA$1,'C+8 Data'!$K:$K,"<>" & "") -> 0 | AB16: =COUNTIFS('C+8 Data'!$AB:$AB,AA$1,'C+8 Data'!$K:$K,"Very satisfactory (100%)") -> 0 | AC16: =IF(AA16 <> 0,AB16/AA16,"") | AD16: =COUNTIFS('C+8 Data'!$AB:$AB,AD$1,'C+8 Data'!$K:$K,"<>" & "") -> 0 | AE16: =COUNTIFS('C+8 Data'!$AB:$AB,AD$1,'C+8 Data'!$K:$K,"Very satisfactory (100%)") -> 0 | AF16: =IF(AD16 <> 0,AE16/AD16,"") | AG16: =COUNTIFS('C+8 Data'!$AB:$AB,AG$1,'C+8 Data'!$K:$K,"<>" & "") -> 0 | AH16: =COUNTIFS('C+8 Data'!$AB:$AB,AG$1,'C+8 Data'!$K:$K,"Very satisfactory (100%)") -> 0 | AI16: =IF(AG16 <> 0,AH16/AG16,"") | AJ16: =COUNTIFS('C+8 Data'!$AB:$AB,AJ$1,'C+8 Data'!$K:$K,"<>" & "") -> 0 | AK16: =COUNTIFS('C+8 Data'!$AB:$AB,AJ$1,'C+8 Data'!$K:$K,"Very satisfactory (100%)") -> 0 | AL16: =IF(AJ16 <> 0,AK16/AJ16,"") | AM16: =COUNTIFS('C+8 Data'!$AB:$AB,AM$1,'C+8 Data'!$K:$K,"<>" & "") -> 0 | AN16: =COUNTIFS('C+8 Data'!$AB:$AB,AM$1,'C+8 Data'!$K:$K,"Very satisfactory (100%)") -> 0 | AO16: =IF(AM16 <> 0,AN16/AM16,"")
B17: b) V.Good - 80% | C17: =C16 -> 1 | D17: =G17+J17+M17+P17+S17+V17+Y17+AB17+AE17+AH17+AK17+AN17 -> 0 | E17: =IF(C17 <> 0,D17/C17,"") -> 0 | F17: =F16 -> 0 | G17: =COUNTIFS('C+8 Data'!$AB:$AB,F$1,'C+8 Data'!$K:$K,"Satisfactory (80%)") -> 0 | H17: =IF(F17 <> 0,G17/F17,"") | I17: =I16 -> 1 | J17: =COUNTIFS('C+8 Data'!$AB:$AB,I$1,'C+8 Data'!$K:$K,"Satisfactory (80%)") -> 0 | K17: =IF(I17 <> 0,J17/I17,"") -> 0 | L17: =L16 -> 0 | M17: =COUNTIFS('C+8 Data'!$AB:$AB,L$1,'C+8 Data'!$K:$K,"Satisfactory (80%)") -> 0 | N17: =IF(L17 <> 0,M17/L17,"") | O17: =O16 -> 0 | P17: =COUNTIFS('C+8 Data'!$AB:$AB,O$1,'C+8 Data'!$K:$K,"Satisfactory (80%)") -> 0 | Q17: =IF(O17 <> 0,P17/O17,"") | R17: =R16 -> 0 | S17: =COUNTIFS('C+8 Data'!$AB:$AB,R$1,'C+8 Data'!$K:$K,"Satisfactory (80%)") -> 0 | T17: =IF(R17 <> 0,S17/R17,"") | U17: =U16 -> 0 | V17: =COUNTIFS('C+8 Data'!$AB:$AB,U$1,'C+8 Data'!$K:$K,"Satisfactory (80%)") -> 0 | W17: =IF(U17 <> 0,V17/U17,"") | X17: =X16 -> 0 | Y17: =COUNTIFS('C+8 Data'!$AB:$AB,X$1,'C+8 Data'!$K:$K,"Satisfactory (80%)") -> 0 | Z17: =IF(X17 <> 0,Y17/X17,"") | AA17: =AA16 -> 0 | AB17: =COUNTIFS('C+8 Data'!$AB:$AB,AA$1,'C+8 Data'!$K:$K,"Satisfactory (80%)") -> 0 | AC17: =IF(AA17 <> 0,AB17/AA17,"") | AD17: =AD16 -> 0 | AE17: =COUNTIFS('C+8 Data'!$AB:$AB,AD$1,'C+8 Data'!$K:$K,"Satisfactory (80%)") -> 0 | AF17: =IF(AD17 <> 0,AE17/AD17,"") | AG17: =AG16 -> 0 | AH17: =COUNTIFS('C+8 Data'!$AB:$AB,AG$1,'C+8 Data'!$K:$K,"Satisfactory (80%)") -> 0 | AI17: =IF(AG17 <> 0,AH17/AG17,"") | AJ17: =AJ16 -> 0 | AK17: =COUNTIFS('C+8 Data'!$AB:$AB,AJ$1,'C+8 Data'!$K:$K,"Satisfactory (80%)") -> 0 | AL17: =IF(AJ17 <> 0,AK17/AJ17,"") | AM17: =AM16 -> 0 | AN17: =COUNTIFS('C+8 Data'!$AB:$AB,AM$1,'C+8 Data'!$K:$K,"Satisfactory (80%)") -> 0 | AO17: =IF(AM17 <> 0,AN17/AM17,"")
B18: C) Good - 60% | C18: =C17 -> 1 | D18: =G18+J18+M18+P18+S18+V18+Y18+AB18+AE18+AH18+AK18+AN18 -> 0 | E18: =IF(C18 <> 0,D18/C18,"") -> 0 | F18: =F17 -> 0 | G18: =COUNTIFS('C+8 Data'!$AB:$AB,F$1,'C+8 Data'!$K:$K,"Average (60%)") -> 0 | H18: =IF(F18 <> 0,G18/F18,"") | I18: =I17 -> 1 | J18: =COUNTIFS('C+8 Data'!$AB:$AB,I$1,'C+8 Data'!$K:$K,"Average (60%)") -> 0 | K18: =IF(I18 <> 0,J18/I18,"") -> 0 | L18: =L17 -> 0 | M18: =COUNTIFS('C+8 Data'!$AB:$AB,L$1,'C+8 Data'!$K:$K,"Average (60%)") -> 0 | N18: =IF(L18 <> 0,M18/L18,"") | O18: =O17 -> 0 | P18: =COUNTIFS('C+8 Data'!$AB:$AB,O$1,'C+8 Data'!$K:$K,"Average (60%)") -> 0 | Q18: =IF(O18 <> 0,P18/O18,"") | R18: =R17 -> 0 | S18: =COUNTIFS('C+8 Data'!$AB:$AB,R$1,'C+8 Data'!$K:$K,"Average (60%)") -> 0 | T18: =IF(R18 <> 0,S18/R18,"") | U18: =U17 -> 0 | V18: =COUNTIFS('C+8 Data'!$AB:$AB,U$1,'C+8 Data'!$K:$K,"Average (60%)") -> 0 | W18: =IF(U18 <> 0,V18/U18,"") | X18: =X17 -> 0 | Y18: =COUNTIFS('C+8 Data'!$AB:$AB,X$1,'C+8 Data'!$K:$K,"Average (60%)") -> 0 | Z18: =IF(X18 <> 0,Y18/X18,"") | AA18: =AA17 -> 0 | AB18: =COUNTIFS('C+8 Data'!$AB:$AB,AA$1,'C+8 Data'!$K:$K,"Average (60%)") -> 0 | AC18: =IF(AA18 <> 0,AB18/AA18,"") | AD18: =AD17 -> 0 | AE18: =COUNTIFS('C+8 Data'!$AB:$AB,AD$1,'C+8 Data'!$K:$K,"Average (60%)") -> 0 | AF18: =IF(AD18 <> 0,AE18/AD18,"") | AG18: =AG17 -> 0 | AH18: =COUNTIFS('C+8 Data'!$AB:$AB,AG$1,'C+8 Data'!$K:$K,"Average (60%)") -> 0 | AI18: =IF(AG18 <> 0,AH18/AG18,"") | AJ18: =AJ17 -> 0 | AK18: =COUNTIFS('C+8 Data'!$AB:$AB,AJ$1,'C+8 Data'!$K:$K,"Average (60%)") -> 0 | AL18: =IF(AJ18 <> 0,AK18/AJ18,"") | AM18: =AM17 -> 0 | AN18: =COUNTIFS('C+8 Data'!$AB:$AB,AM$1,'C+8 Data'!$K:$K,"Average (60%)") -> 0 | AO18: =IF(AM18 <> 0,AN18/AM18,"")
B19: d) Fair - 40% | C19: =C18 -> 1 | D19: =G19+J19+M19+P19+S19+V19+Y19+AB19+AE19+AH19+AK19+AN19 -> 0 | E19: =IF(C19 <> 0,D19/C19,"") -> 0 | F19: =F18 -> 0 | G19: =COUNTIFS('C+8 Data'!$AB:$AB,F$1,'C+8 Data'!$K:$K,"Unsatisfactory (40%)") -> 0 | H19: =IF(F19 <> 0,G19/F19,"") | I19: =I18 -> 1 | J19: =COUNTIFS('C+8 Data'!$AB:$AB,I$1,'C+8 Data'!$K:$K,"Unsatisfactory (40%)") -> 0 | K19: =IF(I19 <> 0,J19/I19,"") -> 0 | L19: =L18 -> 0 | M19: =COUNTIFS('C+8 Data'!$AB:$AB,L$1,'C+8 Data'!$K:$K,"Unsatisfactory (40%)") -> 0 | N19: =IF(L19 <> 0,M19/L19,"") | O19: =O18 -> 0 | P19: =COUNTIFS('C+8 Data'!$AB:$AB,O$1,'C+8 Data'!$K:$K,"Unsatisfactory (40%)") -> 0 | Q19: =IF(O19 <> 0,P19/O19,"") | R19: =R18 -> 0 | S19: =COUNTIFS('C+8 Data'!$AB:$AB,R$1,'C+8 Data'!$K:$K,"Unsatisfactory (40%)") -> 0 | T19: =IF(R19 <> 0,S19/R19,"") | U19: =U18 -> 0 | V19: =COUNTIFS('C+8 Data'!$AB:$AB,U$1,'C+8 Data'!$K:$K,"Unsatisfactory (40%)") -> 0 | W19: =IF(U19 <> 0,V19/U19,"") | X19: =X18 -> 0 | Y19: =COUNTIFS('C+8 Data'!$AB:$AB,X$1,'C+8 Data'!$K:$K,"Unsatisfactory (40%)") -> 0 | Z19: =IF(X19 <> 0,Y19/X19,"") | AA19: =AA18 -> 0 | AB19: =COUNTIFS('C+8 Data'!$AB:$AB,AA$1,'C+8 Data'!$K:$K,"Unsatisfactory (40%)") -> 0 | AC19: =IF(AA19 <> 0,AB19/AA19,"") | AD19: =AD18 -> 0 | AE19: =COUNTIFS('C+8 Data'!$AB:$AB,AD$1,'C+8 Data'!$K:$K,"Unsatisfactory (40%)") -> 0 | AF19: =IF(AD19 <> 0,AE19/AD19,"") | AG19: =AG18 -> 0 | AH19: =COUNTIFS('C+8 Data'!$AB:$AB,AG$1,'C+8 Data'!$K:$K,"Unsatisfactory (40%)") -> 0 | AI19: =IF(AG19 <> 0,AH19/AG19,"") | AJ19: =AJ18 -> 0 | AK19: =COUNTIFS('C+8 Data'!$AB:$AB,AJ$1,'C+8 Data'!$K:$K,"Unsatisfactory (40%)") -> 0 | AL19: =IF(AJ19 <> 0,AK19/AJ19,"") | AM19: =AM18 -> 0 | AN19: =COUNTIFS('C+8 Data'!$AB:$AB,AM$1,'C+8 Data'!$K:$K,"Unsatisfactory (40%)") -> 0 | AO19: =IF(AM19 <> 0,AN19/AM19,"")
B20: e) Poor - 20% | C20: =C19 -> 1 | D20: =G20+J20+M20+P20+S20+V20+Y20+AB20+AE20+AH20+AK20+AN20 -> 0 | E20: =IF(C20 <> 0,D20/C20,"") -> 0 | F20: =F19 -> 0 | G20: =COUNTIFS('C+8 Data'!$AB:$AB,F$1,'C+8 Data'!$K:$K,"Very Unsatisfactory (20%)") -> 0 | H20: =IF(F20 <> 0,G20/F20,"") | I20: =I19 -> 1 | J20: =COUNTIFS('C+8 Data'!$AB:$AB,I$1,'C+8 Data'!$K:$K,"Very Unsatisfactory (20%)") -> 0 | K20: =IF(I20 <> 0,J20/I20,"") -> 0 | L20: =L19 -> 0 | M20: =COUNTIFS('C+8 Data'!$AB:$AB,L$1,'C+8 Data'!$K:$K,"Very Unsatisfactory (20%)") -> 0 | N20: =IF(L20 <> 0,M20/L20,"") | O20: =O19 -> 0 | P20: =COUNTIFS('C+8 Data'!$AB:$AB,O$1,'C+8 Data'!$K:$K,"Very Unsatisfactory (20%)") -> 0 | Q20: =IF(O20 <> 0,P20/O20,"") | R20: =R19 -> 0 | S20: =COUNTIFS('C+8 Data'!$AB:$AB,R$1,'C+8 Data'!$K:$K,"Very Unsatisfactory (20%)") -> 0 | T20: =IF(R20 <> 0,S20/R20,"") | U20: =U19 -> 0 | V20: =COUNTIFS('C+8 Data'!$AB:$AB,U$1,'C+8 Data'!$K:$K,"Very Unsatisfactory (20%)") -> 0 | W20: =IF(U20 <> 0,V20/U20,"") | X20: =X19 -> 0 | Y20: =COUNTIFS('C+8 Data'!$AB:$AB,X$1,'C+8 Data'!$K:$K,"Very Unsatisfactory (20%)") -> 0 | Z20: =IF(X20 <> 0,Y20/X20,"") | AA20: =AA19 -> 0 | AB20: =COUNTIFS('C+8 Data'!$AB:$AB,AA$1,'C+8 Data'!$K:$K,"Very Unsatisfactory (20%)") -> 0 | AC20: =IF(AA20 <> 0,AB20/AA20,"") | AD20: =AD19 -> 0 | AE20: =COUNTIFS('C+8 Data'!$AB:$AB,AD$1,'C+8 Data'!$K:$K,"Very Unsatisfactory (20%)") -> 0 | AF20: =IF(AD20 <> 0,AE20/AD20,"") | AG20: =AG19 -> 0 | AH20: =COUNTIFS('C+8 Data'!$AB:$AB,AG$1,'C+8 Data'!$K:$K,"Very Unsatisfactory (20%)") -> 0 | AI20: =IF(AG20 <> 0,AH20/AG20,"") | AJ20: =AJ19 -> 0 | AK20: =COUNTIFS('C+8 Data'!$AB:$AB,AJ$1,'C+8 Data'!$K:$K,"Very Unsatisfactory (20%)") -> 0 | AL20: =IF(AJ20 <> 0,AK20/AJ20,"") | AM20: =AM19 -> 0 | AN20: =COUNTIFS('C+8 Data'!$AB:$AB,AM$1,'C+8 Data'!$K:$K,"Very Unsatisfactory (20%)") -> 0 | AO20: =IF(AM20 <> 0,AN20/AM20,"")
A21: 4 | B21: The interval of time before the doctor could be met
B22: a) Excellent - 100% | C22: =COUNTIF('C+8 Data'!$L:$L,"<>" & "")-1 -> 1 | D22: =G22+J22+M22+P22+S22+V22+Y22+AB22+AE22+AH22+AK22+AN22 -> 1 | E22: =IF(C22 <> 0,D22/C22,"") -> 1 | F22: =COUNTIFS('C+8 Data'!$AB:$AB,F$1,'C+8 Data'!$L:$L,"<>" & "") -> 0 | G22: =COUNTIFS('C+8 Data'!$AB:$AB,F$1,'C+8 Data'!$L:$L,"Very satisfactory (100%)") -> 0 | H22: =IF(F22 <> 0,G22/F22,"") | I22: =COUNTIFS('C+8 Data'!$AB:$AB,I$1,'C+8 Data'!$L:$L,"<>" & "") -> 1 | J22: =COUNTIFS('C+8 Data'!$AB:$AB,I$1,'C+8 Data'!$L:$L,"Very satisfactory (100%)") -> 1 | K22: =IF(I22 <> 0,J22/I22,"") -> 1 | L22: =COUNTIFS('C+8 Data'!$AB:$AB,L$1,'C+8 Data'!$L:$L,"<>" & "") -> 0 | M22: =COUNTIFS('C+8 Data'!$AB:$AB,L$1,'C+8 Data'!$L:$L,"Very satisfactory (100%)") -> 0 | N22: =IF(L22 <> 0,M22/L22,"") | O22: =COUNTIFS('C+8 Data'!$AB:$AB,O$1,'C+8 Data'!$L:$L,"<>" & "") -> 0 | P22: =COUNTIFS('C+8 Data'!$AB:$AB,O$1,'C+8 Data'!$L:$L,"Very satisfactory (100%)") -> 0 | Q22: =IF(O22 <> 0,P22/O22,"") | R22: =COUNTIFS('C+8 Data'!$AB:$AB,R$1,'C+8 Data'!$L:$L,"<>" & "") -> 0 | S22: =COUNTIFS('C+8 Data'!$AB:$AB,R$1,'C+8 Data'!$L:$L,"Very satisfactory (100%)") -> 0 | T22: =IF(R22 <> 0,S22/R22,"") | U22: =COUNTIFS('C+8 Data'!$AB:$AB,U$1,'C+8 Data'!$L:$L,"<>" & "") -> 0 | V22: =COUNTIFS('C+8 Data'!$AB:$AB,U$1,'C+8 Data'!$L:$L,"Very satisfactory (100%)") -> 0 | W22: =IF(U22 <> 0,V22/U22,"") | X22: =COUNTIFS('C+8 Data'!$AB:$AB,X$1,'C+8 Data'!$L:$L,"<>" & "") -> 0 | Y22: =COUNTIFS('C+8 Data'!$AB:$AB,X$1,'C+8 Data'!$L:$L,"Very satisfactory (100%)") -> 0 | Z22: =IF(X22 <> 0,Y22/X22,"") | AA22: =COUNTIFS('C+8 Data'!$AB:$AB,AA$1,'C+8 Data'!$L:$L,"<>" & "") -> 0 | AB22: =COUNTIFS('C+8 Data'!$AB:$AB,AA$1,'C+8 Data'!$L:$L,"Very satisfactory (100%)") -> 0 | AC22: =IF(AA22 <> 0,AB22/AA22,"") | AD22: =COUNTIFS('C+8 Data'!$AB:$AB,AD$1,'C+8 Data'!$L:$L,"<>" & "") -> 0 | AE22: =COUNTIFS('C+8 Data'!$AB:$AB,AD$1,'C+8 Data'!$L:$L,"Very satisfactory (100%)") -> 0 | AF22: =IF(AD22 <> 0,AE22/AD22,"") | AG22: =COUNTIFS('C+8 Data'!$AB:$AB,AG$1,'C+8 Data'!$L:$L,"<>" & "") -> 0 | AH22: =COUNTIFS('C+8 Data'!$AB:$AB,AG$1,'C+8 Data'!$L:$L,"Very satisfactory (100%)") -> 0 | AI22: =IF(AG22 <> 0,AH22/AG22,"") | AJ22: =COUNTIFS('C+8 Data'!$AB:$AB,AJ$1,'C+8 Data'!$L:$L,"<>" & "") -> 0 | AK22: =COUNTIFS('C+8 Data'!$AB:$AB,AJ$1,'C+8 Data'!$L:$L,"Very satisfactory (100%)") -> 0 | AL22: =IF(AJ22 <> 0,AK22/AJ22,"") | AM22: =COUNTIFS('C+8 Data'!$AB:$AB,AM$1,'C+8 Data'!$L:$L,"<>" & "") -> 0 | AN22: =COUNTIFS('C+8 Data'!$AB:$AB,AM$1,'C+8 Data'!$L:$L,"Very satisfactory (100%)") -> 0 | AO22: =IF(AM22 <> 0,AN22/AM22,"")
B23: b) V.Good - 80% | C23: =C22 -> 1 | D23: =G23+J23+M23+P23+S23+V23+Y23+AB23+AE23+AH23+AK23+AN23 -> 0 | E23: =IF(C23 <> 0,D23/C23,"") -> 0 | F23: =F22 -> 0 | G23: =COUNTIFS('C+8 Data'!$AB:$AB,F$1,'C+8 Data'!$L:$L,"Satisfactory (80%)") -> 0 | H23: =IF(F23 <> 0,G23/F23,"") | I23: =I22 -> 1 | J23: =COUNTIFS('C+8 Data'!$AB:$AB,I$1,'C+8 Data'!$L:$L,"Satisfactory (80%)") -> 0 | K23: =IF(I23 <> 0,J23/I23,"") -> 0 | L23: =L22 -> 0 | M23: =COUNTIFS('C+8 Data'!$AB:$AB,L$1,'C+8 Data'!$L:$L,"Satisfactory (80%)") -> 0 | N23: =IF(L23 <> 0,M23/L23,"") | O23: =O22 -> 0 | P23: =COUNTIFS('C+8 Data'!$AB:$AB,O$1,'C+8 Data'!$L:$L,"Satisfactory (80%)") -> 0 | Q23: =IF(O23 <> 0,P23/O23,"") | R23: =R22 -> 0 | S23: =COUNTIFS('C+8 Data'!$AB:$AB,R$1,'C+8 Data'!$L:$L,"Satisfactory (80%)") -> 0 | T23: =IF(R23 <> 0,S23/R23,"") | U23: =U22 -> 0 | V23: =COUNTIFS('C+8 Data'!$AB:$AB,U$1,'C+8 Data'!$L:$L,"Satisfactory (80%)") -> 0 | W23: =IF(U23 <> 0,V23/U23,"") | X23: =X22 -> 0 | Y23: =COUNTIFS('C+8 Data'!$AB:$AB,X$1,'C+8 Data'!$L:$L,"Satisfactory (80%)") -> 0 | Z23: =IF(X23 <> 0,Y23/X23,"") | AA23: =AA22 -> 0 | AB23: =COUNTIFS('C+8 Data'!$AB:$AB,AA$1,'C+8 Data'!$L:$L,"Satisfactory (80%)") -> 0 | AC23: =IF(AA23 <> 0,AB23/AA23,"") | AD23: =AD22 -> 0 | AE23: =COUNTIFS('C+8 Data'!$AB:$AB,AD$1,'C+8 Data'!$L:$L,"Satisfactory (80%)") -> 0 | AF23: =IF(AD23 <> 0,AE23/AD23,"") | AG23: =AG22 -> 0 | AH23: =COUNTIFS('C+8 Data'!$AB:$AB,AG$1,'C+8 Data'!$L:$L,"Satisfactory (80%)") -> 0 | AI23: =IF(AG23 <> 0,AH23/AG23,"") | AJ23: =AJ22 -> 0 | AK23: =COUNTIFS('C+8 Data'!$AB:$AB,AJ$1,'C+8 Data'!$L:$L,"Satisfactory (80%)") -> 0 | AL23: =IF(AJ23 <> 0,AK23/AJ23,"") | AM23: =AM22 -> 0 | AN23: =COUNTIFS('C+8 Data'!$AB:$AB,AM$1,'C+8 Data'!$L:$L,"Satisfactory (80%)") -> 0 | AO23: =IF(AM23 <> 0,AN23/AM23,"")
B24: C) Good - 60% | C24: =C23 -> 1 | D24: =G24+J24+M24+P24+S24+V24+Y24+AB24+AE24+AH24+AK24+AN24 -> 0 | E24: =IF(C24 <> 0,D24/C24,"") -> 0 | F24: =F23 -> 0 | G24: =COUNTIFS('C+8 Data'!$AB:$AB,F$1,'C+8 Data'!$L:$L,"Average (60%)") -> 0 | H24: =IF(F24 <> 0,G24/F24,"") | I24: =I23 -> 1 | J24: =COUNTIFS('C+8 Data'!$AB:$AB,I$1,'C+8 Data'!$L:$L,"Average (60%)") -> 0 | K24: =IF(I24 <> 0,J24/I24,"") -> 0 | L24: =L23 -> 0 | M24: =COUNTIFS('C+8 Data'!$AB:$AB,L$1,'C+8 Data'!$L:$L,"Average (60%)") -> 0 | N24: =IF(L24 <> 0,M24/L24,"") | O24: =O23 -> 0 | P24: =COUNTIFS('C+8 Data'!$AB:$AB,O$1,'C+8 Data'!$L:$L,"Average (60%)") -> 0 | Q24: =IF(O24 <> 0,P24/O24,"") | R24: =R23 -> 0 | S24: =COUNTIFS('C+8 Data'!$AB:$AB,R$1,'C+8 Data'!$L:$L,"Average (60%)") -> 0 | T24: =IF(R24 <> 0,S24/R24,"") | U24: =U23 -> 0 | V24: =COUNTIFS('C+8 Data'!$AB:$AB,U$1,'C+8 Data'!$L:$L,"Average (60%)") -> 0 | W24: =IF(U24 <> 0,V24/U24,"") | X24: =X23 -> 0 | Y24: =COUNTIFS('C+8 Data'!$AB:$AB,X$1,'C+8 Data'!$L:$L,"Average (60%)") -> 0 | Z24: =IF(X24 <> 0,Y24/X24,"") | AA24: =AA23 -> 0 | AB24: =COUNTIFS('C+8 Data'!$AB:$AB,AA$1,'C+8 Data'!$L:$L,"Average (60%)") -> 0 | AC24: =IF(AA24 <> 0,AB24/AA24,"") | AD24: =AD23 -> 0 | AE24: =COUNTIFS('C+8 Data'!$AB:$AB,AD$1,'C+8 Data'!$L:$L,"Average (60%)") -> 0 | AF24: =IF(AD24 <> 0,AE24/AD24,"") | AG24: =AG23 -> 0 | AH24: =COUNTIFS('C+8 Data'!$AB:$AB,AG$1,'C+8 Data'!$L:$L,"Average (60%)") -> 0 | AI24: =IF(AG24 <> 0,AH24/AG24,"") | AJ24: =AJ23 -> 0 | AK24: =COUNTIFS('C+8 Data'!$AB:$AB,AJ$1,'C+8 Data'!$L:$L,"Average (60%)") -> 0 | AL24: =IF(AJ24 <> 0,AK24/AJ24,"") | AM24: =AM23 -> 0 | AN24: =COUNTIFS('C+8 Data'!$AB:$AB,AM$1,'C+8 Data'!$L:$L,"Average (60%)") -> 0 | AO24: =IF(AM24 <> 0,AN24/AM24,"")
B25: d) Fair - 40% | C25: =C24 -> 1 | D25: =G25+J25+M25+P25+S25+V25+Y25+AB25+AE25+AH25+AK25+AN25 -> 0 | E25: =IF(C25 <> 0,D25/C25,"") -> 0 | F25: =F24 -> 0 | G25: =COUNTIFS('C+8 Data'!$AB:$AB,F$1,'C+8 Data'!$L:$L,"Unsatisfactory (40%)") -> 0 | H25: =IF(F25 <> 0,G25/F25,"") | I25: =I24 -> 1 | J25: =COUNTIFS('C+8 Data'!$AB:$AB,I$1,'C+8 Data'!$L:$L,"Unsatisfactory (40%)") -> 0 | K25: =IF(I25 <> 0,J25/I25,"") -> 0 | L25: =L24 -> 0 | M25: =COUNTIFS('C+8 Data'!$AB:$AB,L$1,'C+8 Data'!$L:$L,"Unsatisfactory (40%)") -> 0 | N25: =IF(L25 <> 0,M25/L25,"") | O25: =O24 -> 0 | P25: =COUNTIFS('C+8 Data'!$AB:$AB,O$1,'C+8 Data'!$L:$L,"Unsatisfactory (40%)") -> 0 | Q25: =IF(O25 <> 0,P25/O25,"") | R25: =R24 -> 0 | S25: =COUNTIFS('C+8 Data'!$AB:$AB,R$1,'C+8 Data'!$L:$L,"Unsatisfactory (40%)") -> 0 | T25: =IF(R25 <> 0,S25/R25,"") | U25: =U24 -> 0 | V25: =COUNTIFS('C+8 Data'!$AB:$AB,U$1,'C+8 Data'!$L:$L,"Unsatisfactory (40%)") -> 0 | W25: =IF(U25 <> 0,V25/U25,"") | X25: =X24 -> 0 | Y25: =COUNTIFS('C+8 Data'!$AB:$AB,X$1,'C+8 Data'!$L:$L,"Unsatisfactory (40%)") -> 0 | Z25: =IF(X25 <> 0,Y25/X25,"") | AA25: =AA24 -> 0 | AB25: =COUNTIFS('C+8 Data'!$AB:$AB,AA$1,'C+8 Data'!$L:$L,"Unsatisfactory (40%)") -> 0 | AC25: =IF(AA25 <> 0,AB25/AA25,"") | AD25: =AD24 -> 0 | AE25: =COUNTIFS('C+8 Data'!$AB:$AB,AD$1,'C+8 Data'!$L:$L,"Unsatisfactory (40%)") -> 0 | AF25: =IF(AD25 <> 0,AE25/AD25,"") | AG25: =AG24 -> 0 | AH25: =COUNTIFS('C+8 Data'!$AB:$AB,AG$1,'C+8 Data'!$L:$L,"Unsatisfactory (40%)") -> 0 | AI25: =IF(AG25 <> 0,AH25/AG25,"") | AJ25: =AJ24 -> 0 | AK25: =COUNTIFS('C+8 Data'!$AB:$AB,AJ$1,'C+8 Data'!$L:$L,"Unsatisfactory (40%)") -> 0 | AL25: =IF(AJ25 <> 0,AK25/AJ25,"") | AM25: =AM24 -> 0 | AN25: =COUNTIFS('C+8 Data'!$AB:$AB,AM$1,'C+8 Data'!$L:$L,"Unsatisfactory (40%)") -> 0 | AO25: =IF(AM25 <> 0,AN25/AM25,"")
B26: e) Poor - 20% | C26: =C25 -> 1 | D26: =G26+J26+M26+P26+S26+V26+Y26+AB26+AE26+AH26+AK26+AN26 -> 0 | E26: =IF(C26 <> 0,D26/C26,"") -> 0 | F26: =F25 -> 0 | G26: =COUNTIFS('C+8 Data'!$AB:$AB,F$1,'C+8 Data'!$L:$L,"Very Unsatisfactory (20%)") -> 0 | H26: =IF(F26 <> 0,G26/F26,"") | I26: =I25 -> 1 | J26: =COUNTIFS('C+8 Data'!$AB:$AB,I$1,'C+8 Data'!$L:$L,"Very Unsatisfactory (20%)") -> 0 | K26: =IF(I26 <> 0,J26/I26,"") -> 0 | L26: =L25 -> 0 | M26: =COUNTIFS('C+8 Data'!$AB:$AB,L$1,'C+8 Data'!$L:$L,"Very Unsatisfactory (20%)") -> 0 | N26: =IF(L26 <> 0,M26/L26,"") | O26: =O25 -> 0 | P26: =COUNTIFS('C+8 Data'!$AB:$AB,O$1,'C+8 Data'!$L:$L,"Very Unsatisfactory (20%)") -> 0 | Q26: =IF(O26 <> 0,P26/O26,"") | R26: =R25 -> 0 | S26: =COUNTIFS('C+8 Data'!$AB:$AB,R$1,'C+8 Data'!$L:$L,"Very Unsatisfactory (20%)") -> 0 | T26: =IF(R26 <> 0,S26/R26,"") | U26: =U25 -> 0 | V26: =COUNTIFS('C+8 Data'!$AB:$AB,U$1,'C+8 Data'!$L:$L,"Very Unsatisfactory (20%)") -> 0 | W26: =IF(U26 <> 0,V26/U26,"") | X26: =X25 -> 0 | Y26: =COUNTIFS('C+8 Data'!$AB:$AB,X$1,'C+8 Data'!$L:$L,"Very Unsatisfactory (20%)") -> 0 | Z26: =IF(X26 <> 0,Y26/X26,"") | AA26: =AA25 -> 0 | AB26: =COUNTIFS('C+8 Data'!$AB:$AB,AA$1,'C+8 Data'!$L:$L,"Very Unsatisfactory (20%)") -> 0 | AC26: =IF(AA26 <> 0,AB26/AA26,"") | AD26: =AD25 -> 0 | AE26: =COUNTIFS('C+8 Data'!$AB:$AB,AD$1,'C+8 Data'!$L:$L,"Very Unsatisfactory (20%)") -> 0 | AF26: =IF(AD26 <> 0,AE26/AD26,"") | AG26: =AG25 -> 0 | AH26: =COUNTIFS('C+8 Data'!$AB:$AB,AG$1,'C+8 Data'!$L:$L,"Very Unsatisfactory (20%)") -> 0 | AI26: =IF(AG26 <> 0,AH26/AG26,"") | AJ26: =AJ25 -> 0 | AK26: =COUNTIFS('C+8 Data'!$AB:$AB,AJ$1,'C+8 Data'!$L:$L,"Very Unsatisfactory (20%)") -> 0 | AL26: =IF(AJ26 <> 0,AK26/AJ26,"") | AM26: =AM25 -> 0 | AN26: =COUNTIFS('C+8 Data'!$AB:$AB,AM$1,'C+8 Data'!$L:$L,"Very Unsatisfactory (20%)") -> 0 | AO26: =IF(AM26 <> 0,AN26/AM26,"")
A27: 5 | B27: Time spent by the doctor with you for screening and main consultation
B28: a) Excellent - 100% | C28: =COUNTIF('C+8 Data'!$M:$M,"<>" & "")-1 -> 1 | D28: =G28+J28+M28+P28+S28+V28+Y28+AB28+AE28+AH28+AK28+AN28 -> 1 | E28: =IF(C28 <> 0,D28/C28,"") -> 1 | F28: =COUNTIFS('C+8 Data'!$AB:$AB,F$1,'C+8 Data'!$M:$M,"<>" & "") -> 0 | G28: =COUNTIFS('C+8 Data'!$AB:$AB,F$1,'C+8 Data'!$M:$M,"Very satisfactory (100%)") -> 0 | H28: =IF(F28 <> 0,G28/F28,"") | I28: =COUNTIFS('C+8 Data'!$AB:$AB,I$1,'C+8 Data'!$M:$M,"<>" & "") -> 1 | J28: =COUNTIFS('C+8 Data'!$AB:$AB,I$1,'C+8 Data'!$M:$M,"Very satisfactory (100%)") -> 1 | K28: =IF(I28 <> 0,J28/I28,"") -> 1 | L28: =COUNTIFS('C+8 Data'!$AB:$AB,L$1,'C+8 Data'!$M:$M,"<>" & "") -> 0 | M28: =COUNTIFS('C+8 Data'!$AB:$AB,L$1,'C+8 Data'!$M:$M,"Very satisfactory (100%)") -> 0 | N28: =IF(L28 <> 0,M28/L28,"") | O28: =COUNTIFS('C+8 Data'!$AB:$AB,O$1,'C+8 Data'!$M:$M,"<>" & "") -> 0 | P28: =COUNTIFS('C+8 Data'!$AB:$AB,O$1,'C+8 Data'!$M:$M,"Very satisfactory (100%)") -> 0 | Q28: =IF(O28 <> 0,P28/O28,"") | R28: =COUNTIFS('C+8 Data'!$AB:$AB,R$1,'C+8 Data'!$M:$M,"<>" & "") -> 0 | S28: =COUNTIFS('C+8 Data'!$AB:$AB,R$1,'C+8 Data'!$M:$M,"Very satisfactory (100%)") -> 0 | T28: =IF(R28 <> 0,S28/R28,"") | U28: =COUNTIFS('C+8 Data'!$AB:$AB,U$1,'C+8 Data'!$M:$M,"<>" & "") -> 0 | V28: =COUNTIFS('C+8 Data'!$AB:$AB,U$1,'C+8 Data'!$M:$M,"Very satisfactory (100%)") -> 0 | W28: =IF(U28 <> 0,V28/U28,"") | X28: =COUNTIFS('C+8 Data'!$AB:$AB,X$1,'C+8 Data'!$M:$M,"<>" & "") -> 0 | Y28: =COUNTIFS('C+8 Data'!$AB:$AB,X$1,'C+8 Data'!$M:$M,"Very satisfactory (100%)") -> 0 | Z28: =IF(X28 <> 0,Y28/X28,"") | AA28: =COUNTIFS('C+8 Data'!$AB:$AB,AA$1,'C+8 Data'!$M:$M,"<>" & "") -> 0 | AB28: =COUNTIFS('C+8 Data'!$AB:$AB,AA$1,'C+8 Data'!$M:$M,"Very satisfactory (100%)") -> 0 | AC28: =IF(AA28 <> 0,AB28/AA28,"") | AD28: =COUNTIFS('C+8 Data'!$AB:$AB,AD$1,'C+8 Data'!$M:$M,"<>" & "") -> 0 | AE28: =COUNTIFS('C+8 Data'!$AB:$AB,AD$1,'C+8 Data'!$M:$M,"Very satisfactory (100%)") -> 0 | AF28: =IF(AD28 <> 0,AE28/AD28,"") | AG28: =COUNTIFS('C+8 Data'!$AB:$AB,AG$1,'C+8 Data'!$M:$M,"<>" & "") -> 0 | AH28: =COUNTIFS('C+8 Data'!$AB:$AB,AG$1,'C+8 Data'!$M:$M,"Very satisfactory (100%)") -> 0 | AI28: =IF(AG28 <> 0,AH28/AG28,"") | AJ28: =COUNTIFS('C+8 Data'!$AB:$AB,AJ$1,'C+8 Data'!$M:$M,"<>" & "") -> 0 | AK28: =COUNTIFS('C+8 Data'!$AB:$AB,AJ$1,'C+8 Data'!$M:$M,"Very satisfactory (100%)") -> 0 | AL28: =IF(AJ28 <> 0,AK28/AJ28,"") | AM28: =COUNTIFS('C+8 Data'!$AB:$AB,AM$1,'C+8 Data'!$M:$M,"<>" & "") -> 0 | AN28: =COUNTIFS('C+8 Data'!$AB:$AB,AM$1,'C+8 Data'!$M:$M,"Very satisfactory (100%)") -> 0 | AO28: =IF(AM28 <> 0,AN28/AM28,"")
B29: b) V.Good - 80% | C29: =C28 -> 1 | D29: =G29+J29+M29+P29+S29+V29+Y29+AB29+AE29+AH29+AK29+AN29 -> 0 | E29: =IF(C29 <> 0,D29/C29,"") -> 0 | F29: =F28 -> 0 | G29: =COUNTIFS('C+8 Data'!$AB:$AB,F$1,'C+8 Data'!$M:$M,"Satisfactory (80%)") -> 0 | H29: =IF(F29 <> 0,G29/F29,"") | I29: =I28 -> 1 | J29: =COUNTIFS('C+8 Data'!$AB:$AB,I$1,'C+8 Data'!$M:$M,"Satisfactory (80%)") -> 0 | K29: =IF(I29 <> 0,J29/I29,"") -> 0 | L29: =L28 -> 0 | M29: =COUNTIFS('C+8 Data'!$AB:$AB,L$1,'C+8 Data'!$M:$M,"Satisfactory (80%)") -> 0 | N29: =IF(L29 <> 0,M29/L29,"") | O29: =O28 -> 0 | P29: =COUNTIFS('C+8 Data'!$AB:$AB,O$1,'C+8 Data'!$M:$M,"Satisfactory (80%)") -> 0 | Q29: =IF(O29 <> 0,P29/O29,"") | R29: =R28 -> 0 | S29: =COUNTIFS('C+8 Data'!$AB:$AB,R$1,'C+8 Data'!$M:$M,"Satisfactory (80%)") -> 0 | T29: =IF(R29 <> 0,S29/R29,"") | U29: =U28 -> 0 | V29: =COUNTIFS('C+8 Data'!$AB:$AB,U$1,'C+8 Data'!$M:$M,"Satisfactory (80%)") -> 0 | W29: =IF(U29 <> 0,V29/U29,"") | X29: =X28 -> 0 | Y29: =COUNTIFS('C+8 Data'!$AB:$AB,X$1,'C+8 Data'!$M:$M,"Satisfactory (80%)") -> 0 | Z29: =IF(X29 <> 0,Y29/X29,"") | AA29: =AA28 -> 0 | AB29: =COUNTIFS('C+8 Data'!$AB:$AB,AA$1,'C+8 Data'!$M:$M,"Satisfactory (80%)") -> 0 | AC29: =IF(AA29 <> 0,AB29/AA29,"") | AD29: =AD28 -> 0 | AE29: =COUNTIFS('C+8 Data'!$AB:$AB,AD$1,'C+8 Data'!$M:$M,"Satisfactory (80%)") -> 0 | AF29: =IF(AD29 <> 0,AE29/AD29,"") | AG29: =AG28 -> 0 | AH29: =COUNTIFS('C+8 Data'!$AB:$AB,AG$1,'C+8 Data'!$M:$M,"Satisfactory (80%)") -> 0 | AI29: =IF(AG29 <> 0,AH29/AG29,"") | AJ29: =AJ28 -> 0 | AK29: =COUNTIFS('C+8 Data'!$AB:$AB,AJ$1,'C+8 Data'!$M:$M,"Satisfactory (80%)") -> 0 | AL29: =IF(AJ29 <> 0,AK29/AJ29,"") | AM29: =AM28 -> 0 | AN29: =COUNTIFS('C+8 Data'!$AB:$AB,AM$1,'C+8 Data'!$M:$M,"Satisfactory (80%)") -> 0 | AO29: =IF(AM29 <> 0,AN29/AM29,"")
B30: C) Good - 60% | C30: =C29 -> 1 | D30: =G30+J30+M30+P30+S30+V30+Y30+AB30+AE30+AH30+AK30+AN30 -> 0 | E30: =IF(C30 <> 0,D30/C30,"") -> 0 | F30: =F29 -> 0 | G30: =COUNTIFS('C+8 Data'!$AB:$AB,F$1,'C+8 Data'!$M:$M,"Average (60%)") -> 0 | H30: =IF(F30 <> 0,G30/F30,"") | I30: =I29 -> 1 | J30: =COUNTIFS('C+8 Data'!$AB:$AB,I$1,'C+8 Data'!$M:$M,"Average (60%)") -> 0 | K30: =IF(I30 <> 0,J30/I30,"") -> 0 | L30: =L29 -> 0 | M30: =COUNTIFS('C+8 Data'!$AB:$AB,L$1,'C+8 Data'!$M:$M,"Average (60%)") -> 0 | N30: =IF(L30 <> 0,M30/L30,"") | O30: =O29 -> 0 | P30: =COUNTIFS('C+8 Data'!$AB:$AB,O$1,'C+8 Data'!$M:$M,"Average (60%)") -> 0 | Q30: =IF(O30 <> 0,P30/O30,"") | R30: =R29 -> 0 | S30: =COUNTIFS('C+8 Data'!$AB:$AB,R$1,'C+8 Data'!$M:$M,"Average (60%)") -> 0 | T30: =IF(R30 <> 0,S30/R30,"") | U30: =U29 -> 0 | V30: =COUNTIFS('C+8 Data'!$AB:$AB,U$1,'C+8 Data'!$M:$M,"Average (60%)") -> 0 | W30: =IF(U30 <> 0,V30/U30,"") | X30: =X29 -> 0 | Y30: =COUNTIFS('C+8 Data'!$AB:$AB,X$1,'C+8 Data'!$M:$M,"Average (60%)") -> 0 | Z30: =IF(X30 <> 0,Y30/X30,"") | AA30: =AA29 -> 0 | AB30: =COUNTIFS('C+8 Data'!$AB:$AB,AA$1,'C+8 Data'!$M:$M,"Average (60%)") -> 0 | AC30: =IF(AA30 <> 0,AB30/AA30,"") | AD30: =AD29 -> 0 | AE30: =COUNTIFS('C+8 Data'!$AB:$AB,AD$1,'C+8 Data'!$M:$M,"Average (60%)") -> 0 | AF30: =IF(AD30 <> 0,AE30/AD30,"") | AG30: =AG29 -> 0 | AH30: =COUNTIFS('C+8 Data'!$AB:$AB,AG$1,'C+8 Data'!$M:$M,"Average (60%)") -> 0 | AI30: =IF(AG30 <> 0,AH30/AG30,"") | AJ30: =AJ29 -> 0 | AK30: =COUNTIFS('C+8 Data'!$AB:$AB,AJ$1,'C+8 Data'!$M:$M,"Average (60%)") -> 0 | AL30: =IF(AJ30 <> 0,AK30/AJ30,"") | AM30: =AM29 -> 0 | AN30: =COUNTIFS('C+8 Data'!$AB:$AB,AM$1,'C+8 Data'!$M:$M,"Average (60%)") -> 0 | AO30: =IF(AM30 <> 0,AN30/AM30,"")
B31: d) Fair - 40% | C31: =C30 -> 1 | D31: =G31+J31+M31+P31+S31+V31+Y31+AB31+AE31+AH31+AK31+AN31 -> 0 | E31: =IF(C31 <> 0,D31/C31,"") -> 0 | F31: =F30 -> 0 | G31: =COUNTIFS('C+8 Data'!$AB:$AB,F$1,'C+8 Data'!$M:$M,"Unsatisfactory (40%)") -> 0 | H31: =IF(F31 <> 0,G31/F31,"") | I31: =I30 -> 1 | J31: =COUNTIFS('C+8 Data'!$AB:$AB,I$1,'C+8 Data'!$M:$M,"Unsatisfactory (40%)") -> 0 | K31: =IF(I31 <> 0,J31/I31,"") -> 0 | L31: =L30 -> 0 | M31: =COUNTIFS('C+8 Data'!$AB:$AB,L$1,'C+8 Data'!$M:$M,"Unsatisfactory (40%)") -> 0 | N31: =IF(L31 <> 0,M31/L31,"") | O31: =O30 -> 0 | P31: =COUNTIFS('C+8 Data'!$AB:$AB,O$1,'C+8 Data'!$M:$M,"Unsatisfactory (40%)") -> 0 | Q31: =IF(O31 <> 0,P31/O31,"") | R31: =R30 -> 0 | S31: =COUNTIFS('C+8 Data'!$AB:$AB,R$1,'C+8 Data'!$M:$M,"Unsatisfactory (40%)") -> 0 | T31: =IF(R31 <> 0,S31/R31,"") | U31: =U30 -> 0 | V31: =COUNTIFS('C+8 Data'!$AB:$AB,U$1,'C+8 Data'!$M:$M,"Unsatisfactory (40%)") -> 0 | W31: =IF(U31 <> 0,V31/U31,"") | X31: =X30 -> 0 | Y31: =COUNTIFS('C+8 Data'!$AB:$AB,X$1,'C+8 Data'!$M:$M,"Unsatisfactory (40%)") -> 0 | Z31: =IF(X31 <> 0,Y31/X31,"") | AA31: =AA30 -> 0 | AB31: =COUNTIFS('C+8 Data'!$AB:$AB,AA$1,'C+8 Data'!$M:$M,"Unsatisfactory (40%)") -> 0 | AC31: =IF(AA31 <> 0,AB31/AA31,"") | AD31: =AD30 -> 0 | AE31: =COUNTIFS('C+8 Data'!$AB:$AB,AD$1,'C+8 Data'!$M:$M,"Unsatisfactory (40%)") -> 0 | AF31: =IF(AD31 <> 0,AE31/AD31,"") | AG31: =AG30 -> 0 | AH31: =COUNTIFS('C+8 Data'!$AB:$AB,AG$1,'C+8 Data'!$M:$M,"Unsatisfactory (40%)") -> 0 | AI31: =IF(AG31 <> 0,AH31/AG31,"") | AJ31: =AJ30 -> 0 | AK31: =COUNTIFS('C+8 Data'!$AB:$AB,AJ$1,'C+8 Data'!$M:$M,"Unsatisfactory (40%)") -> 0 | AL31: =IF(AJ31 <> 0,AK31/AJ31,"") | AM31: =AM30 -> 0 | AN31: =COUNTIFS('C+8 Data'!$AB:$AB,AM$1,'C+8 Data'!$M:$M,"Unsatisfactory (40%)") -> 0 | AO31: =IF(AM31 <> 0,AN31/AM31,"")
B32: e) Poor - 20% | C32: =C31 -> 1 | D32: =G32+J32+M32+P32+S32+V32+Y32+AB32+AE32+AH32+AK32+AN32 -> 0 | E32: =IF(C32 <> 0,D32/C32,"") -> 0 | F32: =F31 -> 0 | G32: =COUNTIFS('C+8 Data'!$AB:$AB,F$1,'C+8 Data'!$M:$M,"Very Unsatisfactory (20%)") -> 0 | H32: =IF(F32 <> 0,G32/F32,"") | I32: =I31 -> 1 | J32: =COUNTIFS('C+8 Data'!$AB:$AB,I$1,'C+8 Data'!$M:$M,"Very Unsatisfactory (20%)") -> 0 | K32: =IF(I32 <> 0,J32/I32,"") -> 0 | L32: =L31 -> 0 | M32: =COUNTIFS('C+8 Data'!$AB:$AB,L$1,'C+8 Data'!$M:$M,"Very Unsatisfactory (20%)") -> 0 | N32: =IF(L32 <> 0,M32/L32,"") | O32: =O31 -> 0 | P32: =COUNTIFS('C+8 Data'!$AB:$AB,O$1,'C+8 Data'!$M:$M,"Very Unsatisfactory (20%)") -> 0 | Q32: =IF(O32 <> 0,P32/O32,"") | R32: =R31 -> 0 | S32: =COUNTIFS('C+8 Data'!$AB:$AB,R$1,'C+8 Data'!$M:$M,"Very Unsatisfactory (20%)") -> 0 | T32: =IF(R32 <> 0,S32/R32,"") | U32: =U31 -> 0 | V32: =COUNTIFS('C+8 Data'!$AB:$AB,U$1,'C+8 Data'!$M:$M,"Very Unsatisfactory (20%)") -> 0 | W32: =IF(U32 <> 0,V32/U32,"") | X32: =X31 -> 0 | Y32: =COUNTIFS('C+8 Data'!$AB:$AB,X$1,'C+8 Data'!$M:$M,"Very Unsatisfactory (20%)") -> 0 | Z32: =IF(X32 <> 0,Y32/X32,"") | AA32: =AA31 -> 0 | AB32: =COUNTIFS('C+8 Data'!$AB:$AB,AA$1,'C+8 Data'!$M:$M,"Very Unsatisfactory (20%)") -> 0 | AC32: =IF(AA32 <> 0,AB32/AA32,"") | AD32: =AD31 -> 0 | AE32: =COUNTIFS('C+8 Data'!$AB:$AB,AD$1,'C+8 Data'!$M:$M,"Very Unsatisfactory (20%)") -> 0 | AF32: =IF(AD32 <> 0,AE32/AD32,"") | AG32: =AG31 -> 0 | AH32: =COUNTIFS('C+8 Data'!$AB:$AB,AG$1,'C+8 Data'!$M:$M,"Very Unsatisfactory (20%)") -> 0 | AI32: =IF(AG32 <> 0,AH32/AG32,"") | AJ32: =AJ31 -> 0 | AK32: =COUNTIFS('C+8 Data'!$AB:$AB,AJ$1,'C+8 Data'!$M:$M,"Very Unsatisfactory (20%)") -> 0 | AL32: =IF(AJ32 <> 0,AK32/AJ32,"") | AM32: =AM31 -> 0 | AN32: =COUNTIFS('C+8 Data'!$AB:$AB,AM$1,'C+8 Data'!$M:$M,"Very Unsatisfactory (20%)") -> 0 | AO32: =IF(AM32 <> 0,AN32/AM32,"")
A33: 6 | B33: Do you think your health needs have been understood clearly by the doctor?
B34: Yes | C34: =COUNTIF('C+8 Data'!$O:$O,"<>" & "")-1 -> 1 | D34: =G34+J34+M34+P34+S34+V34+Y34+AB34+AE34+AH34+AK34+AN34 -> 1 | E34: =IF(C34 <> 0,D34/C34,"") -> 1 | F34: =COUNTIFS('C+8 Data'!$AB:$AB,F$1,'C+8 Data'!$O:$O,"<>" & "") -> 0 | G34: =COUNTIFS('C+8 Data'!$AB:$AB,F$1,'C+8 Data'!$O:$O,$B34) -> 0 | H34: =IF(F34 <> 0,G34/F34,"") | I34: =COUNTIFS('C+8 Data'!$AB:$AB,I$1,'C+8 Data'!$O:$O,"<>" & "") -> 1 | J34: =COUNTIFS('C+8 Data'!$AB:$AB,I$1,'C+8 Data'!$O:$O,$B34) -> 1 | K34: =IF(I34 <> 0,J34/I34,"") -> 1 | L34: =COUNTIFS('C+8 Data'!$AB:$AB,L$1,'C+8 Data'!$O:$O,"<>" & "") -> 0 | M34: =COUNTIFS('C+8 Data'!$AB:$AB,L$1,'C+8 Data'!$O:$O,$B34) -> 0 | N34: =IF(L34 <> 0,M34/L34,"") | O34: =COUNTIFS('C+8 Data'!$AB:$AB,O$1,'C+8 Data'!$O:$O,"<>" & "") -> 0 | P34: =COUNTIFS('C+8 Data'!$AB:$AB,O$1,'C+8 Data'!$O:$O,$B34) -> 0 | Q34: =IF(O34 <> 0,P34/O34,"") | R34: =COUNTIFS('C+8 Data'!$AB:$AB,R$1,'C+8 Data'!$O:$O,"<>" & "") -> 0 | S34: =COUNTIFS('C+8 Data'!$AB:$AB,R$1,'C+8 Data'!$O:$O,$B34) -> 0 | T34: =IF(R34 <> 0,S34/R34,"") | U34: =COUNTIFS('C+8 Data'!$AB:$AB,U$1,'C+8 Data'!$O:$O,"<>" & "") -> 0 | V34: =COUNTIFS('C+8 Data'!$AB:$AB,U$1,'C+8 Data'!$O:$O,$B34) -> 0 | W34: =IF(U34 <> 0,V34/U34,"") | X34: =COUNTIFS('C+8 Data'!$AB:$AB,X$1,'C+8 Data'!$O:$O,"<>" & "") -> 0 | Y34: =COUNTIFS('C+8 Data'!$AB:$AB,X$1,'C+8 Data'!$O:$O,$B34) -> 0 | Z34: =IF(X34 <> 0,Y34/X34,"") | AA34: =COUNTIFS('C+8 Data'!$AB:$AB,AA$1,'C+8 Data'!$O:$O,"<>" & "") -> 0 | AB34: =COUNTIFS('C+8 Data'!$AB:$AB,AA$1,'C+8 Data'!$O:$O,$B34) -> 0 | AC34: =IF(AA34 <> 0,AB34/AA34,"") | AD34: =COUNTIFS('C+8 Data'!$AB:$AB,AD$1,'C+8 Data'!$O:$O,"<>" & "") -> 0 | AE34: =COUNTIFS('C+8 Data'!$AB:$AB,AD$1,'C+8 Data'!$O:$O,$B34) -> 0 | AF34: =IF(AD34 <> 0,AE34/AD34,"") | AG34: =COUNTIFS('C+8 Data'!$AB:$AB,AG$1,'C+8 Data'!$O:$O,"<>" & "") -> 0 | AH34: =COUNTIFS('C+8 Data'!$AB:$AB,AG$1,'C+8 Data'!$O:$O,$B34) -> 0 | AI34: =IF(AG34 <> 0,AH34/AG34,"") | AJ34: =COUNTIFS('C+8 Data'!$AB:$AB,AJ$1,'C+8 Data'!$O:$O,"<>" & "") -> 0 | AK34: =COUNTIFS('C+8 Data'!$AB:$AB,AJ$1,'C+8 Data'!$O:$O,$B34) -> 0 | AL34: =IF(AJ34 <> 0,AK34/AJ34,"") | AM34: =COUNTIFS('C+8 Data'!$AB:$AB,AM$1,'C+8 Data'!$O:$O,"<>" & "") -> 0 | AN34: =COUNTIFS('C+8 Data'!$AB:$AB,AM$1,'C+8 Data'!$O:$O,$B34) -> 0 | AO34: =IF(AM34 <> 0,AN34/AM34,"")
B35: No | C35: =C34 -> 1 | D35: =G35+J35+M35+P35+S35+V35+Y35+AB35+AE35+AH35+AK35+AN35 -> 0 | E35: =IF(C35 <> 0,D35/C35,"") -> 0 | F35: =F34 -> 0 | G35: =COUNTIFS('C+8 Data'!$H:$H,F$1,'C+8 Data'!$O:$O,$B35) -> 0 | H35: =IF(F35 <> 0,G35/F35,"") | I35: =I34 -> 1 | J35: =COUNTIFS('C+8 Data'!$H:$H,I$1,'C+8 Data'!$O:$O,$B35) -> 0 | K35: =IF(I35 <> 0,J35/I35,"") -> 0 | L35: =L34 -> 0 | M35: =COUNTIFS('C+8 Data'!$H:$H,L$1,'C+8 Data'!$O:$O,$B35) -> 0 | N35: =IF(L35 <> 0,M35/L35,"") | O35: =O34 -> 0 | P35: =COUNTIFS('C+8 Data'!$H:$H,O$1,'C+8 Data'!$O:$O,$B35) -> 0 | Q35: =IF(O35 <> 0,P35/O35,"") | R35: =R34 -> 0 | S35: =COUNTIFS('C+8 Data'!$H:$H,R$1,'C+8 Data'!$O:$O,$B35) -> 0 | T35: =IF(R35 <> 0,S35/R35,"") | U35: =U34 -> 0 | V35: =COUNTIFS('C+8 Data'!$H:$H,U$1,'C+8 Data'!$O:$O,$B35) -> 0 | W35: =IF(U35 <> 0,V35/U35,"") | X35: =X34 -> 0 | Y35: =COUNTIFS('C+8 Data'!$H:$H,X$1,'C+8 Data'!$O:$O,$B35) -> 0 | Z35: =IF(X35 <> 0,Y35/X35,"") | AA35: =AA34 -> 0 | AB35: =COUNTIFS('C+8 Data'!$H:$H,AA$1,'C+8 Data'!$O:$O,$B35) -> 0 | AC35: =IF(AA35 <> 0,AB35/AA35,"") | AD35: =AD34 -> 0 | AE35: =COUNTIFS('C+8 Data'!$H:$H,AD$1,'C+8 Data'!$O:$O,$B35) -> 0 | AF35: =IF(AD35 <> 0,AE35/AD35,"") | AG35: =AG34 -> 0 | AH35: =COUNTIFS('C+8 Data'!$H:$H,AG$1,'C+8 Data'!$O:$O,$B35) -> 0 | AI35: =IF(AG35 <> 0,AH35/AG35,"") | AJ35: =AJ34 -> 0 | AK35: =COUNTIFS('C+8 Data'!$H:$H,AJ$1,'C+8 Data'!$O:$O,$B35) -> 0 | AL35: =IF(AJ35 <> 0,AK35/AJ35,"") | AM35: =AM34 -> 0 | AN35: =COUNTIFS('C+8 Data'!$H:$H,AM$1,'C+8 Data'!$O:$O,$B35) -> 0 | AO35: =IF(AM35 <> 0,AN35/AM35,"")
A36: 7 | B36: During your consultation, have you received clear information about
A37: 7.1 | B37: Your diagnosis
B38: Yes | C38: =COUNTIF('C+8 Data'!$P:$P,"<>" & "")-1 -> 1 | D38: =G38+J38+M38+P38+S38+V38+Y38+AB38+AE38+AH38+AK38+AN38 -> 1 | E38: =IF(C38 <> 0,D38/C38,"") -> 1 | F38: =COUNTIFS('C+8 Data'!$AB:$AB,F$1,'C+8 Data'!$P:$P,"<>" & "") -> 0 | G38: =COUNTIFS('C+8 Data'!$AB:$AB,F$1,'C+8 Data'!$P:$P,$B38) -> 0 | H38: =IF(F38 <> 0,G38/F38,"") | I38: =COUNTIFS('C+8 Data'!$AB:$AB,I$1,'C+8 Data'!$P:$P,"<>" & "") -> 1 | J38: =COUNTIFS('C+8 Data'!$AB:$AB,I$1,'C+8 Data'!$P:$P,$B38) -> 1 | K38: =IF(I38 <> 0,J38/I38,"") -> 1 | L38: =COUNTIFS('C+8 Data'!$AB:$AB,L$1,'C+8 Data'!$P:$P,"<>" & "") -> 0 | M38: =COUNTIFS('C+8 Data'!$AB:$AB,L$1,'C+8 Data'!$P:$P,$B38) -> 0 | N38: =IF(L38 <> 0,M38/L38,"") | O38: =COUNTIFS('C+8 Data'!$AB:$AB,O$1,'C+8 Data'!$P:$P,"<>" & "") -> 0 | P38: =COUNTIFS('C+8 Data'!$AB:$AB,O$1,'C+8 Data'!$P:$P,$B38) -> 0 | Q38: =IF(O38 <> 0,P38/O38,"") | R38: =COUNTIFS('C+8 Data'!$AB:$AB,R$1,'C+8 Data'!$P:$P,"<>" & "") -> 0 | S38: =COUNTIFS('C+8 Data'!$AB:$AB,R$1,'C+8 Data'!$P:$P,$B38) -> 0 | T38: =IF(R38 <> 0,S38/R38,"") | U38: =COUNTIFS('C+8 Data'!$AB:$AB,U$1,'C+8 Data'!$P:$P,"<>" & "") -> 0 | V38: =COUNTIFS('C+8 Data'!$AB:$AB,U$1,'C+8 Data'!$P:$P,$B38) -> 0 | W38: =IF(U38 <> 0,V38/U38,"") | X38: =COUNTIFS('C+8 Data'!$AB:$AB,X$1,'C+8 Data'!$P:$P,"<>" & "") -> 0 | Y38: =COUNTIFS('C+8 Data'!$AB:$AB,X$1,'C+8 Data'!$P:$P,$B38) -> 0 | Z38: =IF(X38 <> 0,Y38/X38,"") | AA38: =COUNTIFS('C+8 Data'!$AB:$AB,AA$1,'C+8 Data'!$P:$P,"<>" & "") -> 0 | AB38: =COUNTIFS('C+8 Data'!$AB:$AB,AA$1,'C+8 Data'!$P:$P,$B38) -> 0 | AC38: =IF(AA38 <> 0,AB38/AA38,"") | AD38: =COUNTIFS('C+8 Data'!$AB:$AB,AD$1,'C+8 Data'!$P:$P,"<>" & "") -> 0 | AE38: =COUNTIFS('C+8 Data'!$AB:$AB,AD$1,'C+8 Data'!$P:$P,$B38) -> 0 | AF38: =IF(AD38 <> 0,AE38/AD38,"") | AG38: =COUNTIFS('C+8 Data'!$AB:$AB,AG$1,'C+8 Data'!$P:$P,"<>" & "") -> 0 | AH38: =COUNTIFS('C+8 Data'!$AB:$AB,AG$1,'C+8 Data'!$P:$P,$B38) -> 0 | AI38: =IF(AG38 <> 0,AH38/AG38,"") | AJ38: =COUNTIFS('C+8 Data'!$AB:$AB,AJ$1,'C+8 Data'!$P:$P,"<>" & "") -> 0 | AK38: =COUNTIFS('C+8 Data'!$AB:$AB,AJ$1,'C+8 Data'!$P:$P,$B38) -> 0 | AL38: =IF(AJ38 <> 0,AK38/AJ38,"") | AM38: =COUNTIFS('C+8 Data'!$AB:$AB,AM$1,'C+8 Data'!$P:$P,"<>" & "") -> 0 | AN38: =COUNTIFS('C+8 Data'!$AB:$AB,AM$1,'C+8 Data'!$P:$P,$B38) -> 0 | AO38: =IF(AM38 <> 0,AN38/AM38,"")
B39: No | C39: =C38 -> 1 | D39: =G39+J39+M39+P39+S39+V39+Y39+AB39+AE39+AH39+AK39+AN39 -> 0 | E39: =IF(C39 <> 0,D39/C39,"") -> 0 | F39: =F38 -> 0 | G39: =COUNTIFS('C+8 Data'!$AB:$AB,F$1,'C+8 Data'!$P:$P,$B39) -> 0 | H39: =IF(F39 <> 0,G39/F39,"") | I39: =I38 -> 1 | J39: =COUNTIFS('C+8 Data'!$AB:$AB,I$1,'C+8 Data'!$P:$P,$B39) -> 0 | K39: =IF(I39 <> 0,J39/I39,"") -> 0 | L39: =L38 -> 0 | M39: =COUNTIFS('C+8 Data'!$AB:$AB,L$1,'C+8 Data'!$P:$P,$B39) -> 0 | N39: =IF(L39 <> 0,M39/L39,"") | O39: =O38 -> 0 | P39: =COUNTIFS('C+8 Data'!$AB:$AB,O$1,'C+8 Data'!$P:$P,$B39) -> 0 | Q39: =IF(O39 <> 0,P39/O39,"") | R39: =R38 -> 0 | S39: =COUNTIFS('C+8 Data'!$AB:$AB,R$1,'C+8 Data'!$P:$P,$B39) -> 0 | T39: =IF(R39 <> 0,S39/R39,"") | U39: =U38 -> 0 | V39: =COUNTIFS('C+8 Data'!$AB:$AB,U$1,'C+8 Data'!$P:$P,$B39) -> 0 | W39: =IF(U39 <> 0,V39/U39,"") | X39: =X38 -> 0 | Y39: =COUNTIFS('C+8 Data'!$AB:$AB,X$1,'C+8 Data'!$P:$P,$B39) -> 0 | Z39: =IF(X39 <> 0,Y39/X39,"") | AA39: =AA38 -> 0 | AB39: =COUNTIFS('C+8 Data'!$AB:$AB,AA$1,'C+8 Data'!$P:$P,$B39) -> 0 | AC39: =IF(AA39 <> 0,AB39/AA39,"") | AD39: =AD38 -> 0 | AE39: =COUNTIFS('C+8 Data'!$AB:$AB,AD$1,'C+8 Data'!$P:$P,$B39) -> 0 | AF39: =IF(AD39 <> 0,AE39/AD39,"") | AG39: =AG38 -> 0 | AH39: =COUNTIFS('C+8 Data'!$AB:$AB,AG$1,'C+8 Data'!$P:$P,$B39) -> 0 | AI39: =IF(AG39 <> 0,AH39/AG39,"") | AJ39: =AJ38 -> 0 | AK39: =COUNTIFS('C+8 Data'!$AB:$AB,AJ$1,'C+8 Data'!$P:$P,$B39) -> 0 | AL39: =IF(AJ39 <> 0,AK39/AJ39,"") | AM39: =AM38 -> 0 | AN39: =COUNTIFS('C+8 Data'!$AB:$AB,AM$1,'C+8 Data'!$P:$P,$B39) -> 0 | AO39: =IF(AM39 <> 0,AN39/AM39,"")
A40: 7.2 | B40: Your risk factors
B41: Yes | C41: =COUNTIF('C+8 Data'!$Q:$Q,"<>" & "")-1 -> 1 | D41: =G41+J41+M41+P41+S41+V41+Y41+AB41+AE41+AH41+AK41+AN41 -> 1 | E41: =IF(C41 <> 0,D41/C41,"") -> 1 | F41: =COUNTIFS('C+8 Data'!$AB:$AB,F$1,'C+8 Data'!$Q:$Q,"<>" & "") -> 0 | G41: =COUNTIFS('C+8 Data'!$AB:$AB,F$1,'C+8 Data'!$Q:$Q,$B41) -> 0 | H41: =IF(F41 <> 0,G41/F41,"") | I41: =COUNTIFS('C+8 Data'!$AB:$AB,I$1,'C+8 Data'!$Q:$Q,"<>" & "") -> 1 | J41: =COUNTIFS('C+8 Data'!$AB:$AB,I$1,'C+8 Data'!$Q:$Q,$B41) -> 1 | K41: =IF(I41 <> 0,J41/I41,"") -> 1 | L41: =COUNTIFS('C+8 Data'!$AB:$AB,L$1,'C+8 Data'!$Q:$Q,"<>" & "") -> 0 | M41: =COUNTIFS('C+8 Data'!$AB:$AB,L$1,'C+8 Data'!$Q:$Q,$B41) -> 0 | N41: =IF(L41 <> 0,M41/L41,"") | O41: =COUNTIFS('C+8 Data'!$AB:$AB,O$1,'C+8 Data'!$Q:$Q,"<>" & "") -> 0 | P41: =COUNTIFS('C+8 Data'!$AB:$AB,O$1,'C+8 Data'!$Q:$Q,$B41) -> 0 | Q41: =IF(O41 <> 0,P41/O41,"") | R41: =COUNTIFS('C+8 Data'!$AB:$AB,R$1,'C+8 Data'!$Q:$Q,"<>" & "") -> 0 | S41: =COUNTIFS('C+8 Data'!$AB:$AB,R$1,'C+8 Data'!$Q:$Q,$B41) -> 0 | T41: =IF(R41 <> 0,S41/R41,"") | U41: =COUNTIFS('C+8 Data'!$AB:$AB,U$1,'C+8 Data'!$Q:$Q,"<>" & "") -> 0 | V41: =COUNTIFS('C+8 Data'!$AB:$AB,U$1,'C+8 Data'!$Q:$Q,$B41) -> 0 | W41: =IF(U41 <> 0,V41/U41,"") | X41: =COUNTIFS('C+8 Data'!$AB:$AB,X$1,'C+8 Data'!$Q:$Q,"<>" & "") -> 0 | Y41: =COUNTIFS('C+8 Data'!$AB:$AB,X$1,'C+8 Data'!$Q:$Q,$B41) -> 0 | Z41: =IF(X41 <> 0,Y41/X41,"") | AA41: =COUNTIFS('C+8 Data'!$AB:$AB,AA$1,'C+8 Data'!$Q:$Q,"<>" & "") -> 0 | AB41: =COUNTIFS('C+8 Data'!$AB:$AB,AA$1,'C+8 Data'!$Q:$Q,$B41) -> 0 | AC41: =IF(AA41 <> 0,AB41/AA41,"") | AD41: =COUNTIFS('C+8 Data'!$AB:$AB,AD$1,'C+8 Data'!$Q:$Q,"<>" & "") -> 0 | AE41: =COUNTIFS('C+8 Data'!$AB:$AB,AD$1,'C+8 Data'!$Q:$Q,$B41) -> 0 | AF41: =IF(AD41 <> 0,AE41/AD41,"") | AG41: =COUNTIFS('C+8 Data'!$AB:$AB,AG$1,'C+8 Data'!$Q:$Q,"<>" & "") -> 0 | AH41: =COUNTIFS('C+8 Data'!$AB:$AB,AG$1,'C+8 Data'!$Q:$Q,$B41) -> 0 | AI41: =IF(AG41 <> 0,AH41/AG41,"") | AJ41: =COUNTIFS('C+8 Data'!$AB:$AB,AJ$1,'C+8 Data'!$Q:$Q,"<>" & "") -> 0 | AK41: =COUNTIFS('C+8 Data'!$AB:$AB,AJ$1,'C+8 Data'!$Q:$Q,$B41) -> 0 | AL41: =IF(AJ41 <> 0,AK41/AJ41,"") | AM41: =COUNTIFS('C+8 Data'!$AB:$AB,AM$1,'C+8 Data'!$Q:$Q,"<>" & "") -> 0 | AN41: =COUNTIFS('C+8 Data'!$AB:$AB,AM$1,'C+8 Data'!$Q:$Q,$B41) -> 0 | AO41: =IF(AM41 <> 0,AN41/AM41,"")
B42: No | C42: =C41 -> 1 | D42: =G42+J42+M42+P42+S42+V42+Y42+AB42+AE42+AH42+AK42+AN42 -> 0 | E42: =IF(C42 <> 0,D42/C42,"") -> 0 | F42: =F41 -> 0 | G42: =COUNTIFS('C+8 Data'!$AB:$AB,F$1,'C+8 Data'!$Q:$Q,$B42) -> 0 | H42: =IF(F42 <> 0,G42/F42,"") | I42: =I41 -> 1 | J42: =COUNTIFS('C+8 Data'!$AB:$AB,I$1,'C+8 Data'!$Q:$Q,$B42) -> 0 | K42: =IF(I42 <> 0,J42/I42,"") -> 0 | L42: =L41 -> 0 | M42: =COUNTIFS('C+8 Data'!$AB:$AB,L$1,'C+8 Data'!$Q:$Q,$B42) -> 0 | N42: =IF(L42 <> 0,M42/L42,"") | O42: =O41 -> 0 | P42: =COUNTIFS('C+8 Data'!$AB:$AB,O$1,'C+8 Data'!$Q:$Q,$B42) -> 0 | Q42: =IF(O42 <> 0,P42/O42,"") | R42: =R41 -> 0 | S42: =COUNTIFS('C+8 Data'!$AB:$AB,R$1,'C+8 Data'!$Q:$Q,$B42) -> 0 | T42: =IF(R42 <> 0,S42/R42,"") | U42: =U41 -> 0 | V42: =COUNTIFS('C+8 Data'!$AB:$AB,U$1,'C+8 Data'!$Q:$Q,$B42) -> 0 | W42: =IF(U42 <> 0,V42/U42,"") | X42: =X41 -> 0 | Y42: =COUNTIFS('C+8 Data'!$AB:$AB,X$1,'C+8 Data'!$Q:$Q,$B42) -> 0 | Z42: =IF(X42 <> 0,Y42/X42,"") | AA42: =AA41 -> 0 | AB42: =COUNTIFS('C+8 Data'!$AB:$AB,AA$1,'C+8 Data'!$Q:$Q,$B42) -> 0 | AC42: =IF(AA42 <> 0,AB42/AA42,"") | AD42: =AD41 -> 0 | AE42: =COUNTIFS('C+8 Data'!$AB:$AB,AD$1,'C+8 Data'!$Q:$Q,$B42) -> 0 | AF42: =IF(AD42 <> 0,AE42/AD42,"") | AG42: =AG41 -> 0 | AH42: =COUNTIFS('C+8 Data'!$AB:$AB,AG$1,'C+8 Data'!$Q:$Q,$B42) -> 0 | AI42: =IF(AG42 <> 0,AH42/AG42,"") | AJ42: =AJ41 -> 0 | AK42: =COUNTIFS('C+8 Data'!$AB:$AB,AJ$1,'C+8 Data'!$Q:$Q,$B42) -> 0 | AL42: =IF(AJ42 <> 0,AK42/AJ42,"") | AM42: =AM41 -> 0 | AN42: =COUNTIFS('C+8 Data'!$AB:$AB,AM$1,'C+8 Data'!$Q:$Q,$B42) -> 0 | AO42: =IF(AM42 <> 0,AN42/AM42,"")
A43: 7.3 | B43: Dos and Don't for you
B44: Yes | C44: =COUNTIF('C+8 Data'!$R:$R,"<>" & "")-1 -> 1 | D44: =G44+J44+M44+P44+S44+V44+Y44+AB44+AE44+AH44+AK44+AN44 -> 1 | E44: =IF(C44 <> 0,D44/C44,"") -> 1 | F44: =COUNTIFS('C+8 Data'!$AB:$AB,F$1,'C+8 Data'!$R:$R,"<>" & "") -> 0 | G44: =COUNTIFS('C+8 Data'!$AB:$AB,F$1,'C+8 Data'!$R:$R,$B44) -> 0 | H44: =IF(F44 <> 0,G44/F44,"") | I44: =COUNTIFS('C+8 Data'!$AB:$AB,I$1,'C+8 Data'!$R:$R,"<>" & "") -> 1 | J44: =COUNTIFS('C+8 Data'!$AB:$AB,I$1,'C+8 Data'!$R:$R,$B44) -> 1 | K44: =IF(I44 <> 0,J44/I44,"") -> 1 | L44: =COUNTIFS('C+8 Data'!$AB:$AB,L$1,'C+8 Data'!$R:$R,"<>" & "") -> 0 | M44: =COUNTIFS('C+8 Data'!$AB:$AB,L$1,'C+8 Data'!$R:$R,$B44) -> 0 | N44: =IF(L44 <> 0,M44/L44,"") | O44: =COUNTIFS('C+8 Data'!$AB:$AB,O$1,'C+8 Data'!$R:$R,"<>" & "") -> 0 | P44: =COUNTIFS('C+8 Data'!$AB:$AB,O$1,'C+8 Data'!$R:$R,$B44) -> 0 | Q44: =IF(O44 <> 0,P44/O44,"") | R44: =COUNTIFS('C+8 Data'!$AB:$AB,R$1,'C+8 Data'!$R:$R,"<>" & "") -> 0 | S44: =COUNTIFS('C+8 Data'!$AB:$AB,R$1,'C+8 Data'!$R:$R,$B44) -> 0 | T44: =IF(R44 <> 0,S44/R44,"") | U44: =COUNTIFS('C+8 Data'!$AB:$AB,U$1,'C+8 Data'!$R:$R,"<>" & "") -> 0 | V44: =COUNTIFS('C+8 Data'!$AB:$AB,U$1,'C+8 Data'!$R:$R,$B44) -> 0 | W44: =IF(U44 <> 0,V44/U44,"") | X44: =COUNTIFS('C+8 Data'!$AB:$AB,X$1,'C+8 Data'!$R:$R,"<>" & "") -> 0 | Y44: =COUNTIFS('C+8 Data'!$AB:$AB,X$1,'C+8 Data'!$R:$R,$B44) -> 0 | Z44: =IF(X44 <> 0,Y44/X44,"") | AA44: =COUNTIFS('C+8 Data'!$AB:$AB,AA$1,'C+8 Data'!$R:$R,"<>" & "") -> 0 | AB44: =COUNTIFS('C+8 Data'!$AB:$AB,AA$1,'C+8 Data'!$R:$R,$B44) -> 0 | AC44: =IF(AA44 <> 0,AB44/AA44,"") | AD44: =COUNTIFS('C+8 Data'!$AB:$AB,AD$1,'C+8 Data'!$R:$R,"<>" & "") -> 0 | AE44: =COUNTIFS('C+8 Data'!$AB:$AB,AD$1,'C+8 Data'!$R:$R,$B44) -> 0 | AF44: =IF(AD44 <> 0,AE44/AD44,"") | AG44: =COUNTIFS('C+8 Data'!$AB:$AB,AG$1,'C+8 Data'!$R:$R,"<>" & "") -> 0 | AH44: =COUNTIFS('C+8 Data'!$AB:$AB,AG$1,'C+8 Data'!$R:$R,$B44) -> 0 | AI44: =IF(AG44 <> 0,AH44/AG44,"") | AJ44: =COUNTIFS('C+8 Data'!$AB:$AB,AJ$1,'C+8 Data'!$R:$R,"<>" & "") -> 0 | AK44: =COUNTIFS('C+8 Data'!$AB:$AB,AJ$1,'C+8 Data'!$R:$R,$B44) -> 0 | AL44: =IF(AJ44 <> 0,AK44/AJ44,"") | AM44: =COUNTIFS('C+8 Data'!$AB:$AB,AM$1,'C+8 Data'!$R:$R,"<>" & "") -> 0 | AN44: =COUNTIFS('C+8 Data'!$AB:$AB,AM$1,'C+8 Data'!$R:$R,$B44) -> 0 | AO44: =IF(AM44 <> 0,AN44/AM44,"")
B45: No | C45: =C44 -> 1 | D45: =G45+J45+M45+P45+S45+V45+Y45+AB45+AE45+AH45+AK45+AN45 -> 0 | E45: =IF(C45 <> 0,D45/C45,"") -> 0 | F45: =F44 -> 0 | G45: =COUNTIFS('C+8 Data'!$AB:$AB,F$1,'C+8 Data'!$R:$R,$B45) -> 0 | H45: =IF(F45 <> 0,G45/F45,"") | I45: =I44 -> 1 | J45: =COUNTIFS('C+8 Data'!$AB:$AB,I$1,'C+8 Data'!$R:$R,$B45) -> 0 | K45: =IF(I45 <> 0,J45/I45,"") -> 0 | L45: =L44 -> 0 | M45: =COUNTIFS('C+8 Data'!$AB:$AB,L$1,'C+8 Data'!$R:$R,$B45) -> 0 | N45: =IF(L45 <> 0,M45/L45,"") | O45: =O44 -> 0 | P45: =COUNTIFS('C+8 Data'!$AB:$AB,O$1,'C+8 Data'!$R:$R,$B45) -> 0 | Q45: =IF(O45 <> 0,P45/O45,"") | R45: =R44 -> 0 | S45: =COUNTIFS('C+8 Data'!$AB:$AB,R$1,'C+8 Data'!$R:$R,$B45) -> 0 | T45: =IF(R45 <> 0,S45/R45,"") | U45: =U44 -> 0 | V45: =COUNTIFS('C+8 Data'!$AB:$AB,U$1,'C+8 Data'!$R:$R,$B45) -> 0 | W45: =IF(U45 <> 0,V45/U45,"") | X45: =X44 -> 0 | Y45: =COUNTIFS('C+8 Data'!$AB:$AB,X$1,'C+8 Data'!$R:$R,$B45) -> 0 | Z45: =IF(X45 <> 0,Y45/X45,"") | AA45: =AA44 -> 0 | AB45: =COUNTIFS('C+8 Data'!$AB:$AB,AA$1,'C+8 Data'!$R:$R,$B45) -> 0 | AC45: =IF(AA45 <> 0,AB45/AA45,"") | AD45: =AD44 -> 0 | AE45: =COUNTIFS('C+8 Data'!$AB:$AB,AD$1,'C+8 Data'!$R:$R,$B45) -> 0 | AF45: =IF(AD45 <> 0,AE45/AD45,"") | AG45: =AG44 -> 0 | AH45: =COUNTIFS('C+8 Data'!$AB:$AB,AG$1,'C+8 Data'!$R:$R,$B45) -> 0 | AI45: =IF(AG45 <> 0,AH45/AG45,"") | AJ45: =AJ44 -> 0 | AK45: =COUNTIFS('C+8 Data'!$AB:$AB,AJ$1,'C+8 Data'!$R:$R,$B45) -> 0 | AL45: =IF(AJ45 <> 0,AK45/AJ45,"") | AM45: =AM44 -> 0 | AN45: =COUNTIFS('C+8 Data'!$AB:$AB,AM$1,'C+8 Data'!$R:$R,$B45) -> 0 | AO45: =IF(AM45 <> 0,AN45/AM45,"")
A46: 7.4 | B46: Diet-lifestyle-medicine-treatment process
B47: Yes | C47: =COUNTIF('C+8 Data'!$S:$S,"<>" & "")-1 -> 1 | D47: =G47+J47+M47+P47+S47+V47+Y47+AB47+AE47+AH47+AK47+AN47 -> 1 | E47: =IF(C47 <> 0,D47/C47,"") -> 1 | F47: =COUNTIFS('C+8 Data'!$AB:$AB,F$1,'C+8 Data'!$S:$S,"<>" & "") -> 0 | G47: =COUNTIFS('C+8 Data'!$AB:$AB,F$1,'C+8 Data'!$S:$S,$B47) -> 0 | H47: =IF(F47 <> 0,G47/F47,"") | I47: =COUNTIFS('C+8 Data'!$AB:$AB,I$1,'C+8 Data'!$S:$S,"<>" & "") -> 1 | J47: =COUNTIFS('C+8 Data'!$AB:$AB,I$1,'C+8 Data'!$S:$S,$B47) -> 1 | K47: =IF(I47 <> 0,J47/I47,"") -> 1 | L47: =COUNTIFS('C+8 Data'!$AB:$AB,L$1,'C+8 Data'!$S:$S,"<>" & "") -> 0 | M47: =COUNTIFS('C+8 Data'!$AB:$AB,L$1,'C+8 Data'!$S:$S,$B47) -> 0 | N47: =IF(L47 <> 0,M47/L47,"") | O47: =COUNTIFS('C+8 Data'!$AB:$AB,O$1,'C+8 Data'!$S:$S,"<>" & "") -> 0 | P47: =COUNTIFS('C+8 Data'!$AB:$AB,O$1,'C+8 Data'!$S:$S,$B47) -> 0 | Q47: =IF(O47 <> 0,P47/O47,"") | R47: =COUNTIFS('C+8 Data'!$AB:$AB,R$1,'C+8 Data'!$S:$S,"<>" & "") -> 0 | S47: =COUNTIFS('C+8 Data'!$AB:$AB,R$1,'C+8 Data'!$S:$S,$B47) -> 0 | T47: =IF(R47 <> 0,S47/R47,"") | U47: =COUNTIFS('C+8 Data'!$AB:$AB,U$1,'C+8 Data'!$S:$S,"<>" & "") -> 0 | V47: =COUNTIFS('C+8 Data'!$AB:$AB,U$1,'C+8 Data'!$S:$S,$B47) -> 0 | W47: =IF(U47 <> 0,V47/U47,"") | X47: =COUNTIFS('C+8 Data'!$AB:$AB,X$1,'C+8 Data'!$S:$S,"<>" & "") -> 0 | Y47: =COUNTIFS('C+8 Data'!$AB:$AB,X$1,'C+8 Data'!$S:$S,$B47) -> 0 | Z47: =IF(X47 <> 0,Y47/X47,"") | AA47: =COUNTIFS('C+8 Data'!$AB:$AB,AA$1,'C+8 Data'!$S:$S,"<>" & "") -> 0 | AB47: =COUNTIFS('C+8 Data'!$AB:$AB,AA$1,'C+8 Data'!$S:$S,$B47) -> 0 | AC47: =IF(AA47 <> 0,AB47/AA47,"") | AD47: =COUNTIFS('C+8 Data'!$AB:$AB,AD$1,'C+8 Data'!$S:$S,"<>" & "") -> 0 | AE47: =COUNTIFS('C+8 Data'!$AB:$AB,AD$1,'C+8 Data'!$S:$S,$B47) -> 0 | AF47: =IF(AD47 <> 0,AE47/AD47,"") | AG47: =COUNTIFS('C+8 Data'!$AB:$AB,AG$1,'C+8 Data'!$S:$S,"<>" & "") -> 0 | AH47: =COUNTIFS('C+8 Data'!$AB:$AB,AG$1,'C+8 Data'!$S:$S,$B47) -> 0 | AI47: =IF(AG47 <> 0,AH47/AG47,"") | AJ47: =COUNTIFS('C+8 Data'!$AB:$AB,AJ$1,'C+8 Data'!$S:$S,"<>" & "") -> 0 | AK47: =COUNTIFS('C+8 Data'!$AB:$AB,AJ$1,'C+8 Data'!$S:$S,$B47) -> 0 | AL47: =IF(AJ47 <> 0,AK47/AJ47,"") | AM47: =COUNTIFS('C+8 Data'!$AB:$AB,AM$1,'C+8 Data'!$S:$S,"<>" & "") -> 0 | AN47: =COUNTIFS('C+8 Data'!$AB:$AB,AM$1,'C+8 Data'!$S:$S,$B47) -> 0 | AO47: =IF(AM47 <> 0,AN47/AM47,"")
B48: No | C48: =C47 -> 1 | D48: =G48+J48+M48+P48+S48+V48+Y48+AB48+AE48+AH48+AK48+AN48 -> 0 | E48: =IF(C48 <> 0,D48/C48,"") -> 0 | F48: =F47 -> 0 | G48: =COUNTIFS('C+8 Data'!$AB:$AB,F$1,'C+8 Data'!$S:$S,$B48) -> 0 | H48: =IF(F48 <> 0,G48/F48,"") | I48: =I47 -> 1 | J48: =COUNTIFS('C+8 Data'!$AB:$AB,I$1,'C+8 Data'!$S:$S,$B48) -> 0 | K48: =IF(I48 <> 0,J48/I48,"") -> 0 | L48: =L47 -> 0 | M48: =COUNTIFS('C+8 Data'!$AB:$AB,L$1,'C+8 Data'!$S:$S,$B48) -> 0 | N48: =IF(L48 <> 0,M48/L48,"") | O48: =O47 -> 0 | P48: =COUNTIFS('C+8 Data'!$AB:$AB,O$1,'C+8 Data'!$S:$S,$B48) -> 0 | Q48: =IF(O48 <> 0,P48/O48,"") | R48: =R47 -> 0 | S48: =COUNTIFS('C+8 Data'!$AB:$AB,R$1,'C+8 Data'!$S:$S,$B48) -> 0 | T48: =IF(R48 <> 0,S48/R48,"") | U48: =U47 -> 0 | V48: =COUNTIFS('C+8 Data'!$AB:$AB,U$1,'C+8 Data'!$S:$S,$B48) -> 0 | W48: =IF(U48 <> 0,V48/U48,"") | X48: =X47 -> 0 | Y48: =COUNTIFS('C+8 Data'!$AB:$AB,X$1,'C+8 Data'!$S:$S,$B48) -> 0 | Z48: =IF(X48 <> 0,Y48/X48,"") | AA48: =AA47 -> 0 | AB48: =COUNTIFS('C+8 Data'!$AB:$AB,AA$1,'C+8 Data'!$S:$S,$B48) -> 0 | AC48: =IF(AA48 <> 0,AB48/AA48,"") | AD48: =AD47 -> 0 | AE48: =COUNTIFS('C+8 Data'!$AB:$AB,AD$1,'C+8 Data'!$S:$S,$B48) -> 0 | AF48: =IF(AD48 <> 0,AE48/AD48,"") | AG48: =AG47 -> 0 | AH48: =COUNTIFS('C+8 Data'!$AB:$AB,AG$1,'C+8 Data'!$S:$S,$B48) -> 0 | AI48: =IF(AG48 <> 0,AH48/AG48,"") | AJ48: =AJ47 -> 0 | AK48: =COUNTIFS('C+8 Data'!$AB:$AB,AJ$1,'C+8 Data'!$S:$S,$B48) -> 0 | AL48: =IF(AJ48 <> 0,AK48/AJ48,"") | AM48: =AM47 -> 0 | AN48: =COUNTIFS('C+8 Data'!$AB:$AB,AM$1,'C+8 Data'!$S:$S,$B48) -> 0 | AO48: =IF(AM48 <> 0,AN48/AM48,"")
A49: 7.5 | B49: Health outcomes that you may expect
B50: Yes | C50: =COUNTIF('C+8 Data'!$T:$T,"<>" & "")-1 -> 1 | D50: =G50+J50+M50+P50+S50+V50+Y50+AB50+AE50+AH50+AK50+AN50 -> 1 | E50: =IF(C50 <> 0,D50/C50,"") -> 1 | F50: =COUNTIFS('C+8 Data'!$AB:$AB,F$1,'C+8 Data'!$T:$T,"<>" & "") -> 0 | G50: =COUNTIFS('C+8 Data'!$AB:$AB,F$1,'C+8 Data'!$T:$T,$B50) -> 0 | H50: =IF(F50 <> 0,G50/F50,"") | I50: =COUNTIFS('C+8 Data'!$AB:$AB,I$1,'C+8 Data'!$T:$T,"<>" & "") -> 1 | J50: =COUNTIFS('C+8 Data'!$AB:$AB,I$1,'C+8 Data'!$T:$T,$B50) -> 1 | K50: =IF(I50 <> 0,J50/I50,"") -> 1 | L50: =COUNTIFS('C+8 Data'!$AB:$AB,L$1,'C+8 Data'!$T:$T,"<>" & "") -> 0 | M50: =COUNTIFS('C+8 Data'!$AB:$AB,L$1,'C+8 Data'!$T:$T,$B50) -> 0 | N50: =IF(L50 <> 0,M50/L50,"") | O50: =COUNTIFS('C+8 Data'!$AB:$AB,O$1,'C+8 Data'!$T:$T,"<>" & "") -> 0 | P50: =COUNTIFS('C+8 Data'!$AB:$AB,O$1,'C+8 Data'!$T:$T,$B50) -> 0 | Q50: =IF(O50 <> 0,P50/O50,"") | R50: =COUNTIFS('C+8 Data'!$AB:$AB,R$1,'C+8 Data'!$T:$T,"<>" & "") -> 0 | S50: =COUNTIFS('C+8 Data'!$AB:$AB,R$1,'C+8 Data'!$T:$T,$B50) -> 0 | T50: =IF(R50 <> 0,S50/R50,"") | U50: =COUNTIFS('C+8 Data'!$AB:$AB,U$1,'C+8 Data'!$T:$T,"<>" & "") -> 0 | V50: =COUNTIFS('C+8 Data'!$AB:$AB,U$1,'C+8 Data'!$T:$T,$B50) -> 0 | W50: =IF(U50 <> 0,V50/U50,"") | X50: =COUNTIFS('C+8 Data'!$AB:$AB,X$1,'C+8 Data'!$T:$T,"<>" & "") -> 0 | Y50: =COUNTIFS('C+8 Data'!$AB:$AB,X$1,'C+8 Data'!$T:$T,$B50) -> 0 | Z50: =IF(X50 <> 0,Y50/X50,"") | AA50: =COUNTIFS('C+8 Data'!$AB:$AB,AA$1,'C+8 Data'!$T:$T,"<>" & "") -> 0 | AB50: =COUNTIFS('C+8 Data'!$AB:$AB,AA$1,'C+8 Data'!$T:$T,$B50) -> 0 | AC50: =IF(AA50 <> 0,AB50/AA50,"") | AD50: =COUNTIFS('C+8 Data'!$AB:$AB,AD$1,'C+8 Data'!$T:$T,"<>" & "") -> 0 | AE50: =COUNTIFS('C+8 Data'!$AB:$AB,AD$1,'C+8 Data'!$T:$T,$B50) -> 0 | AF50: =IF(AD50 <> 0,AE50/AD50,"") | AG50: =COUNTIFS('C+8 Data'!$AB:$AB,AG$1,'C+8 Data'!$T:$T,"<>" & "") -> 0 | AH50: =COUNTIFS('C+8 Data'!$AB:$AB,AG$1,'C+8 Data'!$T:$T,$B50) -> 0 | AI50: =IF(AG50 <> 0,AH50/AG50,"") | AJ50: =COUNTIFS('C+8 Data'!$AB:$AB,AJ$1,'C+8 Data'!$T:$T,"<>" & "") -> 0 | AK50: =COUNTIFS('C+8 Data'!$AB:$AB,AJ$1,'C+8 Data'!$T:$T,$B50) -> 0 | AL50: =IF(AJ50 <> 0,AK50/AJ50,"") | AM50: =COUNTIFS('C+8 Data'!$AB:$AB,AM$1,'C+8 Data'!$T:$T,"<>" & "") -> 0 | AN50: =COUNTIFS('C+8 Data'!$AB:$AB,AM$1,'C+8 Data'!$T:$T,$B50) -> 0 | AO50: =IF(AM50 <> 0,AN50/AM50,"")
B51: No | C51: =C50 -> 1 | D51: =G51+J51+M51+P51+S51+V51+Y51+AB51+AE51+AH51+AK51+AN51 -> 0 | E51: =IF(C51 <> 0,D51/C51,"") -> 0 | F51: =F50 -> 0 | G51: =COUNTIFS('C+8 Data'!$AB:$AB,F$1,'C+8 Data'!$T:$T,$B51) -> 0 | H51: =IF(F51 <> 0,G51/F51,"") | I51: =I50 -> 1 | J51: =COUNTIFS('C+8 Data'!$AB:$AB,I$1,'C+8 Data'!$T:$T,$B51) -> 0 | K51: =IF(I51 <> 0,J51/I51,"") -> 0 | L51: =L50 -> 0 | M51: =COUNTIFS('C+8 Data'!$AB:$AB,L$1,'C+8 Data'!$T:$T,$B51) -> 0 | N51: =IF(L51 <> 0,M51/L51,"") | O51: =O50 -> 0 | P51: =COUNTIFS('C+8 Data'!$AB:$AB,O$1,'C+8 Data'!$T:$T,$B51) -> 0 | Q51: =IF(O51 <> 0,P51/O51,"") | R51: =R50 -> 0 | S51: =COUNTIFS('C+8 Data'!$AB:$AB,R$1,'C+8 Data'!$T:$T,$B51) -> 0 | T51: =IF(R51 <> 0,S51/R51,"") | U51: =U50 -> 0 | V51: =COUNTIFS('C+8 Data'!$AB:$AB,U$1,'C+8 Data'!$T:$T,$B51) -> 0 | W51: =IF(U51 <> 0,V51/U51,"") | X51: =X50 -> 0 | Y51: =COUNTIFS('C+8 Data'!$AB:$AB,X$1,'C+8 Data'!$T:$T,$B51) -> 0 | Z51: =IF(X51 <> 0,Y51/X51,"") | AA51: =AA50 -> 0 | AB51: =COUNTIFS('C+8 Data'!$AB:$AB,AA$1,'C+8 Data'!$T:$T,$B51) -> 0 | AC51: =IF(AA51 <> 0,AB51/AA51,"") | AD51: =AD50 -> 0 | AE51: =COUNTIFS('C+8 Data'!$AB:$AB,AD$1,'C+8 Data'!$T:$T,$B51) -> 0 | AF51: =IF(AD51 <> 0,AE51/AD51,"") | AG51: =AG50 -> 0 | AH51: =COUNTIFS('C+8 Data'!$AB:$AB,AG$1,'C+8 Data'!$T:$T,$B51) -> 0 | AI51: =IF(AG51 <> 0,AH51/AG51,"") | AJ51: =AJ50 -> 0 | AK51: =COUNTIFS('C+8 Data'!$AB:$AB,AJ$1,'C+8 Data'!$T:$T,$B51) -> 0 | AL51: =IF(AJ51 <> 0,AK51/AJ51,"") | AM51: =AM50 -> 0 | AN51: =COUNTIFS('C+8 Data'!$AB:$AB,AM$1,'C+8 Data'!$T:$T,$B51) -> 0 | AO51: =IF(AM51 <> 0,AN51/AM51,"")
A52: 7.6 | B52: The review date
B53: Yes | C53: =COUNTIF('C+8 Data'!$U:$U,"<>" & "")-1 -> 1 | D53: =G53+J53+M53+P53+S53+V53+Y53+AB53+AE53+AH53+AK53+AN53 -> 1 | E53: =IF(C53 <> 0,D53/C53,"") -> 1 | F53: =COUNTIFS('C+8 Data'!$AB:$AB,F$1,'C+8 Data'!$U:$U,"<>" & "") -> 0 | G53: =COUNTIFS('C+8 Data'!$AB:$AB,F$1,'C+8 Data'!$U:$U,$B53) -> 0 | H53: =IF(F53 <> 0,G53/F53,"") | I53: =COUNTIFS('C+8 Data'!$AB:$AB,I$1,'C+8 Data'!$U:$U,"<>" & "") -> 1 | J53: =COUNTIFS('C+8 Data'!$AB:$AB,I$1,'C+8 Data'!$U:$U,$B53) -> 1 | K53: =IF(I53 <> 0,J53/I53,"") -> 1 | L53: =COUNTIFS('C+8 Data'!$AB:$AB,L$1,'C+8 Data'!$U:$U,"<>" & "") -> 0 | M53: =COUNTIFS('C+8 Data'!$AB:$AB,L$1,'C+8 Data'!$U:$U,$B53) -> 0 | N53: =IF(L53 <> 0,M53/L53,"") | O53: =COUNTIFS('C+8 Data'!$AB:$AB,O$1,'C+8 Data'!$U:$U,"<>" & "") -> 0 | P53: =COUNTIFS('C+8 Data'!$AB:$AB,O$1,'C+8 Data'!$U:$U,$B53) -> 0 | Q53: =IF(O53 <> 0,P53/O53,"") | R53: =COUNTIFS('C+8 Data'!$AB:$AB,R$1,'C+8 Data'!$U:$U,"<>" & "") -> 0 | S53: =COUNTIFS('C+8 Data'!$AB:$AB,R$1,'C+8 Data'!$U:$U,$B53) -> 0 | T53: =IF(R53 <> 0,S53/R53,"") | U53: =COUNTIFS('C+8 Data'!$AB:$AB,U$1,'C+8 Data'!$U:$U,"<>" & "") -> 0 | V53: =COUNTIFS('C+8 Data'!$AB:$AB,U$1,'C+8 Data'!$U:$U,$B53) -> 0 | W53: =IF(U53 <> 0,V53/U53,"") | X53: =COUNTIFS('C+8 Data'!$AB:$AB,X$1,'C+8 Data'!$U:$U,"<>" & "") -> 0 | Y53: =COUNTIFS('C+8 Data'!$AB:$AB,X$1,'C+8 Data'!$U:$U,$B53) -> 0 | Z53: =IF(X53 <> 0,Y53/X53,"") | AA53: =COUNTIFS('C+8 Data'!$AB:$AB,AA$1,'C+8 Data'!$U:$U,"<>" & "") -> 0 | AB53: =COUNTIFS('C+8 Data'!$AB:$AB,AA$1,'C+8 Data'!$U:$U,$B53) -> 0 | AC53: =IF(AA53 <> 0,AB53/AA53,"") | AD53: =COUNTIFS('C+8 Data'!$AB:$AB,AD$1,'C+8 Data'!$U:$U,"<>" & "") -> 0 | AE53: =COUNTIFS('C+8 Data'!$AB:$AB,AD$1,'C+8 Data'!$U:$U,$B53) -> 0 | AF53: =IF(AD53 <> 0,AE53/AD53,"") | AG53: =COUNTIFS('C+8 Data'!$AB:$AB,AG$1,'C+8 Data'!$U:$U,"<>" & "") -> 0 | AH53: =COUNTIFS('C+8 Data'!$AB:$AB,AG$1,'C+8 Data'!$U:$U,$B53) -> 0 | AI53: =IF(AG53 <> 0,AH53/AG53,"") | AJ53: =COUNTIFS('C+8 Data'!$AB:$AB,AJ$1,'C+8 Data'!$U:$U,"<>" & "") -> 0 | AK53: =COUNTIFS('C+8 Data'!$AB:$AB,AJ$1,'C+8 Data'!$U:$U,$B53) -> 0 | AL53: =IF(AJ53 <> 0,AK53/AJ53,"") | AM53: =COUNTIFS('C+8 Data'!$AB:$AB,AM$1,'C+8 Data'!$U:$U,"<>" & "") -> 0 | AN53: =COUNTIFS('C+8 Data'!$AB:$AB,AM$1,'C+8 Data'!$U:$U,$B53) -> 0 | AO53: =IF(AM53 <> 0,AN53/AM53,"")
B54: No | C54: =C53 -> 1 | D54: =G54+J54+M54+P54+S54+V54+Y54+AB54+AE54+AH54+AK54+AN54 -> 0 | E54: =IF(C54 <> 0,D54/C54,"") -> 0 | F54: =F53 -> 0 | G54: =COUNTIFS('C+8 Data'!$AB:$AB,F$1,'C+8 Data'!$U:$U,$B54) -> 0 | H54: =IF(F54 <> 0,G54/F54,"") | I54: =I53 -> 1 | J54: =COUNTIFS('C+8 Data'!$AB:$AB,I$1,'C+8 Data'!$U:$U,$B54) -> 0 | K54: =IF(I54 <> 0,J54/I54,"") -> 0 | L54: =L53 -> 0 | M54: =COUNTIFS('C+8 Data'!$AB:$AB,L$1,'C+8 Data'!$U:$U,$B54) -> 0 | N54: =IF(L54 <> 0,M54/L54,"") | O54: =O53 -> 0 | P54: =COUNTIFS('C+8 Data'!$AB:$AB,O$1,'C+8 Data'!$U:$U,$B54) -> 0 | Q54: =IF(O54 <> 0,P54/O54,"") | R54: =R53 -> 0 | S54: =COUNTIFS('C+8 Data'!$AB:$AB,R$1,'C+8 Data'!$U:$U,$B54) -> 0 | T54: =IF(R54 <> 0,S54/R54,"") | U54: =U53 -> 0 | V54: =COUNTIFS('C+8 Data'!$AB:$AB,U$1,'C+8 Data'!$U:$U,$B54) -> 0 | W54: =IF(U54 <> 0,V54/U54,"") | X54: =X53 -> 0 | Y54: =COUNTIFS('C+8 Data'!$AB:$AB,X$1,'C+8 Data'!$U:$U,$B54) -> 0 | Z54: =IF(X54 <> 0,Y54/X54,"") | AA54: =AA53 -> 0 | AB54: =COUNTIFS('C+8 Data'!$AB:$AB,AA$1,'C+8 Data'!$U:$U,$B54) -> 0 | AC54: =IF(AA54 <> 0,AB54/AA54,"") | AD54: =AD53 -> 0 | AE54: =COUNTIFS('C+8 Data'!$AB:$AB,AD$1,'C+8 Data'!$U:$U,$B54) -> 0 | AF54: =IF(AD54 <> 0,AE54/AD54,"") | AG54: =AG53 -> 0 | AH54: =COUNTIFS('C+8 Data'!$AB:$AB,AG$1,'C+8 Data'!$U:$U,$B54) -> 0 | AI54: =IF(AG54 <> 0,AH54/AG54,"") | AJ54: =AJ53 -> 0 | AK54: =COUNTIFS('C+8 Data'!$AB:$AB,AJ$1,'C+8 Data'!$U:$U,$B54) -> 0 | AL54: =IF(AJ54 <> 0,AK54/AJ54,"") | AM54: =AM53 -> 0 | AN54: =COUNTIFS('C+8 Data'!$AB:$AB,AM$1,'C+8 Data'!$U:$U,$B54) -> 0 | AO54: =IF(AM54 <> 0,AN54/AM54,"")
A55: 8 | B55: Please rate your overall satisfaction with your consultation
B56: a) Excellent - 100% | C56: =COUNTIF('C+8 Data'!$V:$V,"<>" & "")-1 -> 1 | D56: =G56+J56+M56+P56+S56+V56+Y56+AB56+AE56+AH56+AK56+AN56 -> 1 | E56: =IF(C56 <> 0,D56/C56,"") -> 1 | F56: =COUNTIFS('C+8 Data'!$AB:$AB,F$1,'C+8 Data'!$V:$V,"<>" & "") -> 0 | G56: =COUNTIFS('C+8 Data'!$AB:$AB,F$1,'C+8 Data'!$V:$V,"Very satisfactory (100%)") -> 0 | H56: =IF(F56 <> 0,G56/F56,"") | I56: =COUNTIFS('C+8 Data'!$AB:$AB,I$1,'C+8 Data'!$V:$V,"<>" & "") -> 1 | J56: =COUNTIFS('C+8 Data'!$AB:$AB,I$1,'C+8 Data'!$V:$V,"Very satisfactory (100%)") -> 1 | K56: =IF(I56 <> 0,J56/I56,"") -> 1 | L56: =COUNTIFS('C+8 Data'!$AB:$AB,L$1,'C+8 Data'!$V:$V,"<>" & "") -> 0 | M56: =COUNTIFS('C+8 Data'!$AB:$AB,L$1,'C+8 Data'!$V:$V,"Very satisfactory (100%)") -> 0 | N56: =IF(L56 <> 0,M56/L56,"") | O56: =COUNTIFS('C+8 Data'!$AB:$AB,O$1,'C+8 Data'!$V:$V,"<>" & "") -> 0 | P56: =COUNTIFS('C+8 Data'!$AB:$AB,O$1,'C+8 Data'!$V:$V,"Very satisfactory (100%)") -> 0 | Q56: =IF(O56 <> 0,P56/O56,"") | R56: =COUNTIFS('C+8 Data'!$AB:$AB,R$1,'C+8 Data'!$V:$V,"<>" & "") -> 0 | S56: =COUNTIFS('C+8 Data'!$AB:$AB,R$1,'C+8 Data'!$V:$V,"Very satisfactory (100%)") -> 0 | T56: =IF(R56 <> 0,S56/R56,"") | U56: =COUNTIFS('C+8 Data'!$AB:$AB,U$1,'C+8 Data'!$V:$V,"<>" & "") -> 0 | V56: =COUNTIFS('C+8 Data'!$AB:$AB,U$1,'C+8 Data'!$V:$V,"Very satisfactory (100%)") -> 0 | W56: =IF(U56 <> 0,V56/U56,"") | X56: =COUNTIFS('C+8 Data'!$AB:$AB,X$1,'C+8 Data'!$V:$V,"<>" & "") -> 0 | Y56: =COUNTIFS('C+8 Data'!$AB:$AB,X$1,'C+8 Data'!$V:$V,"Very satisfactory (100%)") -> 0 | Z56: =IF(X56 <> 0,Y56/X56,"") | AA56: =COUNTIFS('C+8 Data'!$AB:$AB,AA$1,'C+8 Data'!$V:$V,"<>" & "") -> 0 | AB56: =COUNTIFS('C+8 Data'!$AB:$AB,AA$1,'C+8 Data'!$V:$V,"Very satisfactory (100%)") -> 0 | AC56: =IF(AA56 <> 0,AB56/AA56,"") | AD56: =COUNTIFS('C+8 Data'!$AB:$AB,AD$1,'C+8 Data'!$V:$V,"<>" & "") -> 0 | AE56: =COUNTIFS('C+8 Data'!$AB:$AB,AD$1,'C+8 Data'!$V:$V,"Very satisfactory (100%)") -> 0 | AF56: =IF(AD56 <> 0,AE56/AD56,"") | AG56: =COUNTIFS('C+8 Data'!$AB:$AB,AG$1,'C+8 Data'!$V:$V,"<>" & "") -> 0 | AH56: =COUNTIFS('C+8 Data'!$AB:$AB,AG$1,'C+8 Data'!$V:$V,"Very satisfactory (100%)") -> 0 | AI56: =IF(AG56 <> 0,AH56/AG56,"") | AJ56: =COUNTIFS('C+8 Data'!$AB:$AB,AJ$1,'C+8 Data'!$V:$V,"<>" & "") -> 0 | AK56: =COUNTIFS('C+8 Data'!$AB:$AB,AJ$1,'C+8 Data'!$V:$V,"Very satisfactory (100%)") -> 0 | AL56: =IF(AJ56 <> 0,AK56/AJ56,"") | AM56: =COUNTIFS('C+8 Data'!$AB:$AB,AM$1,'C+8 Data'!$V:$V,"<>" & "") -> 0 | AN56: =COUNTIFS('C+8 Data'!$AB:$AB,AM$1,'C+8 Data'!$V:$V,"Very satisfactory (100%)") -> 0 | AO56: =IF(AM56 <> 0,AN56/AM56,"")
B57: b) V.Good - 80% | C57: =C56 -> 1 | D57: =G57+J57+M57+P57+S57+V57+Y57+AB57+AE57+AH57+AK57+AN57 -> 0 | E57: =IF(C57 <> 0,D57/C57,"") -> 0 | F57: =F56 -> 0 | G57: =COUNTIFS('C+8 Data'!$AB:$AB,F$1,'C+8 Data'!$V:$V,"Satisfactory (80%)") -> 0 | H57: =IF(F57 <> 0,G57/F57,"") | I57: =I56 -> 1 | J57: =COUNTIFS('C+8 Data'!$AB:$AB,I$1,'C+8 Data'!$V:$V,"Satisfactory (80%)") -> 0 | K57: =IF(I57 <> 0,J57/I57,"") -> 0 | L57: =L56 -> 0 | M57: =COUNTIFS('C+8 Data'!$AB:$AB,L$1,'C+8 Data'!$V:$V,"Satisfactory (80%)") -> 0 | N57: =IF(L57 <> 0,M57/L57,"") | O57: =O56 -> 0 | P57: =COUNTIFS('C+8 Data'!$AB:$AB,O$1,'C+8 Data'!$V:$V,"Satisfactory (80%)") -> 0 | Q57: =IF(O57 <> 0,P57/O57,"") | R57: =R56 -> 0 | S57: =COUNTIFS('C+8 Data'!$AB:$AB,R$1,'C+8 Data'!$V:$V,"Satisfactory (80%)") -> 0 | T57: =IF(R57 <> 0,S57/R57,"") | U57: =U56 -> 0 | V57: =COUNTIFS('C+8 Data'!$AB:$AB,U$1,'C+8 Data'!$V:$V,"Satisfactory (80%)") -> 0 | W57: =IF(U57 <> 0,V57/U57,"") | X57: =X56 -> 0 | Y57: =COUNTIFS('C+8 Data'!$AB:$AB,X$1,'C+8 Data'!$V:$V,"Satisfactory (80%)") -> 0 | Z57: =IF(X57 <> 0,Y57/X57,"") | AA57: =AA56 -> 0 | AB57: =COUNTIFS('C+8 Data'!$AB:$AB,AA$1,'C+8 Data'!$V:$V,"Satisfactory (80%)") -> 0 | AC57: =IF(AA57 <> 0,AB57/AA57,"") | AD57: =AD56 -> 0 | AE57: =COUNTIFS('C+8 Data'!$AB:$AB,AD$1,'C+8 Data'!$V:$V,"Satisfactory (80%)") -> 0 | AF57: =IF(AD57 <> 0,AE57/AD57,"") | AG57: =AG56 -> 0 | AH57: =COUNTIFS('C+8 Data'!$AB:$AB,AG$1,'C+8 Data'!$V:$V,"Satisfactory (80%)") -> 0 | AI57: =IF(AG57 <> 0,AH57/AG57,"") | AJ57: =AJ56 -> 0 | AK57: =COUNTIFS('C+8 Data'!$AB:$AB,AJ$1,'C+8 Data'!$V:$V,"Satisfactory (80%)") -> 0 | AL57: =IF(AJ57 <> 0,AK57/AJ57,"") | AM57: =AM56 -> 0 | AN57: =COUNTIFS('C+8 Data'!$AB:$AB,AM$1,'C+8 Data'!$V:$V,"Satisfactory (80%)") -> 0 | AO57: =IF(AM57 <> 0,AN57/AM57,"")
B58: C) Good - 60% | C58: =C57 -> 1 | D58: =G58+J58+M58+P58+S58+V58+Y58+AB58+AE58+AH58+AK58+AN58 -> 0 | E58: =IF(C58 <> 0,D58/C58,"") -> 0 | F58: =F57 -> 0 | G58: =COUNTIFS('C+8 Data'!$AB:$AB,F$1,'C+8 Data'!$V:$V,"Average (60%)") -> 0 | H58: =IF(F58 <> 0,G58/F58,"") | I58: =I57 -> 1 | J58: =COUNTIFS('C+8 Data'!$AB:$AB,I$1,'C+8 Data'!$V:$V,"Average (60%)") -> 0 | K58: =IF(I58 <> 0,J58/I58,"") -> 0 | L58: =L57 -> 0 | M58: =COUNTIFS('C+8 Data'!$AB:$AB,L$1,'C+8 Data'!$V:$V,"Average (60%)") -> 0 | N58: =IF(L58 <> 0,M58/L58,"") | O58: =O57 -> 0 | P58: =COUNTIFS('C+8 Data'!$AB:$AB,O$1,'C+8 Data'!$V:$V,"Average (60%)") -> 0 | Q58: =IF(O58 <> 0,P58/O58,"") | R58: =R57 -> 0 | S58: =COUNTIFS('C+8 Data'!$AB:$AB,R$1,'C+8 Data'!$V:$V,"Average (60%)") -> 0 | T58: =IF(R58 <> 0,S58/R58,"") | U58: =U57 -> 0 | V58: =COUNTIFS('C+8 Data'!$AB:$AB,U$1,'C+8 Data'!$V:$V,"Average (60%)") -> 0 | W58: =IF(U58 <> 0,V58/U58,"") | X58: =X57 -> 0 | Y58: =COUNTIFS('C+8 Data'!$AB:$AB,X$1,'C+8 Data'!$V:$V,"Average (60%)") -> 0 | Z58: =IF(X58 <> 0,Y58/X58,"") | AA58: =AA57 -> 0 | AB58: =COUNTIFS('C+8 Data'!$AB:$AB,AA$1,'C+8 Data'!$V:$V,"Average (60%)") -> 0 | AC58: =IF(AA58 <> 0,AB58/AA58,"") | AD58: =AD57 -> 0 | AE58: =COUNTIFS('C+8 Data'!$AB:$AB,AD$1,'C+8 Data'!$V:$V,"Average (60%)") -> 0 | AF58: =IF(AD58 <> 0,AE58/AD58,"") | AG58: =AG57 -> 0 | AH58: =COUNTIFS('C+8 Data'!$AB:$AB,AG$1,'C+8 Data'!$V:$V,"Average (60%)") -> 0 | AI58: =IF(AG58 <> 0,AH58/AG58,"") | AJ58: =AJ57 -> 0 | AK58: =COUNTIFS('C+8 Data'!$AB:$AB,AJ$1,'C+8 Data'!$V:$V,"Average (60%)") -> 0 | AL58: =IF(AJ58 <> 0,AK58/AJ58,"") | AM58: =AM57 -> 0 | AN58: =COUNTIFS('C+8 Data'!$AB:$AB,AM$1,'C+8 Data'!$V:$V,"Average (60%)") -> 0 | AO58: =IF(AM58 <> 0,AN58/AM58,"")
B59: d) Fair - 40% | C59: =C58 -> 1 | D59: =G59+J59+M59+P59+S59+V59+Y59+AB59+AE59+AH59+AK59+AN59 -> 0 | E59: =IF(C59 <> 0,D59/C59,"") -> 0 | F59: =F58 -> 0 | G59: =COUNTIFS('C+8 Data'!$AB:$AB,F$1,'C+8 Data'!$V:$V,"Unsatisfactory (40%)") -> 0 | H59: =IF(F59 <> 0,G59/F59,"") | I59: =I58 -> 1 | J59: =COUNTIFS('C+8 Data'!$AB:$AB,I$1,'C+8 Data'!$V:$V,"Unsatisfactory (40%)") -> 0 | K59: =IF(I59 <> 0,J59/I59,"") -> 0 | L59: =L58 -> 0 | M59: =COUNTIFS('C+8 Data'!$AB:$AB,L$1,'C+8 Data'!$V:$V,"Unsatisfactory (40%)") -> 0 | N59: =IF(L59 <> 0,M59/L59,"") | O59: =O58 -> 0 | P59: =COUNTIFS('C+8 Data'!$AB:$AB,O$1,'C+8 Data'!$V:$V,"Unsatisfactory (40%)") -> 0 | Q59: =IF(O59 <> 0,P59/O59,"") | R59: =R58 -> 0 | S59: =COUNTIFS('C+8 Data'!$AB:$AB,R$1,'C+8 Data'!$V:$V,"Unsatisfactory (40%)") -> 0 | T59: =IF(R59 <> 0,S59/R59,"") | U59: =U58 -> 0 | V59: =COUNTIFS('C+8 Data'!$AB:$AB,U$1,'C+8 Data'!$V:$V,"Unsatisfactory (40%)") -> 0 | W59: =IF(U59 <> 0,V59/U59,"") | X59: =X58 -> 0 | Y59: =COUNTIFS('C+8 Data'!$AB:$AB,X$1,'C+8 Data'!$V:$V,"Unsatisfactory (40%)") -> 0 | Z59: =IF(X59 <> 0,Y59/X59,"") | AA59: =AA58 -> 0 | AB59: =COUNTIFS('C+8 Data'!$AB:$AB,AA$1,'C+8 Data'!$V:$V,"Unsatisfactory (40%)") -> 0 | AC59: =IF(AA59 <> 0,AB59/AA59,"") | AD59: =AD58 -> 0 | AE59: =COUNTIFS('C+8 Data'!$AB:$AB,AD$1,'C+8 Data'!$V:$V,"Unsatisfactory (40%)") -> 0 | AF59: =IF(AD59 <> 0,AE59/AD59,"") | AG59: =AG58 -> 0 | AH59: =COUNTIFS('C+8 Data'!$AB:$AB,AG$1,'C+8 Data'!$V:$V,"Unsatisfactory (40%)") -> 0 | AI59: =IF(AG59 <> 0,AH59/AG59,"") | AJ59: =AJ58 -> 0 | AK59: =COUNTIFS('C+8 Data'!$AB:$AB,AJ$1,'C+8 Data'!$V:$V,"Unsatisfactory (40%)") -> 0 | AL59: =IF(AJ59 <> 0,AK59/AJ59,"") | AM59: =AM58 -> 0 | AN59: =COUNTIFS('C+8 Data'!$AB:$AB,AM$1,'C+8 Data'!$V:$V,"Unsatisfactory (40%)") -> 0 | AO59: =IF(AM59 <> 0,AN59/AM59,"")
B60: e) Poor - 20% | C60: =C59 -> 1 | D60: =G60+J60+M60+P60+S60+V60+Y60+AB60+AE60+AH60+AK60+AN60 -> 0 | E60: =IF(C60 <> 0,D60/C60,"") -> 0 | F60: =F59 -> 0 | G60: =COUNTIFS('C+8 Data'!$AB:$AB,F$1,'C+8 Data'!$V:$V,"Very Unsatisfactory (20%)") -> 0 | H60: =IF(F60 <> 0,G60/F60,"") | I60: =I59 -> 1 | J60: =COUNTIFS('C+8 Data'!$AB:$AB,I$1,'C+8 Data'!$V:$V,"Very Unsatisfactory (20%)") -> 0 | K60: =IF(I60 <> 0,J60/I60,"") -> 0 | L60: =L59 -> 0 | M60: =COUNTIFS('C+8 Data'!$AB:$AB,L$1,'C+8 Data'!$V:$V,"Very Unsatisfactory (20%)") -> 0 | N60: =IF(L60 <> 0,M60/L60,"") | O60: =O59 -> 0 | P60: =COUNTIFS('C+8 Data'!$AB:$AB,O$1,'C+8 Data'!$V:$V,"Very Unsatisfactory (20%)") -> 0 | Q60: =IF(O60 <> 0,P60/O60,"") | R60: =R59 -> 0 | S60: =COUNTIFS('C+8 Data'!$AB:$AB,R$1,'C+8 Data'!$V:$V,"Very Unsatisfactory (20%)") -> 0 | T60: =IF(R60 <> 0,S60/R60,"") | U60: =U59 -> 0 | V60: =COUNTIFS('C+8 Data'!$AB:$AB,U$1,'C+8 Data'!$V:$V,"Very Unsatisfactory (20%)") -> 0 | W60: =IF(U60 <> 0,V60/U60,"") | X60: =X59 -> 0 | Y60: =COUNTIFS('C+8 Data'!$AB:$AB,X$1,'C+8 Data'!$V:$V,"Very Unsatisfactory (20%)") -> 0 | Z60: =IF(X60 <> 0,Y60/X60,"") | AA60: =AA59 -> 0 | AB60: =COUNTIFS('C+8 Data'!$AB:$AB,AA$1,'C+8 Data'!$V:$V,"Very Unsatisfactory (20%)") -> 0 | AC60: =IF(AA60 <> 0,AB60/AA60,"") | AD60: =AD59 -> 0 | AE60: =COUNTIFS('C+8 Data'!$AB:$AB,AD$1,'C+8 Data'!$V:$V,"Very Unsatisfactory (20%)") -> 0 | AF60: =IF(AD60 <> 0,AE60/AD60,"") | AG60: =AG59 -> 0 | AH60: =COUNTIFS('C+8 Data'!$AB:$AB,AG$1,'C+8 Data'!$V:$V,"Very Unsatisfactory (20%)") -> 0 | AI60: =IF(AG60 <> 0,AH60/AG60,"") | AJ60: =AJ59 -> 0 | AK60: =COUNTIFS('C+8 Data'!$AB:$AB,AJ$1,'C+8 Data'!$V:$V,"Very Unsatisfactory (20%)") -> 0 | AL60: =IF(AJ60 <> 0,AK60/AJ60,"") | AM60: =AM59 -> 0 | AN60: =COUNTIFS('C+8 Data'!$AB:$AB,AM$1,'C+8 Data'!$V:$V,"Very Unsatisfactory (20%)") -> 0 | AO60: =IF(AM60 <> 0,AN60/AM60,"")
A61: 9 | B61: Please rate your overall satisfaction with AyurVAID
B62: a) Excellent - 100% | C62: =COUNTIF('C+8 Data'!$W:$W,"<>" & "")-1 -> 1 | D62: =G62+J62+M62+P62+S62+V62+Y62+AB62+AE62+AH62+AK62+AN62 -> 1 | E62: =IF(C62 <> 0,D62/C62,"") -> 1 | F62: =COUNTIFS('C+8 Data'!$AB:$AB,F$1,'C+8 Data'!$W:$W,"<>" & "") -> 0 | G62: =COUNTIFS('C+8 Data'!$AB:$AB,F$1,'C+8 Data'!$W:$W,"Very satisfactory (100%)") -> 0 | H62: =IF(F62 <> 0,G62/F62,"") | I62: =COUNTIFS('C+8 Data'!$AB:$AB,I$1,'C+8 Data'!$W:$W,"<>" & "") -> 1 | J62: =COUNTIFS('C+8 Data'!$AB:$AB,I$1,'C+8 Data'!$W:$W,"Very satisfactory (100%)") -> 1 | K62: =IF(I62 <> 0,J62/I62,"") -> 1 | L62: =COUNTIFS('C+8 Data'!$AB:$AB,L$1,'C+8 Data'!$W:$W,"<>" & "") -> 0 | M62: =COUNTIFS('C+8 Data'!$AB:$AB,L$1,'C+8 Data'!$W:$W,"Very satisfactory (100%)") -> 0 | N62: =IF(L62 <> 0,M62/L62,"") | O62: =COUNTIFS('C+8 Data'!$AB:$AB,O$1,'C+8 Data'!$W:$W,"<>" & "") -> 0 | P62: =COUNTIFS('C+8 Data'!$AB:$AB,O$1,'C+8 Data'!$W:$W,"Very satisfactory (100%)") -> 0 | Q62: =IF(O62 <> 0,P62/O62,"") | R62: =COUNTIFS('C+8 Data'!$AB:$AB,R$1,'C+8 Data'!$W:$W,"<>" & "") -> 0 | S62: =COUNTIFS('C+8 Data'!$AB:$AB,R$1,'C+8 Data'!$W:$W,"Very satisfactory (100%)") -> 0 | T62: =IF(R62 <> 0,S62/R62,"") | U62: =COUNTIFS('C+8 Data'!$AB:$AB,U$1,'C+8 Data'!$W:$W,"<>" & "") -> 0 | V62: =COUNTIFS('C+8 Data'!$AB:$AB,U$1,'C+8 Data'!$W:$W,"Very satisfactory (100%)") -> 0 | W62: =IF(U62 <> 0,V62/U62,"") | X62: =COUNTIFS('C+8 Data'!$AB:$AB,X$1,'C+8 Data'!$W:$W,"<>" & "") -> 0 | Y62: =COUNTIFS('C+8 Data'!$AB:$AB,X$1,'C+8 Data'!$W:$W,"Very satisfactory (100%)") -> 0 | Z62: =IF(X62 <> 0,Y62/X62,"") | AA62: =COUNTIFS('C+8 Data'!$AB:$AB,AA$1,'C+8 Data'!$W:$W,"<>" & "") -> 0 | AB62: =COUNTIFS('C+8 Data'!$AB:$AB,AA$1,'C+8 Data'!$W:$W,"Very satisfactory (100%)") -> 0 | AC62: =IF(AA62 <> 0,AB62/AA62,"") | AD62: =COUNTIFS('C+8 Data'!$AB:$AB,AD$1,'C+8 Data'!$W:$W,"<>" & "") -> 0 | AE62: =COUNTIFS('C+8 Data'!$AB:$AB,AD$1,'C+8 Data'!$W:$W,"Very satisfactory (100%)") -> 0 | AF62: =IF(AD62 <> 0,AE62/AD62,"") | AG62: =COUNTIFS('C+8 Data'!$AB:$AB,AG$1,'C+8 Data'!$W:$W,"<>" & "") -> 0 | AH62: =COUNTIFS('C+8 Data'!$AB:$AB,AG$1,'C+8 Data'!$W:$W,"Very satisfactory (100%)") -> 0 | AI62: =IF(AG62 <> 0,AH62/AG62,"") | AJ62: =COUNTIFS('C+8 Data'!$AB:$AB,AJ$1,'C+8 Data'!$W:$W,"<>" & "") -> 0 | AK62: =COUNTIFS('C+8 Data'!$AB:$AB,AJ$1,'C+8 Data'!$W:$W,"Very satisfactory (100%)") -> 0 | AL62: =IF(AJ62 <> 0,AK62/AJ62,"") | AM62: =COUNTIFS('C+8 Data'!$AB:$AB,AM$1,'C+8 Data'!$W:$W,"<>" & "") -> 0 | AN62: =COUNTIFS('C+8 Data'!$AB:$AB,AM$1,'C+8 Data'!$W:$W,"Very satisfactory (100%)") -> 0 | AO62: =IF(AM62 <> 0,AN62/AM62,"")
B63: b) V.Good - 80% | C63: =C62 -> 1 | D63: =G63+J63+M63+P63+S63+V63+Y63+AB63+AE63+AH63+AK63+AN63 -> 0 | E63: =IF(C63 <> 0,D63/C63,"") -> 0 | F63: =F62 -> 0 | G63: =COUNTIFS('C+8 Data'!$AB:$AB,F$1,'C+8 Data'!$W:$W,"Satisfactory (80%)") -> 0 | H63: =IF(F63 <> 0,G63/F63,"") | I63: =I62 -> 1 | J63: =COUNTIFS('C+8 Data'!$AB:$AB,I$1,'C+8 Data'!$W:$W,"Satisfactory (80%)") -> 0 | K63: =IF(I63 <> 0,J63/I63,"") -> 0 | L63: =L62 -> 0 | M63: =COUNTIFS('C+8 Data'!$AB:$AB,L$1,'C+8 Data'!$W:$W,"Satisfactory (80%)") -> 0 | N63: =IF(L63 <> 0,M63/L63,"") | O63: =O62 -> 0 | P63: =COUNTIFS('C+8 Data'!$AB:$AB,O$1,'C+8 Data'!$W:$W,"Satisfactory (80%)") -> 0 | Q63: =IF(O63 <> 0,P63/O63,"") | R63: =R62 -> 0 | S63: =COUNTIFS('C+8 Data'!$AB:$AB,R$1,'C+8 Data'!$W:$W,"Satisfactory (80%)") -> 0 | T63: =IF(R63 <> 0,S63/R63,"") | U63: =U62 -> 0 | V63: =COUNTIFS('C+8 Data'!$AB:$AB,U$1,'C+8 Data'!$W:$W,"Satisfactory (80%)") -> 0 | W63: =IF(U63 <> 0,V63/U63,"") | X63: =X62 -> 0 | Y63: =COUNTIFS('C+8 Data'!$AB:$AB,X$1,'C+8 Data'!$W:$W,"Satisfactory (80%)") -> 0 | Z63: =IF(X63 <> 0,Y63/X63,"") | AA63: =AA62 -> 0 | AB63: =COUNTIFS('C+8 Data'!$AB:$AB,AA$1,'C+8 Data'!$W:$W,"Satisfactory (80%)") -> 0 | AC63: =IF(AA63 <> 0,AB63/AA63,"") | AD63: =AD62 -> 0 | AE63: =COUNTIFS('C+8 Data'!$AB:$AB,AD$1,'C+8 Data'!$W:$W,"Satisfactory (80%)") -> 0 | AF63: =IF(AD63 <> 0,AE63/AD63,"") | AG63: =AG62 -> 0 | AH63: =COUNTIFS('C+8 Data'!$AB:$AB,AG$1,'C+8 Data'!$W:$W,"Satisfactory (80%)") -> 0 | AI63: =IF(AG63 <> 0,AH63/AG63,"") | AJ63: =AJ62 -> 0 | AK63: =COUNTIFS('C+8 Data'!$AB:$AB,AJ$1,'C+8 Data'!$W:$W,"Satisfactory (80%)") -> 0 | AL63: =IF(AJ63 <> 0,AK63/AJ63,"") | AM63: =AM62 -> 0 | AN63: =COUNTIFS('C+8 Data'!$AB:$AB,AM$1,'C+8 Data'!$W:$W,"Satisfactory (80%)") -> 0 | AO63: =IF(AM63 <> 0,AN63/AM63,"")
B64: C) Good - 60% | C64: =C63 -> 1 | D64: =G64+J64+M64+P64+S64+V64+Y64+AB64+AE64+AH64+AK64+AN64 -> 0 | E64: =IF(C64 <> 0,D64/C64,"") -> 0 | F64: =F63 -> 0 | G64: =COUNTIFS('C+8 Data'!$AB:$AB,F$1,'C+8 Data'!$W:$W,"Average (60%)") -> 0 | H64: =IF(F64 <> 0,G64/F64,"") | I64: =I63 -> 1 | J64: =COUNTIFS('C+8 Data'!$AB:$AB,I$1,'C+8 Data'!$W:$W,"Average (60%)") -> 0 | K64: =IF(I64 <> 0,J64/I64,"") -> 0 | L64: =L63 -> 0 | M64: =COUNTIFS('C+8 Data'!$AB:$AB,L$1,'C+8 Data'!$W:$W,"Average (60%)") -> 0 | N64: =IF(L64 <> 0,M64/L64,"") | O64: =O63 -> 0 | P64: =COUNTIFS('C+8 Data'!$AB:$AB,O$1,'C+8 Data'!$W:$W,"Average (60%)") -> 0 | Q64: =IF(O64 <> 0,P64/O64,"") | R64: =R63 -> 0 | S64: =COUNTIFS('C+8 Data'!$AB:$AB,R$1,'C+8 Data'!$W:$W,"Average (60%)") -> 0 | T64: =IF(R64 <> 0,S64/R64,"") | U64: =U63 -> 0 | V64: =COUNTIFS('C+8 Data'!$AB:$AB,U$1,'C+8 Data'!$W:$W,"Average (60%)") -> 0 | W64: =IF(U64 <> 0,V64/U64,"") | X64: =X63 -> 0 | Y64: =COUNTIFS('C+8 Data'!$AB:$AB,X$1,'C+8 Data'!$W:$W,"Average (60%)") -> 0 | Z64: =IF(X64 <> 0,Y64/X64,"") | AA64: =AA63 -> 0 | AB64: =COUNTIFS('C+8 Data'!$AB:$AB,AA$1,'C+8 Data'!$W:$W,"Average (60%)") -> 0 | AC64: =IF(AA64 <> 0,AB64/AA64,"") | AD64: =AD63 -> 0 | AE64: =COUNTIFS('C+8 Data'!$AB:$AB,AD$1,'C+8 Data'!$W:$W,"Average (60%)") -> 0 | AF64: =IF(AD64 <> 0,AE64/AD64,"") | AG64: =AG63 -> 0 | AH64: =COUNTIFS('C+8 Data'!$AB:$AB,AG$1,'C+8 Data'!$W:$W,"Average (60%)") -> 0 | AI64: =IF(AG64 <> 0,AH64/AG64,"") | AJ64: =AJ63 -> 0 | AK64: =COUNTIFS('C+8 Data'!$AB:$AB,AJ$1,'C+8 Data'!$W:$W,"Average (60%)") -> 0 | AL64: =IF(AJ64 <> 0,AK64/AJ64,"") | AM64: =AM63 -> 0 | AN64: =COUNTIFS('C+8 Data'!$AB:$AB,AM$1,'C+8 Data'!$W:$W,"Average (60%)") -> 0 | AO64: =IF(AM64 <> 0,AN64/AM64,"")
B65: d) Fair - 40% | C65: =C64 -> 1 | D65: =G65+J65+M65+P65+S65+V65+Y65+AB65+AE65+AH65+AK65+AN65 -> 0 | E65: =IF(C65 <> 0,D65/C65,"") -> 0 | F65: =F64 -> 0 | G65: =COUNTIFS('C+8 Data'!$AB:$AB,F$1,'C+8 Data'!$W:$W,"Unsatisfactory (40%)") -> 0 | H65: =IF(F65 <> 0,G65/F65,"") | I65: =I64 -> 1 | J65: =COUNTIFS('C+8 Data'!$AB:$AB,I$1,'C+8 Data'!$W:$W,"Unsatisfactory (40%)") -> 0 | K65: =IF(I65 <> 0,J65/I65,"") -> 0 | L65: =L64 -> 0 | M65: =COUNTIFS('C+8 Data'!$AB:$AB,L$1,'C+8 Data'!$W:$W,"Unsatisfactory (40%)") -> 0 | N65: =IF(L65 <> 0,M65/L65,"") | O65: =O64 -> 0 | P65: =COUNTIFS('C+8 Data'!$AB:$AB,O$1,'C+8 Data'!$W:$W,"Unsatisfactory (40%)") -> 0 | Q65: =IF(O65 <> 0,P65/O65,"") | R65: =R64 -> 0 | S65: =COUNTIFS('C+8 Data'!$AB:$AB,R$1,'C+8 Data'!$W:$W,"Unsatisfactory (40%)") -> 0 | T65: =IF(R65 <> 0,S65/R65,"") | U65: =U64 -> 0 | V65: =COUNTIFS('C+8 Data'!$AB:$AB,U$1,'C+8 Data'!$W:$W,"Unsatisfactory (40%)") -> 0 | W65: =IF(U65 <> 0,V65/U65,"") | X65: =X64 -> 0 | Y65: =COUNTIFS('C+8 Data'!$AB:$AB,X$1,'C+8 Data'!$W:$W,"Unsatisfactory (40%)") -> 0 | Z65: =IF(X65 <> 0,Y65/X65,"") | AA65: =AA64 -> 0 | AB65: =COUNTIFS('C+8 Data'!$AB:$AB,AA$1,'C+8 Data'!$W:$W,"Unsatisfactory (40%)") -> 0 | AC65: =IF(AA65 <> 0,AB65/AA65,"") | AD65: =AD64 -> 0 | AE65: =COUNTIFS('C+8 Data'!$AB:$AB,AD$1,'C+8 Data'!$W:$W,"Unsatisfactory (40%)") -> 0 | AF65: =IF(AD65 <> 0,AE65/AD65,"") | AG65: =AG64 -> 0 | AH65: =COUNTIFS('C+8 Data'!$AB:$AB,AG$1,'C+8 Data'!$W:$W,"Unsatisfactory (40%)") -> 0 | AI65: =IF(AG65 <> 0,AH65/AG65,"") | AJ65: =AJ64 -> 0 | AK65: =COUNTIFS('C+8 Data'!$AB:$AB,AJ$1,'C+8 Data'!$W:$W,"Unsatisfactory (40%)") -> 0 | AL65: =IF(AJ65 <> 0,AK65/AJ65,"") | AM65: =AM64 -> 0 | AN65: =COUNTIFS('C+8 Data'!$AB:$AB,AM$1,'C+8 Data'!$W:$W,"Unsatisfactory (40%)") -> 0 | AO65: =IF(AM65 <> 0,AN65/AM65,"")
B66: e) Poor - 20% | C66: =C65 -> 1 | D66: =G66+J66+M66+P66+S66+V66+Y66+AB66+AE66+AH66+AK66+AN66 -> 0 | E66: =IF(C66 <> 0,D66/C66,"") -> 0 | F66: =F65 -> 0 | G66: =COUNTIFS('C+8 Data'!$AB:$AB,F$1,'C+8 Data'!$W:$W,"Very Unsatisfactory (20%)") -> 0 | H66: =IF(F66 <> 0,G66/F66,"") | I66: =I65 -> 1 | J66: =COUNTIFS('C+8 Data'!$AB:$AB,I$1,'C+8 Data'!$W:$W,"Very Unsatisfactory (20%)") -> 0 | K66: =IF(I66 <> 0,J66/I66,"") -> 0 | L66: =L65 -> 0 | M66: =COUNTIFS('C+8 Data'!$AB:$AB,L$1,'C+8 Data'!$W:$W,"Very Unsatisfactory (20%)") -> 0 | N66: =IF(L66 <> 0,M66/L66,"") | O66: =O65 -> 0 | P66: =COUNTIFS('C+8 Data'!$AB:$AB,O$1,'C+8 Data'!$W:$W,"Very Unsatisfactory (20%)") -> 0 | Q66: =IF(O66 <> 0,P66/O66,"") | R66: =R65 -> 0 | S66: =COUNTIFS('C+8 Data'!$AB:$AB,R$1,'C+8 Data'!$W:$W,"Very Unsatisfactory (20%)") -> 0 | T66: =IF(R66 <> 0,S66/R66,"") | U66: =U65 -> 0 | V66: =COUNTIFS('C+8 Data'!$AB:$AB,U$1,'C+8 Data'!$W:$W,"Very Unsatisfactory (20%)") -> 0 | W66: =IF(U66 <> 0,V66/U66,"") | X66: =X65 -> 0 | Y66: =COUNTIFS('C+8 Data'!$AB:$AB,X$1,'C+8 Data'!$W:$W,"Very Unsatisfactory (20%)") -> 0 | Z66: =IF(X66 <> 0,Y66/X66,"") | AA66: =AA65 -> 0 | AB66: =COUNTIFS('C+8 Data'!$AB:$AB,AA$1,'C+8 Data'!$W:$W,"Very Unsatisfactory (20%)") -> 0 | AC66: =IF(AA66 <> 0,AB66/AA66,"") | AD66: =AD65 -> 0 | AE66: =COUNTIFS('C+8 Data'!$AB:$AB,AD$1,'C+8 Data'!$W:$W,"Very Unsatisfactory (20%)") -> 0 | AF66: =IF(AD66 <> 0,AE66/AD66,"") | AG66: =AG65 -> 0 | AH66: =COUNTIFS('C+8 Data'!$AB:$AB,AG$1,'C+8 Data'!$W:$W,"Very Unsatisfactory (20%)") -> 0 | AI66: =IF(AG66 <> 0,AH66/AG66,"") | AJ66: =AJ65 -> 0 | AK66: =COUNTIFS('C+8 Data'!$AB:$AB,AJ$1,'C+8 Data'!$W:$W,"Very Unsatisfactory (20%)") -> 0 | AL66: =IF(AJ66 <> 0,AK66/AJ66,"") | AM66: =AM65 -> 0 | AN66: =COUNTIFS('C+8 Data'!$AB:$AB,AM$1,'C+8 Data'!$W:$W,"Very Unsatisfactory (20%)") -> 0 | AO66: =IF(AM66 <> 0,AN66/AM66,"")
A67: 10 | B67: Probability that you will recommend your friends and relatives to visit AyurVAID
B68: a) 100% | C68: =COUNTIF('C+8 Data'!$X:$X,"<>" & "")-1 -> 1 | D68: =G68+J68+M68+P68+S68+V68+Y68+AB68+AE68+AH68+AK68+AN68 -> 1 | E68: =IF(C68 <> 0,D68/C68,"") -> 1 | F68: =COUNTIFS('C+8 Data'!$AB:$AB,F$1,'C+8 Data'!$X:$X,"<>" & "") -> 0 | G68: =COUNTIFS('C+8 Data'!$AB:$AB,F$1,'C+8 Data'!$X:$X,"100%") -> 0 | H68: =IF(F68 <> 0,G68/F68,"") | I68: =COUNTIFS('C+8 Data'!$AB:$AB,I$1,'C+8 Data'!$X:$X,"<>" & "") -> 1 | J68: =COUNTIFS('C+8 Data'!$AB:$AB,I$1,'C+8 Data'!$X:$X,"100%") -> 1 | K68: =IF(I68 <> 0,J68/I68,"") -> 1 | L68: =COUNTIFS('C+8 Data'!$AB:$AB,L$1,'C+8 Data'!$X:$X,"<>" & "") -> 0 | M68: =COUNTIFS('C+8 Data'!$AB:$AB,L$1,'C+8 Data'!$X:$X,"100%") -> 0 | N68: =IF(L68 <> 0,M68/L68,"") | O68: =COUNTIFS('C+8 Data'!$AB:$AB,O$1,'C+8 Data'!$X:$X,"<>" & "") -> 0 | P68: =COUNTIFS('C+8 Data'!$AB:$AB,O$1,'C+8 Data'!$X:$X,"100%") -> 0 | Q68: =IF(O68 <> 0,P68/O68,"") | R68: =COUNTIFS('C+8 Data'!$AB:$AB,R$1,'C+8 Data'!$X:$X,"<>" & "") -> 0 | S68: =COUNTIFS('C+8 Data'!$AB:$AB,R$1,'C+8 Data'!$X:$X,"100%") -> 0 | T68: =IF(R68 <> 0,S68/R68,"") | U68: =COUNTIFS('C+8 Data'!$AB:$AB,U$1,'C+8 Data'!$X:$X,"<>" & "") -> 0 | V68: =COUNTIFS('C+8 Data'!$AB:$AB,U$1,'C+8 Data'!$X:$X,"100%") -> 0 | W68: =IF(U68 <> 0,V68/U68,"") | X68: =COUNTIFS('C+8 Data'!$AB:$AB,X$1,'C+8 Data'!$X:$X,"<>" & "") -> 0 | Y68: =COUNTIFS('C+8 Data'!$AB:$AB,X$1,'C+8 Data'!$X:$X,"100%") -> 0 | Z68: =IF(X68 <> 0,Y68/X68,"") | AA68: =COUNTIFS('C+8 Data'!$AB:$AB,AA$1,'C+8 Data'!$X:$X,"<>" & "") -> 0 | AB68: =COUNTIFS('C+8 Data'!$AB:$AB,AA$1,'C+8 Data'!$X:$X,"100%") -> 0 | AC68: =IF(AA68 <> 0,AB68/AA68,"") | AD68: =COUNTIFS('C+8 Data'!$AB:$AB,AD$1,'C+8 Data'!$X:$X,"<>" & "") -> 0 | AE68: =COUNTIFS('C+8 Data'!$AB:$AB,AD$1,'C+8 Data'!$X:$X,"100%") -> 0 | AF68: =IF(AD68 <> 0,AE68/AD68,"") | AG68: =COUNTIFS('C+8 Data'!$AB:$AB,AG$1,'C+8 Data'!$X:$X,"<>" & "") -> 0 | AH68: =COUNTIFS('C+8 Data'!$AB:$AB,AG$1,'C+8 Data'!$X:$X,"100%") -> 0 | AI68: =IF(AG68 <> 0,AH68/AG68,"") | AJ68: =COUNTIFS('C+8 Data'!$AB:$AB,AJ$1,'C+8 Data'!$X:$X,"<>" & "") -> 0 | AK68: =COUNTIFS('C+8 Data'!$AB:$AB,AJ$1,'C+8 Data'!$X:$X,"100%") -> 0 | AL68: =IF(AJ68 <> 0,AK68/AJ68,"") | AM68: =COUNTIFS('C+8 Data'!$AB:$AB,AM$1,'C+8 Data'!$X:$X,"<>" & "") -> 0 | AN68: =COUNTIFS('C+8 Data'!$AB:$AB,AM$1,'C+8 Data'!$X:$X,"100%") -> 0 | AO68: =IF(AM68 <> 0,AN68/AM68,"")
B69: b) 80% | C69: =C68 -> 1 | D69: =G69+J69+M69+P69+S69+V69+Y69+AB69+AE69+AH69+AK69+AN69 -> 0 | E69: =IF(C69 <> 0,D69/C69,"") -> 0 | F69: =F68 -> 0 | G69: =COUNTIFS('C+8 Data'!$AB:$AB,F$1,'C+8 Data'!$X:$X,"80%") -> 0 | H69: =IF(F69 <> 0,G69/F69,"") | I69: =I68 -> 1 | J69: =COUNTIFS('C+8 Data'!$AB:$AB,I$1,'C+8 Data'!$X:$X,"80%") -> 0 | K69: =IF(I69 <> 0,J69/I69,"") -> 0 | L69: =L68 -> 0 | M69: =COUNTIFS('C+8 Data'!$AB:$AB,L$1,'C+8 Data'!$X:$X,"80%") -> 0 | N69: =IF(L69 <> 0,M69/L69,"") | O69: =O68 -> 0 | P69: =COUNTIFS('C+8 Data'!$AB:$AB,O$1,'C+8 Data'!$X:$X,"80%") -> 0 | Q69: =IF(O69 <> 0,P69/O69,"") | R69: =R68 -> 0 | S69: =COUNTIFS('C+8 Data'!$AB:$AB,R$1,'C+8 Data'!$X:$X,"80%") -> 0 | T69: =IF(R69 <> 0,S69/R69,"") | U69: =U68 -> 0 | V69: =COUNTIFS('C+8 Data'!$AB:$AB,U$1,'C+8 Data'!$X:$X,"80%") -> 0 | W69: =IF(U69 <> 0,V69/U69,"") | X69: =X68 -> 0 | Y69: =COUNTIFS('C+8 Data'!$AB:$AB,X$1,'C+8 Data'!$X:$X,"80%") -> 0 | Z69: =IF(X69 <> 0,Y69/X69,"") | AA69: =AA68 -> 0 | AB69: =COUNTIFS('C+8 Data'!$AB:$AB,AA$1,'C+8 Data'!$X:$X,"80%") -> 0 | AC69: =IF(AA69 <> 0,AB69/AA69,"") | AD69: =AD68 -> 0 | AE69: =COUNTIFS('C+8 Data'!$AB:$AB,AD$1,'C+8 Data'!$X:$X,"80%") -> 0 | AF69: =IF(AD69 <> 0,AE69/AD69,"") | AG69: =AG68 -> 0 | AH69: =COUNTIFS('C+8 Data'!$AB:$AB,AG$1,'C+8 Data'!$X:$X,"80%") -> 0 | AI69: =IF(AG69 <> 0,AH69/AG69,"") | AJ69: =AJ68 -> 0 | AK69: =COUNTIFS('C+8 Data'!$AB:$AB,AJ$1,'C+8 Data'!$X:$X,"80%") -> 0 | AL69: =IF(AJ69 <> 0,AK69/AJ69,"") | AM69: =AM68 -> 0 | AN69: =COUNTIFS('C+8 Data'!$AB:$AB,AM$1,'C+8 Data'!$X:$X,"80%") -> 0 | AO69: =IF(AM69 <> 0,AN69/AM69,"")
B70: c) 60% | C70: =C69 -> 1 | D70: =G70+J70+M70+P70+S70+V70+Y70+AB70+AE70+AH70+AK70+AN70 -> 0 | E70: =IF(C70 <> 0,D70/C70,"") -> 0 | F70: =F69 -> 0 | G70: =COUNTIFS('C+8 Data'!$AB:$AB,F$1,'C+8 Data'!$X:$X,"60%") -> 0 | H70: =IF(F70 <> 0,G70/F70,"") | I70: =I69 -> 1 | J70: =COUNTIFS('C+8 Data'!$AB:$AB,I$1,'C+8 Data'!$X:$X,"60%") -> 0 | K70: =IF(I70 <> 0,J70/I70,"") -> 0 | L70: =L69 -> 0 | M70: =COUNTIFS('C+8 Data'!$AB:$AB,L$1,'C+8 Data'!$X:$X,"60%") -> 0 | N70: =IF(L70 <> 0,M70/L70,"") | O70: =O69 -> 0 | P70: =COUNTIFS('C+8 Data'!$AB:$AB,O$1,'C+8 Data'!$X:$X,"60%") -> 0 | Q70: =IF(O70 <> 0,P70/O70,"") | R70: =R69 -> 0 | S70: =COUNTIFS('C+8 Data'!$AB:$AB,R$1,'C+8 Data'!$X:$X,"60%") -> 0 | T70: =IF(R70 <> 0,S70/R70,"") | U70: =U69 -> 0 | V70: =COUNTIFS('C+8 Data'!$AB:$AB,U$1,'C+8 Data'!$X:$X,"60%") -> 0 | W70: =IF(U70 <> 0,V70/U70,"") | X70: =X69 -> 0 | Y70: =COUNTIFS('C+8 Data'!$AB:$AB,X$1,'C+8 Data'!$X:$X,"60%") -> 0 | Z70: =IF(X70 <> 0,Y70/X70,"") | AA70: =AA69 -> 0 | AB70: =COUNTIFS('C+8 Data'!$AB:$AB,AA$1,'C+8 Data'!$X:$X,"60%") -> 0 | AC70: =IF(AA70 <> 0,AB70/AA70,"") | AD70: =AD69 -> 0 | AE70: =COUNTIFS('C+8 Data'!$AB:$AB,AD$1,'C+8 Data'!$X:$X,"60%") -> 0 | AF70: =IF(AD70 <> 0,AE70/AD70,"") | AG70: =AG69 -> 0 | AH70: =COUNTIFS('C+8 Data'!$AB:$AB,AG$1,'C+8 Data'!$X:$X,"60%") -> 0 | AI70: =IF(AG70 <> 0,AH70/AG70,"") | AJ70: =AJ69 -> 0 | AK70: =COUNTIFS('C+8 Data'!$AB:$AB,AJ$1,'C+8 Data'!$X:$X,"60%") -> 0 | AL70: =IF(AJ70 <> 0,AK70/AJ70,"") | AM70: =AM69 -> 0 | AN70: =COUNTIFS('C+8 Data'!$AB:$AB,AM$1,'C+8 Data'!$X:$X,"60%") -> 0 | AO70: =IF(AM70 <> 0,AN70/AM70,"")
B71: d) 40% | C71: =C70 -> 1 | D71: =G71+J71+M71+P71+S71+V71+Y71+AB71+AE71+AH71+AK71+AN71 -> 0 | E71: =IF(C71 <> 0,D71/C71,"") -> 0 | F71: =F70 -> 0 | G71: =COUNTIFS('C+8 Data'!$AB:$AB,F$1,'C+8 Data'!$X:$X,"40%") -> 0 | H71: =IF(F71 <> 0,G71/F71,"") | I71: =I70 -> 1 | J71: =COUNTIFS('C+8 Data'!$AB:$AB,I$1,'C+8 Data'!$X:$X,"40%") -> 0 | K71: =IF(I71 <> 0,J71/I71,"") -> 0 | L71: =L70 -> 0 | M71: =COUNTIFS('C+8 Data'!$AB:$AB,L$1,'C+8 Data'!$X:$X,"40%") -> 0 | N71: =IF(L71 <> 0,M71/L71,"") | O71: =O70 -> 0 | P71: =COUNTIFS('C+8 Data'!$AB:$AB,O$1,'C+8 Data'!$X:$X,"40%") -> 0 | Q71: =IF(O71 <> 0,P71/O71,"") | R71: =R70 -> 0 | S71: =COUNTIFS('C+8 Data'!$AB:$AB,R$1,'C+8 Data'!$X:$X,"40%") -> 0 | T71: =IF(R71 <> 0,S71/R71,"") | U71: =U70 -> 0 | V71: =COUNTIFS('C+8 Data'!$AB:$AB,U$1,'C+8 Data'!$X:$X,"40%") -> 0 | W71: =IF(U71 <> 0,V71/U71,"") | X71: =X70 -> 0 | Y71: =COUNTIFS('C+8 Data'!$AB:$AB,X$1,'C+8 Data'!$X:$X,"40%") -> 0 | Z71: =IF(X71 <> 0,Y71/X71,"") | AA71: =AA70 -> 0 | AB71: =COUNTIFS('C+8 Data'!$AB:$AB,AA$1,'C+8 Data'!$X:$X,"40%") -> 0 | AC71: =IF(AA71 <> 0,AB71/AA71,"") | AD71: =AD70 -> 0 | AE71: =COUNTIFS('C+8 Data'!$AB:$AB,AD$1,'C+8 Data'!$X:$X,"40%") -> 0 | AF71: =IF(AD71 <> 0,AE71/AD71,"") | AG71: =AG70 -> 0 | AH71: =COUNTIFS('C+8 Data'!$AB:$AB,AG$1,'C+8 Data'!$X:$X,"40%") -> 0 | AI71: =IF(AG71 <> 0,AH71/AG71,"") | AJ71: =AJ70 -> 0 | AK71: =COUNTIFS('C+8 Data'!$AB:$AB,AJ$1,'C+8 Data'!$X:$X,"40%") -> 0 | AL71: =IF(AJ71 <> 0,AK71/AJ71,"") | AM71: =AM70 -> 0 | AN71: =COUNTIFS('C+8 Data'!$AB:$AB,AM$1,'C+8 Data'!$X:$X,"40%") -> 0 | AO71: =IF(AM71 <> 0,AN71/AM71,"")
B72: e) 20% | C72: =C71 -> 1 | D72: =G72+J72+M72+P72+S72+V72+Y72+AB72+AE72+AH72+AK72+AN72 -> 0 | E72: =IF(C72 <> 0,D72/C72,"") -> 0 | F72: =F71 -> 0 | G72: =COUNTIFS('C+8 Data'!$AB:$AB,F$1,'C+8 Data'!$X:$X,"20%") -> 0 | H72: =IF(F72 <> 0,G72/F72,"") | I72: =I71 -> 1 | J72: =COUNTIFS('C+8 Data'!$AB:$AB,I$1,'C+8 Data'!$X:$X,"20%") -> 0 | K72: =IF(I72 <> 0,J72/I72,"") -> 0 | L72: =L71 -> 0 | M72: =COUNTIFS('C+8 Data'!$AB:$AB,L$1,'C+8 Data'!$X:$X,"20%") -> 0 | N72: =IF(L72 <> 0,M72/L72,"") | O72: =O71 -> 0 | P72: =COUNTIFS('C+8 Data'!$AB:$AB,O$1,'C+8 Data'!$X:$X,"20%") -> 0 | Q72: =IF(O72 <> 0,P72/O72,"") | R72: =R71 -> 0 | S72: =COUNTIFS('C+8 Data'!$AB:$AB,R$1,'C+8 Data'!$X:$X,"20%") -> 0 | T72: =IF(R72 <> 0,S72/R72,"") | U72: =U71 -> 0 | V72: =COUNTIFS('C+8 Data'!$AB:$AB,U$1,'C+8 Data'!$X:$X,"20%") -> 0 | W72: =IF(U72 <> 0,V72/U72,"") | X72: =X71 -> 0 | Y72: =COUNTIFS('C+8 Data'!$AB:$AB,X$1,'C+8 Data'!$X:$X,"20%") -> 0 | Z72: =IF(X72 <> 0,Y72/X72,"") | AA72: =AA71 -> 0 | AB72: =COUNTIFS('C+8 Data'!$AB:$AB,AA$1,'C+8 Data'!$X:$X,"20%") -> 0 | AC72: =IF(AA72 <> 0,AB72/AA72,"") | AD72: =AD71 -> 0 | AE72: =COUNTIFS('C+8 Data'!$AB:$AB,AD$1,'C+8 Data'!$X:$X,"20%") -> 0 | AF72: =IF(AD72 <> 0,AE72/AD72,"") | AG72: =AG71 -> 0 | AH72: =COUNTIFS('C+8 Data'!$AB:$AB,AG$1,'C+8 Data'!$X:$X,"20%") -> 0 | AI72: =IF(AG72 <> 0,AH72/AG72,"") | AJ72: =AJ71 -> 0 | AK72: =COUNTIFS('C+8 Data'!$AB:$AB,AJ$1,'C+8 Data'!$X:$X,"20%") -> 0 | AL72: =IF(AJ72 <> 0,AK72/AJ72,"") | AM72: =AM71 -> 0 | AN72: =COUNTIFS('C+8 Data'!$AB:$AB,AM$1,'C+8 Data'!$X:$X,"20%") -> 0 | AO72: =IF(AM72 <> 0,AN72/AM72,"")
A73: Comments

Sheet Graph
A116: % of CSAT coverage (Consultations)
B118: ='C+8 Dashboard'!F1 -> 45748 | C118: =EDATE(B118,1) -> 45778 | D118: =EDATE(C118,1) -> 45809 | E118: =EDATE(D118,1) -> 45839 | F118: =EDATE(E118,1) -> 45870 | G118: =EDATE(F118,1) -> 45901 | H118: =EDATE(G118,1) -> 45931 | I118: =EDATE(H118,1) -> 45962 | J118: =EDATE(I118,1) -> 45992 | ... M118: =EDATE(L118,1) -> 46082
A119: # PP1 Registration | B119: =COUNTIF('Data-PP1'!$AS:$AS,B$118) -> 0 | C119: =COUNTIF('Data-PP1'!$AS:$AS,C$118) -> 0 | D119: =COUNTIF('Data-PP1'!$AS:$AS,D$118) -> 0 | E119: =COUNTIF('Data-PP1'!$AS:$AS,E$118) -> 0 | F119: =COUNTIF('Data-PP1'!$AS:$AS,F$118) -> 0 | G119: =COUNTIF('Data-PP1'!$AS:$AS,G$118) -> 0 | H119: =COUNTIF('Data-PP1'!$AS:$AS,H$118) -> 0 | I119: =COUNTIF('Data-PP1'!$AS:$AS,I$118) -> 0 | ... M119: =COUNTIF('Data-PP1'!$AS:$AS,M$118) -> 0
A120: # CSAT Submission | B120: =COUNTIF('C+8 Data'!$AB:$AB,B$118) -> 0 | C120: =COUNTIF('C+8 Data'!$AB:$AB,C$118) -> 1 | D120: =COUNTIF('C+8 Data'!$AB:$AB,D$118) -> 0 | E120: =COUNTIF('C+8 Data'!$AB:$AB,E$118) -> 0 | F120: =COUNTIF('C+8 Data'!$AB:$AB,F$118) -> 0 | G120: =COUNTIF('C+8 Data'!$AB:$AB,G$118) -> 0 | H120: =COUNTIF('C+8 Data'!$AB:$AB,H$118) -> 0 | I120: =COUNTIF('C+8 Data'!$AB:$AB,I$118) -> 0 | ... M120: =COUNTIF('C+8 Data'!$AB:$AB,M$118) -> 0
A121: % of CSAT coverage (Consultations) | B121: =B120/B119 -> #DIV/0! | C121: =C120/C119 -> #DIV/0! | D121: =D120/D119 -> #DIV/0! | E121: =E120/E119 -> #DIV/0! | F121: =F120/F119 -> #DIV/0! | G121: =G120/G119 -> #DIV/0! | H121: =H120/H119 -> #DIV/0! | I121: =I120/I119 -> #DIV/0! | ... M121: =M120/M119 -> #DIV/0!
A122: Overall satisfaction with AVH | P122: `
B123: =B118 -> 45748 | C123: =C118 -> 45778 | D123: =D118 -> 45809 | E123: =E118 -> 45839 | F123: =F118 -> 45870 | G123: =G118 -> 45901 | H123: =H118 -> 45931 | I123: =I118 -> 45962 | ... M123: =M118 -> 46082
A124: Please rate your overall satisfaction with your consultation
A125: b) V.Good - 80% | B125: ='C+8 Dashboard'!H63 | C125: ='C+8 Dashboard'!K63 -> 0 | D125: ='C+8 Dashboard'!N63 | E125: ='C+8 Dashboard'!Q63 | F125: ='C+8 Dashboard'!T63 | G125: ='C+8 Dashboard'!W63 | H125: ='C+8 Dashboard'!Z63 | I125: ='C+8 Dashboard'!AC63 | J125: ='C+8 Dashboard'!AF63 | K125: ='C+8 Dashboard'!AI63 | L125: ='C+8 Dashboard'!AL63 | M125: ='C+8 Dashboard'!AO63
A126: a) Excellent - 100% | B126: ='C+8 Dashboard'!H62 | C126: ='C+8 Dashboard'!K62 -> 1 | D126: ='C+8 Dashboard'!N62 | E126: ='C+8 Dashboard'!Q62 | F126: ='C+8 Dashboard'!T62 | G126: ='C+8 Dashboard'!W62 | H126: ='C+8 Dashboard'!Z62 | I126: ='C+8 Dashboard'!AC62 | J126: ='C+8 Dashboard'!AF62 | K126: ='C+8 Dashboard'!AI62 | L126: ='C+8 Dashboard'!AL62 | M126: ='C+8 Dashboard'!AO62
A127: C) Good - 60% | B127: ='C+8 Dashboard'!H64 | C127: ='C+8 Dashboard'!K64 -> 0 | D127: ='C+8 Dashboard'!N64 | E127: ='C+8 Dashboard'!Q64 | F127: ='C+8 Dashboard'!T64 | G127: ='C+8 Dashboard'!W64 | H127: ='C+8 Dashboard'!Z64 | I127: ='C+8 Dashboard'!AC64 | J127: ='C+8 Dashboard'!AF64 | K127: ='C+8 Dashboard'!AI64 | L127: ='C+8 Dashboard'!AL64 | M127: ='C+8 Dashboard'!AO64
A128: d) Fair - 40% | B128: ='C+8 Dashboard'!H65 | C128: ='C+8 Dashboard'!K65 -> 0 | D128: ='C+8 Dashboard'!N65 | E128: ='C+8 Dashboard'!Q65 | F128: ='C+8 Dashboard'!T65 | G128: ='C+8 Dashboard'!W65 | H128: ='C+8 Dashboard'!Z65 | I128: ='C+8 Dashboard'!AC65 | J128: ='C+8 Dashboard'!AF65 | K128: ='C+8 Dashboard'!AI65 | L128: ='C+8 Dashboard'!AL65 | M128: ='C+8 Dashboard'!AO65
A129: e) Poor - 20% | B129: ='C+8 Dashboard'!H66 | C129: ='C+8 Dashboard'!K66 -> 0 | D129: ='C+8 Dashboard'!N66 | E129: ='C+8 Dashboard'!Q66 | F129: ='C+8 Dashboard'!T66 | G129: ='C+8 Dashboard'!W66 | H129: ='C+8 Dashboard'!Z66 | I129: ='C+8 Dashboard'!AC66 | J129: ='C+8 Dashboard'!AF66 | K129: ='C+8 Dashboard'!AI66 | L129: ='C+8 Dashboard'!AL66 | M129: ='C+8 Dashboard'!AO66
A131: Probability that you will recommend your friends and relatives to visit AyurVAID
B133: =B118 -> 45748 | C133: =C118 -> 45778 | D133: =D118 -> 45809 | E133: =E118 -> 45839 | F133: =F118 -> 45870 | G133: =G118 -> 45901 | H133: =H118 -> 45931 | I133: =I118 -> 45962 | ... M133: =M118 -> 46082
A134: Probability that you will recommend your friends and relatives to visit AyurVAID
A135: b) 80% | B135: ='C+8 Dashboard'!H69 | C135: ='C+8 Dashboard'!K69 -> 0 | D135: ='C+8 Dashboard'!N69 | E135: ='C+8 Dashboard'!Q69 | F135: ='C+8 Dashboard'!T69 | G135: ='C+8 Dashboard'!W69 | H135: ='C+8 Dashboard'!Z69 | I135: ='C+8 Dashboard'!AC69 | J135: ='C+8 Dashboard'!AF69 | K135: ='C+8 Dashboard'!AI69 | L135: ='C+8 Dashboard'!AL69 | M135: ='C+8 Dashboard'!AO69
A136: a) 100% | B136: ='C+8 Dashboard'!H68 | C136: ='C+8 Dashboard'!K68 -> 1 | D136: ='C+8 Dashboard'!N68 | E136: ='C+8 Dashboard'!Q68 | F136: ='C+8 Dashboard'!T68 | G136: ='C+8 Dashboard'!W68 | H136: ='C+8 Dashboard'!Z68 | I136: ='C+8 Dashboard'!AC68 | J136: ='C+8 Dashboard'!AF68 | K136: ='C+8 Dashboard'!AI68 | L136: ='C+8 Dashboard'!AL68 | M136: ='C+8 Dashboard'!AO68
A137: c) 60% | B137: ='C+8 Dashboard'!H70 | C137: ='C+8 Dashboard'!K70 -> 0 | D137: ='C+8 Dashboard'!N70 | E137: ='C+8 Dashboard'!Q70 | F137: ='C+8 Dashboard'!T70 | G137: ='C+8 Dashboard'!W70 | H137: ='C+8 Dashboard'!Z70 | I137: ='C+8 Dashboard'!AC70 | J137: ='C+8 Dashboard'!AF70 | K137: ='C+8 Dashboard'!AI70 | L137: ='C+8 Dashboard'!AL70 | M137: ='C+8 Dashboard'!AO70
A138: d) 40% | B138: ='C+8 Dashboard'!H71 | C138: ='C+8 Dashboard'!K71 -> 0 | D138: ='C+8 Dashboard'!N71 | E138: ='C+8 Dashboard'!Q71 | F138: ='C+8 Dashboard'!T71 | G138: ='C+8 Dashboard'!W71 | H138: ='C+8 Dashboard'!Z71 | I138: ='C+8 Dashboard'!AC71 | J138: ='C+8 Dashboard'!AF71 | K138: ='C+8 Dashboard'!AI71 | L138: ='C+8 Dashboard'!AL71 | M138: ='C+8 Dashboard'!AO71
A139: e) 20% | B139: ='C+8 Dashboard'!H72 | C139: ='C+8 Dashboard'!K72 -> 0 | D139: ='C+8 Dashboard'!N72 | E139: ='C+8 Dashboard'!Q72 | F139: ='C+8 Dashboard'!T72 | G139: ='C+8 Dashboard'!W72 | H139: ='C+8 Dashboard'!Z72 | I139: ='C+8 Dashboard'!AC72 | J139: ='C+8 Dashboard'!AF72 | K139: ='C+8 Dashboard'!AI72 | L139: ='C+8 Dashboard'!AL72 | M139: ='C+8 Dashboard'!AO72
A140: Please rate your overall satisfaction with your consultation
B142: =B118 -> 45748 | C142: =C118 -> 45778 | D142: =D118 -> 45809 | E142: =E118 -> 45839 | F142: =F118 -> 45870 | G142: =G118 -> 45901 | H142: =H118 -> 45931 | I142: =I118 -> 45962 | ... M142: =M118 -> 46082
A143: Please rate your overall satisfaction with your consultation
A144: b) V.Good - 80% | B144: ='C+8 Dashboard'!H57 | C144: ='C+8 Dashboard'!K57 -> 0 | D144: ='C+8 Dashboard'!N57 | E144: ='C+8 Dashboard'!Q57 | F144: ='C+8 Dashboard'!T57 | G144: ='C+8 Dashboard'!W57 | H144: ='C+8 Dashboard'!Z57 | I144: ='C+8 Dashboard'!AC57 | J144: ='C+8 Dashboard'!AF57 | K144: ='C+8 Dashboard'!AI57 | L144: ='C+8 Dashboard'!AL57 | M144: ='C+8 Dashboard'!AO57
A145: a) Excellent - 100% | B145: ='C+8 Dashboard'!H56 | C145: ='C+8 Dashboard'!K56 -> 1 | D145: ='C+8 Dashboard'!N56 | E145: ='C+8 Dashboard'!Q56 | F145: ='C+8 Dashboard'!T56 | G145: ='C+8 Dashboard'!W56 | H145: ='C+8 Dashboard'!Z56 | I145: ='C+8 Dashboard'!AC56 | J145: ='C+8 Dashboard'!AF56 | K145: ='C+8 Dashboard'!AI56 | L145: ='C+8 Dashboard'!AL56 | M145: ='C+8 Dashboard'!AO56
A146: C) Good - 60% | B146: ='C+8 Dashboard'!H58 | C146: ='C+8 Dashboard'!K58 -> 0 | D146: ='C+8 Dashboard'!N58 | E146: ='C+8 Dashboard'!Q58 | F146: ='C+8 Dashboard'!T58 | G146: ='C+8 Dashboard'!W58 | H146: ='C+8 Dashboard'!Z58 | I146: ='C+8 Dashboard'!AC58 | J146: ='C+8 Dashboard'!AF58 | K146: ='C+8 Dashboard'!AI58 | L146: ='C+8 Dashboard'!AL58 | M146: ='C+8 Dashboard'!AO58
A147: d) Fair - 40% | B147: ='C+8 Dashboard'!H59 | C147: ='C+8 Dashboard'!K59 -> 0 | D147: ='C+8 Dashboard'!N59 | E147: ='C+8 Dashboard'!Q59 | F147: ='C+8 Dashboard'!T59 | G147: ='C+8 Dashboard'!W59 | H147: ='C+8 Dashboard'!Z59 | I147: ='C+8 Dashboard'!AC59 | J147: ='C+8 Dashboard'!AF59 | K147: ='C+8 Dashboard'!AI59 | L147: ='C+8 Dashboard'!AL59 | M147: ='C+8 Dashboard'!AO59
A148: e) Poor - 20% | B148: ='C+8 Dashboard'!H60 | C148: ='C+8 Dashboard'!K60 -> 0 | D148: ='C+8 Dashboard'!N60 | E148: ='C+8 Dashboard'!Q60 | F148: ='C+8 Dashboard'!T60 | G148: ='C+8 Dashboard'!W60 | H148: ='C+8 Dashboard'!Z60 | I148: ='C+8 Dashboard'!AC60 | J148: ='C+8 Dashboard'!AF60 | K148: ='C+8 Dashboard'!AI60 | L148: ='C+8 Dashboard'!AL60 | M148: ='C+8 Dashboard'!AO60
A149: The Process of fixing appointment with the doctor
B150: =B118 -> 45748 | C150: =C118 -> 45778 | D150: =D118 -> 45809 | E150: =E118 -> 45839 | F150: =F118 -> 45870 | G150: =G118 -> 45901 | H150: =H118 -> 45931 | I150: =I118 -> 45962 | ... M150: =M118 -> 46082
A151: The Process of fixing appointment with the doctor
A152: b) V.Good - 80% | B152: ='C+8 Dashboard'!H5 | C152: ='C+8 Dashboard'!K5 -> 0 | D152: ='C+8 Dashboard'!N5 | E152: ='C+8 Dashboard'!Q5 | F152: ='C+8 Dashboard'!T5 | G152: ='C+8 Dashboard'!W5 | H152: ='C+8 Dashboard'!Z5 | I152: ='C+8 Dashboard'!AC5 | J152: ='C+8 Dashboard'!AF5 | K152: ='C+8 Dashboard'!AI5 | L152: ='C+8 Dashboard'!AL5 | M152: ='C+8 Dashboard'!AO5
A153: a) Excellent - 100% | B153: ='C+8 Dashboard'!H4 | C153: ='C+8 Dashboard'!K4 -> 1 | D153: ='C+8 Dashboard'!N4 | E153: ='C+8 Dashboard'!Q4 | F153: ='C+8 Dashboard'!T4 | G153: ='C+8 Dashboard'!W4 | H153: ='C+8 Dashboard'!Z4 | I153: ='C+8 Dashboard'!AC4 | J153: ='C+8 Dashboard'!AF4 | K153: ='C+8 Dashboard'!AI4 | L153: ='C+8 Dashboard'!AL4 | M153: ='C+8 Dashboard'!AO4
A154: C) Good - 60% | B154: ='C+8 Dashboard'!H6 | C154: ='C+8 Dashboard'!K6 -> 0 | D154: ='C+8 Dashboard'!N6 | E154: ='C+8 Dashboard'!Q6 | F154: ='C+8 Dashboard'!T6 | G154: ='C+8 Dashboard'!W6 | H154: ='C+8 Dashboard'!Z6 | I154: ='C+8 Dashboard'!AC6 | J154: ='C+8 Dashboard'!AF6 | K154: ='C+8 Dashboard'!AI6 | L154: ='C+8 Dashboard'!AL6 | M154: ='C+8 Dashboard'!AO6
A155: d) Fair - 40% | B155: ='C+8 Dashboard'!H7 | C155: ='C+8 Dashboard'!K7 -> 0 | D155: ='C+8 Dashboard'!N7 | E155: ='C+8 Dashboard'!Q7 | F155: ='C+8 Dashboard'!T7 | G155: ='C+8 Dashboard'!W7 | H155: ='C+8 Dashboard'!Z7 | I155: ='C+8 Dashboard'!AC7 | J155: ='C+8 Dashboard'!AF7 | K155: ='C+8 Dashboard'!AI7 | L155: ='C+8 Dashboard'!AL7 | M155: ='C+8 Dashboard'!AO7
A156: e) Poor - 20% | B156: ='C+8 Dashboard'!H8 | C156: ='C+8 Dashboard'!K8 -> 0 | D156: ='C+8 Dashboard'!N8 | E156: ='C+8 Dashboard'!Q8 | F156: ='C+8 Dashboard'!T8 | G156: ='C+8 Dashboard'!W8 | H156: ='C+8 Dashboard'!Z8 | I156: ='C+8 Dashboard'!AC8 | J156: ='C+8 Dashboard'!AF8 | K156: ='C+8 Dashboard'!AI8 | L156: ='C+8 Dashboard'!AL8 | M156: ='C+8 Dashboard'!AO8
A157: Overall services provided by the AyurVAID Reception team
B158: =B118 -> 45748 | C158: =C118 -> 45778 | D158: =D118 -> 45809 | E158: =E118 -> 45839 | F158: =F118 -> 45870 | G158: =G118 -> 45901 | H158: =H118 -> 45931 | I158: =I118 -> 45962 | ... M158: =M118 -> 46082
A159: Overall services provided by the AyurVAID Reception team
A160: b) V.Good - 80% | B160: ='C+8 Dashboard'!H11 | C160: ='C+8 Dashboard'!K11 -> 0 | D160: ='C+8 Dashboard'!N11 | E160: ='C+8 Dashboard'!Q11 | F160: ='C+8 Dashboard'!T11 | G160: ='C+8 Dashboard'!W11 | H160: ='C+8 Dashboard'!Z11 | I160: ='C+8 Dashboard'!AC11 | J160: ='C+8 Dashboard'!AF11 | K160: ='C+8 Dashboard'!AI11 | L160: ='C+8 Dashboard'!AL11 | M160: ='C+8 Dashboard'!AO11
A161: a) Excellent - 100% | B161: ='C+8 Dashboard'!H10 | C161: ='C+8 Dashboard'!K10 -> 1 | D161: ='C+8 Dashboard'!N10 | E161: ='C+8 Dashboard'!Q10 | F161: ='C+8 Dashboard'!T10 | G161: ='C+8 Dashboard'!W10 | H161: ='C+8 Dashboard'!Z10 | I161: ='C+8 Dashboard'!AC10 | J161: ='C+8 Dashboard'!AF10 | K161: ='C+8 Dashboard'!AI10 | L161: ='C+8 Dashboard'!AL10 | M161: ='C+8 Dashboard'!AO10
A162: C) Good - 60% | B162: ='C+8 Dashboard'!H12 | C162: ='C+8 Dashboard'!K12 -> 0 | D162: ='C+8 Dashboard'!N12 | E162: ='C+8 Dashboard'!Q12 | F162: ='C+8 Dashboard'!T12 | G162: ='C+8 Dashboard'!W12 | H162: ='C+8 Dashboard'!Z12 | I162: ='C+8 Dashboard'!AC12 | J162: ='C+8 Dashboard'!AF12 | K162: ='C+8 Dashboard'!AI12 | L162: ='C+8 Dashboard'!AL12 | M162: ='C+8 Dashboard'!AO12
A163: d) Fair - 40% | B163: ='C+8 Dashboard'!H13 | C163: ='C+8 Dashboard'!K13 -> 0 | D163: ='C+8 Dashboard'!N13 | E163: ='C+8 Dashboard'!Q13 | F163: ='C+8 Dashboard'!T13 | G163: ='C+8 Dashboard'!W13 | H163: ='C+8 Dashboard'!Z13 | I163: ='C+8 Dashboard'!AC13 | J163: ='C+8 Dashboard'!AF13 | K163: ='C+8 Dashboard'!AI13 | L163: ='C+8 Dashboard'!AL13 | M163: ='C+8 Dashboard'!AO13
A164: e) Poor - 20% | B164: ='C+8 Dashboard'!H14 | C164: ='C+8 Dashboard'!K14 -> 0 | D164: ='C+8 Dashboard'!N14 | E164: ='C+8 Dashboard'!Q14 | F164: ='C+8 Dashboard'!T14 | G164: ='C+8 Dashboard'!W14 | H164: ='C+8 Dashboard'!Z14 | I164: ='C+8 Dashboard'!AC14 | J164: ='C+8 Dashboard'!AF14 | K164: ='C+8 Dashboard'!AI14 | L164: ='C+8 Dashboard'!AL14 | M164: ='C+8 Dashboard'!AO14
A165: Overall services provided by the Pharmacy and Billing team
B166: =B118 -> 45748 | C166: =C118 -> 45778 | D166: =D118 -> 45809 | E166: =E118 -> 45839 | F166: =F118 -> 45870 | G166: =G118 -> 45901 | H166: =H118 -> 45931 | I166: =I118 -> 45962 | ... M166: =M118 -> 46082
A167: Overall services provided by the Pharmacy and Billing team
A168: b) V.Good - 80% | B168: ='C+8 Dashboard'!H17 | C168: ='C+8 Dashboard'!K17 -> 0 | D168: ='C+8 Dashboard'!N17 | E168: ='C+8 Dashboard'!Q17 | F168: ='C+8 Dashboard'!T17 | G168: ='C+8 Dashboard'!W17 | H168: ='C+8 Dashboard'!Z17 | I168: ='C+8 Dashboard'!AC17 | J168: ='C+8 Dashboard'!AF17 | K168: ='C+8 Dashboard'!AI17 | L168: ='C+8 Dashboard'!AL17 | M168: ='C+8 Dashboard'!AO17
A169: a) Excellent - 100% | B169: ='C+8 Dashboard'!H16 | C169: ='C+8 Dashboard'!K16 -> 1 | D169: ='C+8 Dashboard'!N16 | E169: ='C+8 Dashboard'!Q16 | F169: ='C+8 Dashboard'!T16 | G169: ='C+8 Dashboard'!W16 | H169: ='C+8 Dashboard'!Z16 | I169: ='C+8 Dashboard'!AC16 | J169: ='C+8 Dashboard'!AF16 | K169: ='C+8 Dashboard'!AI16 | L169: ='C+8 Dashboard'!AL16 | M169: ='C+8 Dashboard'!AO16
A170: C) Good - 60% | B170: ='C+8 Dashboard'!H18 | C170: ='C+8 Dashboard'!K18 -> 0 | D170: ='C+8 Dashboard'!N18 | E170: ='C+8 Dashboard'!Q18 | F170: ='C+8 Dashboard'!T18 | G170: ='C+8 Dashboard'!W18 | H170: ='C+8 Dashboard'!Z18 | I170: ='C+8 Dashboard'!AC18 | J170: ='C+8 Dashboard'!AF18 | K170: ='C+8 Dashboard'!AI18 | L170: ='C+8 Dashboard'!AL18 | M170: ='C+8 Dashboard'!AO18
A171: d) Fair - 40% | B171: ='C+8 Dashboard'!H19 | C171: ='C+8 Dashboard'!K19 -> 0 | D171: ='C+8 Dashboard'!N19 | E171: ='C+8 Dashboard'!Q19 | F171: ='C+8 Dashboard'!T19 | G171: ='C+8 Dashboard'!W19 | H171: ='C+8 Dashboard'!Z19 | I171: ='C+8 Dashboard'!AC19 | J171: ='C+8 Dashboard'!AF19 | K171: ='C+8 Dashboard'!AI19 | L171: ='C+8 Dashboard'!AL19 | M171: ='C+8 Dashboard'!AO19
A172: e) Poor - 20% | B172: ='C+8 Dashboard'!H20 | C172: ='C+8 Dashboard'!K20 -> 0 | D172: ='C+8 Dashboard'!N20 | E172: ='C+8 Dashboard'!Q20 | F172: ='C+8 Dashboard'!T20 | G172: ='C+8 Dashboard'!W20 | H172: ='C+8 Dashboard'!Z20 | I172: ='C+8 Dashboard'!AC20 | J172: ='C+8 Dashboard'!AF20 | K172: ='C+8 Dashboard'!AI20 | L172: ='C+8 Dashboard'!AL20 | M172: ='C+8 Dashboard'!AO20
A173: During your consultation, have you received clear information about
A175: Diagnosis
B177: =B118 -> 45748 | C177: =C118 -> 45778 | D177: =D118 -> 45809 | E177: =E118 -> 45839 | F177: =F118 -> 45870 | G177: =G118 -> 45901 | H177: =H118 -> 45931 | I177: =I118 -> 45962 | ... M177: =M118 -> 46082
A178: Your diagnosis
A179: No | B179: ='C+8 Dashboard'!H39 | C179: ='C+8 Dashboard'!K39 -> 0 | D179: ='C+8 Dashboard'!N39 | E179: ='C+8 Dashboard'!Q39 | F179: ='C+8 Dashboard'!T39 | G179: ='C+8 Dashboard'!W39 | H179: ='C+8 Dashboard'!Z39 | I179: ='C+8 Dashboard'!AC39 | J179: ='C+8 Dashboard'!AF39 | K179: ='C+8 Dashboard'!AI39 | L179: ='C+8 Dashboard'!AL39 | M179: ='C+8 Dashboard'!AO39
A180: Yes | B180: ='C+8 Dashboard'!H38 | C180: ='C+8 Dashboard'!K38 -> 1 | D180: ='C+8 Dashboard'!N38 | E180: ='C+8 Dashboard'!Q38 | F180: ='C+8 Dashboard'!T38 | G180: ='C+8 Dashboard'!W38 | H180: ='C+8 Dashboard'!Z38 | I180: ='C+8 Dashboard'!AC38 | J180: ='C+8 Dashboard'!AF38 | K180: ='C+8 Dashboard'!AI38 | L180: ='C+8 Dashboard'!AL38 | M180: ='C+8 Dashboard'!AO38
A182: Risk factors
B184: =B118 -> 45748 | C184: =C118 -> 45778 | D184: =D118 -> 45809 | E184: =E118 -> 45839 | F184: =F118 -> 45870 | G184: =G118 -> 45901 | H184: =H118 -> 45931 | I184: =I118 -> 45962 | ... M184: =M118 -> 46082
A185: Your risk factors
A187: No | B187: ='C+8 Dashboard'!H42 | C187: ='C+8 Dashboard'!K42 -> 0 | D187: ='C+8 Dashboard'!N42 | E187: ='C+8 Dashboard'!Q42 | F187: ='C+8 Dashboard'!T42 | G187: ='C+8 Dashboard'!W42 | H187: ='C+8 Dashboard'!Z42 | I187: ='C+8 Dashboard'!AC39 | J187: ='C+8 Dashboard'!AF42 | K187: ='C+8 Dashboard'!AI42 | L187: ='C+8 Dashboard'!AL42 | M187: ='C+8 Dashboard'!AO42
A188: Yes | B188: ='C+8 Dashboard'!H41 | C188: ='C+8 Dashboard'!K41 -> 1 | D188: ='C+8 Dashboard'!N41 | E188: ='C+8 Dashboard'!Q41 | F188: ='C+8 Dashboard'!T41 | G188: ='C+8 Dashboard'!W41 | H188: ='C+8 Dashboard'!Z41 | I188: ='C+8 Dashboard'!AC38 | J188: ='C+8 Dashboard'!AF41 | K188: ='C+8 Dashboard'!AI41 | L188: ='C+8 Dashboard'!AL41 | M188: ='C+8 Dashboard'!AO41
A190: Dos and Don't for you
B192: =B118 -> 45748 | C192: =C118 -> 45778 | D192: =D118 -> 45809 | E192: =E118 -> 45839 | F192: =F118 -> 45870 | G192: =G118 -> 45901 | H192: =H118 -> 45931 | I192: =I118 -> 45962 | ... M192: =M118 -> 46082
A193: Dos and Don't for you
A195: No | B195: ='C+8 Dashboard'!H45 | C195: ='C+8 Dashboard'!K45 -> 0 | D195: ='C+8 Dashboard'!N45 | E195: ='C+8 Dashboard'!Q45 | F195: ='C+8 Dashboard'!T45 | G195: ='C+8 Dashboard'!W45 | H195: ='C+8 Dashboard'!Z45 | I195: ='C+8 Dashboard'!AC45 | J195: ='C+8 Dashboard'!AF45 | K195: ='C+8 Dashboard'!AI45 | L195: ='C+8 Dashboard'!AL45 | M195: ='C+8 Dashboard'!AO45
A196: Yes | B196: ='C+8 Dashboard'!H44 | C196: ='C+8 Dashboard'!K44 -> 1 | D196: ='C+8 Dashboard'!N44 | E196: ='C+8 Dashboard'!Q44 | F196: ='C+8 Dashboard'!T44 | G196: ='C+8 Dashboard'!W44 | H196: ='C+8 Dashboard'!Z44 | I196: ='C+8 Dashboard'!AC44 | J196: ='C+8 Dashboard'!AF44 | K196: ='C+8 Dashboard'!AI44 | L196: ='C+8 Dashboard'!AL44 | M196: ='C+8 Dashboard'!AO44
A198: Diet-lifestyle-medicine-treatment process
B199: =B118 -> 45748 | C199: =C118 -> 45778 | D199: =D118 -> 45809 | E199: =E118 -> 45839 | F199: =F118 -> 45870 | G199: =G118 -> 45901 | H199: =H118 -> 45931 | I199: =I118 -> 45962 | ... M199: =M118 -> 46082
A200: Diet-lifestyle-medicine-treatment process
A201: No | B201: ='C+8 Dashboard'!H48 | C201: ='C+8 Dashboard'!K48 -> 0 | D201: ='C+8 Dashboard'!N48 | E201: ='C+8 Dashboard'!Q48 | F201: ='C+8 Dashboard'!T48 | G201: ='C+8 Dashboard'!W48 | H201: ='C+8 Dashboard'!Z48 | I201: ='C+8 Dashboard'!AC48 | J201: ='C+8 Dashboard'!AF48 | K201: ='C+8 Dashboard'!AI48 | L201: ='C+8 Dashboard'!AL48 | M201: ='C+8 Dashboard'!AO48
A202: Yes | B202: ='C+8 Dashboard'!H47 | C202: ='C+8 Dashboard'!K47 -> 1 | D202: ='C+8 Dashboard'!N47 | E202: ='C+8 Dashboard'!Q47 | F202: ='C+8 Dashboard'!T47 | G202: ='C+8 Dashboard'!W47 | H202: ='C+8 Dashboard'!Z47 | I202: ='C+8 Dashboard'!AC47 | J202: ='C+8 Dashboard'!AF47 | K202: ='C+8 Dashboard'!AI47 | L202: ='C+8 Dashboard'!AL47 | M202: ='C+8 Dashboard'!AO47
A204: Health outcomes that you may expect
B205: =B118 -> 45748 | C205: =C118 -> 45778 | D205: =D118 -> 45809 | E205: =E118 -> 45839 | F205: =F118 -> 45870 | G205: =G118 -> 45901 | H205: =H118 -> 45931 | I205: =I118 -> 45962 | ... M205: =M118 -> 46082
A206: Health outcomes that you may expect
A207: No | B207: ='C+8 Dashboard'!H51 | C207: ='C+8 Dashboard'!K51 -> 0 | D207: ='C+8 Dashboard'!N51 | E207: ='C+8 Dashboard'!Q51 | F207: ='C+8 Dashboard'!T51 | G207: ='C+8 Dashboard'!W51 | H207: ='C+8 Dashboard'!Z51 | I207: ='C+8 Dashboard'!AC51 | J207: ='C+8 Dashboard'!AF51 | K207: ='C+8 Dashboard'!AI51 | L207: ='C+8 Dashboard'!AL51 | M207: ='C+8 Dashboard'!AO51
A208: Yes | B208: ='C+8 Dashboard'!H50 | C208: ='C+8 Dashboard'!K50 -> 1 | D208: ='C+8 Dashboard'!N50 | E208: ='C+8 Dashboard'!Q50 | F208: ='C+8 Dashboard'!T50 | G208: ='C+8 Dashboard'!W50 | H208: ='C+8 Dashboard'!Z50 | I208: ='C+8 Dashboard'!AC50 | J208: ='C+8 Dashboard'!AF50 | K208: ='C+8 Dashboard'!AI50 | L208: ='C+8 Dashboard'!AL50 | M208: ='C+8 Dashboard'!AO50
A210: The review date
B211: =B118 -> 45748 | C211: =C118 -> 45778 | D211: =D118 -> 45809 | E211: =E118 -> 45839 | F211: =F118 -> 45870 | G211: =G118 -> 45901 | H211: =H118 -> 45931 | I211: =I118 -> 45962 | ... M211: =M118 -> 46082
A212: The review date
A213: No | B213: ='C+8 Dashboard'!H57 | C213: ='C+8 Dashboard'!K57 -> 0 | D213: ='C+8 Dashboard'!N57 | E213: ='C+8 Dashboard'!Q57 | F213: ='C+8 Dashboard'!T57 | G213: ='C+8 Dashboard'!W57 | H213: ='C+8 Dashboard'!Z57 | I213: ='C+8 Dashboard'!AC57 | J213: ='C+8 Dashboard'!AF57 | K213: ='C+8 Dashboard'!AI57 | L213: ='C+8 Dashboard'!AL57 | M213: ='C+8 Dashboard'!AO57
A214: Yes | B214: ='C+8 Dashboard'!H56 | C214: ='C+8 Dashboard'!K56 -> 1 | D214: ='C+8 Dashboard'!N56 | E214: ='C+8 Dashboard'!Q56 | F214: ='C+8 Dashboard'!T56 | G214: ='C+8 Dashboard'!W56 | H214: ='C+8 Dashboard'!Z56 | I214: ='C+8 Dashboard'!AC56 | J214: ='C+8 Dashboard'!AF56 | K214: ='C+8 Dashboard'!AI56 | L214: ='C+8 Dashboard'!AL56 | M214: ='C+8 Dashboard'!AO56

Sheet Month
A1: 1 | B1: Jan
A2: 2 | B2: Feb
A3: 3 | B3: Mar
A4: 4 | B4: Apr
A5: 5 | B5: May
A6: 6 | B6: Jun
A7: 7 | B7: Jul
A8: 8 | B8: Aug
A9: 9 | B9: Sep
A10: 10 | B10: Oct
A11: 11 | B11: Nov
A12: 12 | B12: Dec

Sheet SavedSearch
A1: Description | B1: Search ID | C1: Criteria
A2: CsatPostConsult | B2: 493/1719 | C2: Center and Full Year: Jan-22 to Dec-22
A3: PP1 | B3: 843/1764
