Workbook

Sheet Data-SO
A1: Date | B1: Type | C1: AturaID | D1: Document Number | E1: Patient Name ----------- | F1: Status | G1: Amount | H1: Treatment Type | I1: Sales Type | J1: Memo | K1: Patient Name | L1: Primary Physician | M1: TSD | N1: TED | O1: AyurVAID Centre | P1: Covered by Insurance? | Q1: Payable By Insurance | R1: Cashless / Reimbursement | S1: Corporate / Retail | T1: Insurance Company | U1: Insurance Policy # | V1: TPA | W1: TPA Card # | X1: TPA / CGHS Claim ID | Y1: Created By | Z1: Days | AA1: Date of Birth | AB1: PP1-Primary Physician | AC1: Created From | AD1: OPT/IPT # | AE1: Primary Diagnosis (Allopathy) | AF1: Primary Diagnosis (Ayurveda) | AG1: TSD | AH1: TED | AI1: TSD Month | AJ1: TED Month | AK1: Missed TSD | AL1: Missed TED
A2: 45748 | B2: Sales Order | D2: KFHS/AVEIHCL/000227/SaleOrd | F2: Pending Fulfillment | G2: 11210 | H2: OPT | I2: Treatment | L2: Dr. Bindu M (IHCL) | M2: 45748 | N2: 45748 | O2: AVHE-IHCL | P2: No | Y2: AVH IT | Z2: 1 | AB2: Dr. Bindu M (IHCL) | AG2: =M2 -> 45748 | AH2: =N2 -> 45748 | AI2: =VLOOKUP(MONTH(AG2),Month!$A:$B,2,FALSE) & "-" & MID(YEAR(AG2),3,2) -> Apr-25 | AJ2: =VLOOKUP(MONTH(AH2),Month!$A:$B,2,FALSE) & "-" & MID(YEAR(AH2),3,2) -> Apr-25 | AK2: =IFERROR(VLOOKUP(D2, 'Data-TSD+1'!Z:Z, 1, FALSE), "NOT COVERED") -> NOT COVERED | AL2: =IFERROR(VLOOKUP(D2, 'Data-TED-1'!AF:AF, 1, FALSE), "NOT COVERED") -> NOT COVERED

Sheet Data-TSD+1
A1: AyurVAID Centre | B1: Treatment Start Date | C1: Patient ID | D1: Name of Physician | E1: Satisfactory Clarity of Treatment Objves | F1: Timely & Satisfactory information | G1: Daily routine | H1: Do's and Don'ts | I1: Quality of Medical Care | J1: OVERALL QUALITY OF SERVICES (Reception) | K1: OVERALL QUALITY OF SERVICES (PBE) | L1: Timely & Satisfactory Information (TED) | M1: Attention by your PP | N1: Attention by the RMO | O1: Attention by the CM | P1: Quality of housekeeping | Q1: Timeliness of service | R1: Overall services at AyurVAID hospitals | S1: OPT /IPT # | T1: Date and Time of Feedback (TED) | U1: TSD + 1 Date | V1: Commit to be Conscious(Discharge) | W1: Comment | X1: Probability that you will RECOMMEND ? | Y1: Date Created | Z1: Document Number | AA1: Feedback Status | AB1: Treatment Type | AC1: Month
A2: HRBR | B2: 45766 | C2: 802074397 | D2: Dr. Nagendra Kumar (HRBR) | E2: Very satisfactory (100%) | F2: Very satisfactory (100%) | G2: Very satisfactory (100%) | H2: Very satisfactory (100%) | M2: Very satisfactory (100%) | N2: Very satisfactory (100%) | O2: Very satisfactory (100%) | P2: Very satisfactory (100%) | Q2: Very satisfactory (100%) | R2: Very satisfactory (100%) | S2: OPT#53/2025 | T2: 45766.725 | U2: 45766 | V2: No | W2: Happy with the treatment and the services | X2: 1 | Y2: 45766.724 | Z2: KFHS/AVHRBR/001759/SaleOrd | AA2: Done | AB2: =_xlfn.IFNA(VLOOKUP(Z2, 'Data-SO'!D:H, 5, FALSE),"") | AC2: =VLOOKUP(MONTH(B2),Month!$A:$B,2,FALSE) & "-" & MID(YEAR(B2),3,2) -> Apr-25

Sheet Data-TED-1
A1: AyurVAID Centre | B1: Patient ID | C1: TED - 1 | D1: OPT IPT # | E1: Name of the Physician | F1: Timely and Satisfactory Information | G1: Quality of Medical Care by your PP | H1: Quality of MC by CG | I1: Quality of Medical Care by our RMO | J1: Quality of Care by CM | K1: Overall Quality(Reception) | L1: Overall Quality(Pharmacy and Billing) | M1: Ease of lodging complaints | N1: Resolution of complaints lodged | O1: AyurVAID's Medical Care | P1: Vomiting | Q1: Acidity | R1: Cought/Cold | S1: Rash | T1: Loose Motion | U1: Pain | V1: Fall | W1: Other | X1: Overall Satisfaction with AVH | Y1: Probability that you will Recommend | Z1: Details of Other | AA1: Your Suggestion for Improvement | AB1: Date Created | AC1: Feedback Date | AD1: Feedback Status | AE1: TSD | AF1: Document Number | AG1: Treatment Type | AH1: Month
A2: HRBR | B2: 801058408 | C2: 46019 | D2: IPT#183/2025 | E2: Dr. Sushma M (HRBR) | G2: Satisfactory (80%) | H2: Satisfactory (80%) | I2: Satisfactory (80%) | J2: Average (60%) | K2: Satisfactory (80%) | L2: Satisfactory (80%) | M2: Unsatisfactory (40%) | N2: Unsatisfactory (40%) | O2: Satisfactory (80%) | P2: No | Q2: No | R2: No | S2: No | T2: No | U2: No | V2: No | W2: No | X2: Average (60%) | Y2: 0.6 | AA2: Happy with the clinical part but shared the following : The patient was highly disappointed as no action was taken on the above feedback. He faced several difficulties during his stay, including the absence of any communication facility for assistance. On one occasion late at night, he had to step out of his room to get a towel due to the lack of an intercom. He also requested that he not be contacted again for feedback. | AB2: 46011.496 | AC2: 46011 | AD2: Done | AE2: 46011 | AF2: KFHS/AVHRBR/003299/SaleOrd | AG2: =_xlfn.IFNA(VLOOKUP(AF2, 'Data-SO'!D:H, 5, FALSE),"") | AH2: =VLOOKUP(MONTH(C2),Month!$A:$B,2,FALSE) & "-" & MID(YEAR(C2),3,2) -> Dec-25

Sheet CSAT-AVH
A1: CSAT- OPT & IP | F1: 45748 | I1: =EDATE(F1,1) -> 45778 | L1: =EDATE(I1,1) -> 45809 | O1: =EDATE(L1,1) -> 45839 | R1: =EDATE(O1,1) -> 45870 | U1: =EDATE(R1,1) -> 45901 | X1: =EDATE(U1,1) -> 45931 | AA1: =EDATE(X1,1) -> 45962 | AD1: =EDATE(AA1,1) -> 45992 | AG1: =EDATE(AD1,1) -> 46023 | AJ1: =EDATE(AG1,1) -> 46054 | AM1: =EDATE(AJ1,1) -> 46082
A2: 1 | B2: TSD+1: Satisfaction with clarity of treatment objectives | C2: Total | D2: Actuals | E2: % Sat
B3: a) Excellent - 100% | C3: =COUNTIF('Data-TSD+1'!$E:$E,"<>" & "")-1 -> 1 | D3: =G3+J3+M3+P3+S3+V3+Y3+AB3+AE3+AH3+AK3+AN3 -> 1 | E3: =IF(C3 <> 0,D3/C3,"") -> 1 | F3: =COUNTIFS('Data-TSD+1'!$AC:$AC,F$1,'Data-TSD+1'!$E:$E,"<>" & "") -> 1 | G3: =COUNTIFS('Data-TSD+1'!$AC:$AC,F$1,'Data-TSD+1'!$E:$E,"Very satisfactory (100%)") -> 1 | H3: =IF(F3 <> 0,G3/F3,"") -> 1 | I3: =COUNTIFS('Data-TSD+1'!$AC:$AC,I$1,'Data-TSD+1'!$E:$E,"<>" & "") -> 0 | J3: =COUNTIFS('Data-TSD+1'!$AC:$AC,I$1,'Data-TSD+1'!$E:$E,"Very satisfactory (100%)") -> 0 | K3: =IF(I3 <> 0,J3/I3,"") | L3: =COUNTIFS('Data-TSD+1'!$AC:$AC,L$1,'Data-TSD+1'!$E:$E,"<>" & "") -> 0 | M3: =COUNTIFS('Data-TSD+1'!$AC:$AC,L$1,'Data-TSD+1'!$E:$E,"Very satisfactory (100%)") -> 0 | N3: =IF(L3 <> 0,M3/L3,"") | O3: =COUNTIFS('Data-TSD+1'!$AC:$AC,O$1,'Data-TSD+1'!$E:$E,"<>" & "") -> 0 | P3: =COUNTIFS('Data-TSD+1'!$AC:$AC,O$1,'Data-TSD+1'!$E:$E,"Very satisfactory (100%)") -> 0 | Q3: =IF(O3 <> 0,P3/O3,"") | R3: =COUNTIFS('Data-TSD+1'!$AC:$AC,R$1,'Data-TSD+1'!$E:$E,"<>" & "") -> 0 | S3: =COUNTIFS('Data-TSD+1'!$AC:$AC,R$1,'Data-TSD+1'!$E:$E,"Very satisfactory (100%)") -> 0 | T3: =IF(R3 <> 0,S3/R3,"") | U3: =COUNTIFS('Data-TSD+1'!$AC:$AC,U$1,'Data-TSD+1'!$E:$E,"<>" & "") -> 0 | V3: =COUNTIFS('Data-TSD+1'!$AC:$AC,U$1,'Data-TSD+1'!$E:$E,"Very satisfactory (100%)") -> 0 | W3: =IF(U3 <> 0,V3/U3,"") | X3: =COUNTIFS('Data-TSD+1'!$AC:$AC,X$1,'Data-TSD+1'!$E:$E,"<>" & "") -> 0 | Y3: =COUNTIFS('Data-TSD+1'!$AC:$AC,X$1,'Data-TSD+1'!$E:$E,"Very satisfactory (100%)") -> 0 | Z3: =IF(X3 <> 0,Y3/X3,"") | AA3: =COUNTIFS('Data-TSD+1'!$AC:$AC,AA$1,'Data-TSD+1'!$E:$E,"<>" & "") -> 0 | AB3: =COUNTIFS('Data-TSD+1'!$AC:$AC,AA$1,'Data-TSD+1'!$E:$E,"Very satisfactory (100%)") -> 0 | AC3: =IF(AA3 <> 0,AB3/AA3,"") | AD3: =COUNTIFS('Data-TSD+1'!$AC:$AC,AD$1,'Data-TSD+1'!$E:$E,"<>" & "") -> 0 | AE3: =COUNTIFS('Data-TSD+1'!$AC:$AC,AD$1,'Data-TSD+1'!$E:$E,"Very satisfactory (100%)") -> 0 | AF3: =IF(AD3 <> 0,AE3/AD3,"") | AG3: =COUNTIFS('Data-TSD+1'!$AC:$AC,AG$1,'Data-TSD+1'!$E:$E,"<>" & "") -> 0 | AH3: =COUNTIFS('Data-TSD+1'!$AC:$AC,AG$1,'Data-TSD+1'!$E:$E,"Very satisfactory (100%)") -> 0 | AI3: =IF(AG3 <> 0,AH3/AG3,"") | AJ3: =COUNTIFS('Data-TSD+1'!$AC:$AC,AJ$1,'Data-TSD+1'!$E:$E,"<>" & "") -> 0 | AK3: =COUNTIFS('Data-TSD+1'!$AC:$AC,AJ$1,'Data-TSD+1'!$E:$E,"Very satisfactory (100%)") -> 0 | AL3: =IF(AJ3 <> 0,AK3/AJ3,"") | AM3: =COUNTIFS('Data-TSD+1'!$AC:$AC,AM$1,'Data-TSD+1'!$E:$E,"<>" & "") -> 0 | AN3: =COUNTIFS('Data-TSD+1'!$AC:$AC,AM$1,'Data-TSD+1'!$E:$E,"Very satisfactory (100%)") -> 0 | AO3: =IF(AM3 <> 0,AN3/AM3,"")
B4: b) V.Good - 80% | C4: =C3 -> 1 | D4: =G4+J4+M4+P4+S4+V4+Y4+AB4+AE4+AH4+AK4+AN4 -> 0 | E4: =IF(C4 <> 0,D4/C4,"") -> 0 | F4: =F3 -> 1 | G4: =COUNTIFS('Data-TSD+1'!$AC:$AC,F$1,'Data-TSD+1'!$E:$E,"Satisfactory (80%)") -> 0 | H4: =IF(F4 <> 0,G4/F4,"") -> 0 | I4: =I3 -> 0 | J4: =COUNTIFS('Data-TSD+1'!$AC:$AC,I$1,'Data-TSD+1'!$E:$E,"Satisfactory (80%)") -> 0 | K4: =IF(I4 <> 0,J4/I4,"") | L4: =L3 -> 0 | M4: =COUNTIFS('Data-TSD+1'!$AC:$AC,L$1,'Data-TSD+1'!$E:$E,"Satisfactory (80%)") -> 0 | N4: =IF(L4 <> 0,M4/L4,"") | O4: =O3 -> 0 | P4: =COUNTIFS('Data-TSD+1'!$AC:$AC,O$1,'Data-TSD+1'!$E:$E,"Satisfactory (80%)") -> 0 | Q4: =IF(O4 <> 0,P4/O4,"") | R4: =R3 -> 0 | S4: =COUNTIFS('Data-TSD+1'!$AC:$AC,R$1,'Data-TSD+1'!$E:$E,"Satisfactory (80%)") -> 0 | T4: =IF(R4 <> 0,S4/R4,"") | U4: =U3 -> 0 | V4: =COUNTIFS('Data-TSD+1'!$AC:$AC,U$1,'Data-TSD+1'!$E:$E,"Satisfactory (80%)") -> 0 | W4: =IF(U4 <> 0,V4/U4,"") | X4: =X3 -> 0 | Y4: =COUNTIFS('Data-TSD+1'!$AC:$AC,X$1,'Data-TSD+1'!$E:$E,"Satisfactory (80%)") -> 0 | Z4: =IF(X4 <> 0,Y4/X4,"") | AA4: =AA3 -> 0 | AB4: =COUNTIFS('Data-TSD+1'!$AC:$AC,AA$1,'Data-TSD+1'!$E:$E,"Satisfactory (80%)") -> 0 | AC4: =IF(AA4 <> 0,AB4/AA4,"") | AD4: =AD3 -> 0 | AE4: =COUNTIFS('Data-TSD+1'!$AC:$AC,AD$1,'Data-TSD+1'!$E:$E,"Satisfactory (80%)") -> 0 | AF4: =IF(AD4 <> 0,AE4/AD4,"") | AG4: =AG3 -> 0 | AH4: =COUNTIFS('Data-TSD+1'!$AC:$AC,AG$1,'Data-TSD+1'!$E:$E,"Satisfactory (80%)") -> 0 | AI4: =IF(AG4 <> 0,AH4/AG4,"") | AJ4: =AJ3 -> 0 | AK4: =COUNTIFS('Data-TSD+1'!$AC:$AC,AJ$1,'Data-TSD+1'!$E:$E,"Satisfactory (80%)") -> 0 | AL4: =IF(AJ4 <> 0,AK4/AJ4,"") | AM4: =AM3 -> 0 | AN4: =COUNTIFS('Data-TSD+1'!$AC:$AC,AM$1,'Data-TSD+1'!$E:$E,"Satisfactory (80%)") -> 0 | AO4: =IF(AM4 <> 0,AN4/AM4,"")
B5: C) Good - 60% | C5: =C4 -> 1 | D5: =G5+J5+M5+P5+S5+V5+Y5+AB5+AE5+AH5+AK5+AN5 -> 0 | E5: =IF(C5 <> 0,D5/C5,"") -> 0 | F5: =F4 -> 1 | G5: =COUNTIFS('Data-TSD+1'!$AC:$AC,F$1,'Data-TSD+1'!$E:$E,"Average (60%)") -> 0 | H5: =IF(F5 <> 0,G5/F5,"") -> 0 | I5: =I4 -> 0 | J5: =COUNTIFS('Data-TSD+1'!$AC:$AC,I$1,'Data-TSD+1'!$E:$E,"Average (60%)") -> 0 | K5: =IF(I5 <> 0,J5/I5,"") | L5: =L4 -> 0 | M5: =COUNTIFS('Data-TSD+1'!$AC:$AC,L$1,'Data-TSD+1'!$E:$E,"Average (60%)") -> 0 | N5: =IF(L5 <> 0,M5/L5,"") | O5: =O4 -> 0 | P5: =COUNTIFS('Data-TSD+1'!$AC:$AC,O$1,'Data-TSD+1'!$E:$E,"Average (60%)") -> 0 | Q5: =IF(O5 <> 0,P5/O5,"") | R5: =R4 -> 0 | S5: =COUNTIFS('Data-TSD+1'!$AC:$AC,R$1,'Data-TSD+1'!$E:$E,"Average (60%)") -> 0 | T5: =IF(R5 <> 0,S5/R5,"") | U5: =U4 -> 0 | V5: =COUNTIFS('Data-TSD+1'!$AC:$AC,U$1,'Data-TSD+1'!$E:$E,"Average (60%)") -> 0 | W5: =IF(U5 <> 0,V5/U5,"") | X5: =X4 -> 0 | Y5: =COUNTIFS('Data-TSD+1'!$AC:$AC,X$1,'Data-TSD+1'!$E:$E,"Average (60%)") -> 0 | Z5: =IF(X5 <> 0,Y5/X5,"") | AA5: =AA4 -> 0 | AB5: =COUNTIFS('Data-TSD+1'!$AC:$AC,AA$1,'Data-TSD+1'!$E:$E,"Average (60%)") -> 0 | AC5: =IF(AA5 <> 0,AB5/AA5,"") | AD5: =AD4 -> 0 | AE5: =COUNTIFS('Data-TSD+1'!$AC:$AC,AD$1,'Data-TSD+1'!$E:$E,"Average (60%)") -> 0 | AF5: =IF(AD5 <> 0,AE5/AD5,"") | AG5: =AG4 -> 0 | AH5: =COUNTIFS('Data-TSD+1'!$AC:$AC,AG$1,'Data-TSD+1'!$E:$E,"Average (60%)") -> 0 | AI5: =IF(AG5 <> 0,AH5/AG5,"") | AJ5: =AJ4 -> 0 | AK5: =COUNTIFS('Data-TSD+1'!$AC:$AC,AJ$1,'Data-TSD+1'!$E:$E,"Average (60%)") -> 0 | AL5: =IF(AJ5 <> 0,AK5/AJ5,"") | AM5: =AM4 -> 0 | AN5: =COUNTIFS('Data-TSD+1'!$AC:$AC,AM$1,'Data-TSD+1'!$E:$E,"Average (60%)") -> 0 | AO5: =IF(AM5 <> 0,AN5/AM5,"")
B6: d) Fair - 40% | C6: =C5 -> 1 | D6: =G6+J6+M6+P6+S6+V6+Y6+AB6+AE6+AH6+AK6+AN6 -> 0 | E6: =IF(C6 <> 0,D6/C6,"") -> 0 | F6: =F5 -> 1 | G6: =COUNTIFS('Data-TSD+1'!$AC:$AC,F$1,'Data-TSD+1'!$E:$E,"Unsatisfactory (40%)") -> 0 | H6: =IF(F6 <> 0,G6/F6,"") -> 0 | I6: =I5 -> 0 | J6: =COUNTIFS('Data-TSD+1'!$AC:$AC,I$1,'Data-TSD+1'!$E:$E,"Unsatisfactory (40%)") -> 0 | K6: =IF(I6 <> 0,J6/I6,"") | L6: =L5 -> 0 | M6: =COUNTIFS('Data-TSD+1'!$AC:$AC,L$1,'Data-TSD+1'!$E:$E,"Unsatisfactory (40%)") -> 0 | N6: =IF(L6 <> 0,M6/L6,"") | O6: =O5 -> 0 | P6: =COUNTIFS('Data-TSD+1'!$AC:$AC,O$1,'Data-TSD+1'!$E:$E,"Unsatisfactory (40%)") -> 0 | Q6: =IF(O6 <> 0,P6/O6,"") | R6: =R5 -> 0 | S6: =COUNTIFS('Data-TSD+1'!$AC:$AC,R$1,'Data-TSD+1'!$E:$E,"Unsatisfactory (40%)") -> 0 | T6: =IF(R6 <> 0,S6/R6,"") | U6: =U5 -> 0 | V6: =COUNTIFS('Data-TSD+1'!$AC:$AC,U$1,'Data-TSD+1'!$E:$E,"Unsatisfactory (40%)") -> 0 | W6: =IF(U6 <> 0,V6/U6,"") | X6: =X5 -> 0 | Y6: =COUNTIFS('Data-TSD+1'!$AC:$AC,X$1,'Data-TSD+1'!$E:$E,"Unsatisfactory (40%)") -> 0 | Z6: =IF(X6 <> 0,Y6/X6,"") | AA6: =AA5 -> 0 | AB6: =COUNTIFS('Data-TSD+1'!$AC:$AC,AA$1,'Data-TSD+1'!$E:$E,"Unsatisfactory (40%)") -> 0 | AC6: =IF(AA6 <> 0,AB6/AA6,"") | AD6: =AD5 -> 0 | AE6: =COUNTIFS('Data-TSD+1'!$AC:$AC,AD$1,'Data-TSD+1'!$E:$E,"Unsatisfactory (40%)") -> 0 | AF6: =IF(AD6 <> 0,AE6/AD6,"") | AG6: =AG5 -> 0 | AH6: =COUNTIFS('Data-TSD+1'!$AC:$AC,AG$1,'Data-TSD+1'!$E:$E,"Unsatisfactory (40%)") -> 0 | AI6: =IF(AG6 <> 0,AH6/AG6,"") | AJ6: =AJ5 -> 0 | AK6: =COUNTIFS('Data-TSD+1'!$AC:$AC,AJ$1,'Data-TSD+1'!$E:$E,"Unsatisfactory (40%)") -> 0 | AL6: =IF(AJ6 <> 0,AK6/AJ6,"") | AM6: =AM5 -> 0 | AN6: =COUNTIFS('Data-TSD+1'!$AC:$AC,AM$1,'Data-TSD+1'!$E:$E,"Unsatisfactory (40%)") -> 0 | AO6: =IF(AM6 <> 0,AN6/AM6,"")
B7: e) Poor - 20% | C7: =C6 -> 1 | D7: =G7+J7+M7+P7+S7+V7+Y7+AB7+AE7+AH7+AK7+AN7 -> 0 | E7: =IF(C7 <> 0,D7/C7,"") -> 0 | F7: =F6 -> 1 | G7: =COUNTIFS('Data-TSD+1'!$AC:$AC,F$1,'Data-TSD+1'!$E:$E,"Very unsatisfactory (20%)") -> 0 | H7: =IF(F7 <> 0,G7/F7,"") -> 0 | I7: =I6 -> 0 | J7: =COUNTIFS('Data-TSD+1'!$AC:$AC,I$1,'Data-TSD+1'!$E:$E,"Very unsatisfactory (20%)") -> 0 | K7: =IF(I7 <> 0,J7/I7,"") | L7: =L6 -> 0 | M7: =COUNTIFS('Data-TSD+1'!$AC:$AC,L$1,'Data-TSD+1'!$E:$E,"Very unsatisfactory (20%)") -> 0 | N7: =IF(L7 <> 0,M7/L7,"") | O7: =O6 -> 0 | P7: =COUNTIFS('Data-TSD+1'!$AC:$AC,O$1,'Data-TSD+1'!$E:$E,"Very unsatisfactory (20%)") -> 0 | Q7: =IF(O7 <> 0,P7/O7,"") | R7: =R6 -> 0 | S7: =COUNTIFS('Data-TSD+1'!$AC:$AC,R$1,'Data-TSD+1'!$E:$E,"Very unsatisfactory (20%)") -> 0 | T7: =IF(R7 <> 0,S7/R7,"") | U7: =U6 -> 0 | V7: =COUNTIFS('Data-TSD+1'!$AC:$AC,U$1,'Data-TSD+1'!$E:$E,"Very unsatisfactory (20%)") -> 0 | W7: =IF(U7 <> 0,V7/U7,"") | X7: =X6 -> 0 | Y7: =COUNTIFS('Data-TSD+1'!$AC:$AC,X$1,'Data-TSD+1'!$E:$E,"Very unsatisfactory (20%)") -> 0 | Z7: =IF(X7 <> 0,Y7/X7,"") | AA7: =AA6 -> 0 | AB7: =COUNTIFS('Data-TSD+1'!$AC:$AC,AA$1,'Data-TSD+1'!$E:$E,"Very unsatisfactory (20%)") -> 0 | AC7: =IF(AA7 <> 0,AB7/AA7,"") | AD7: =AD6 -> 0 | AE7: =COUNTIFS('Data-TSD+1'!$AC:$AC,AD$1,'Data-TSD+1'!$E:$E,"Very unsatisfactory (20%)") -> 0 | AF7: =IF(AD7 <> 0,AE7/AD7,"") | AG7: =AG6 -> 0 | AH7: =COUNTIFS('Data-TSD+1'!$AC:$AC,AG$1,'Data-TSD+1'!$E:$E,"Very unsatisfactory (20%)") -> 0 | AI7: =IF(AG7 <> 0,AH7/AG7,"") | AJ7: =AJ6 -> 0 | AK7: =COUNTIFS('Data-TSD+1'!$AC:$AC,AJ$1,'Data-TSD+1'!$E:$E,"Very unsatisfactory (20%)") -> 0 | AL7: =IF(AJ7 <> 0,AK7/AJ7,"") | AM7: =AM6 -> 0 | AN7: =COUNTIFS('Data-TSD+1'!$AC:$AC,AM$1,'Data-TSD+1'!$E:$E,"Very unsatisfactory (20%)") -> 0 | AO7: =IF(AM7 <> 0,AN7/AM7,"")
A8: 2 | B8: TSD+1: Satisfaction with information about your Treatment schedule (Day & Time)
B9: a) Excellent - 100% | C9: =COUNTIF('Data-TSD+1'!$F:$F,"<>" & "")-1 -> 1 | D9: =G9+J9+M9+P9+S9+V9+Y9+AB9+AE9+AH9+AK9+AN9 -> 1 | E9: =IF(C9 <> 0,D9/C9,"") -> 1 | F9: =COUNTIFS('Data-TSD+1'!$AC:$AC,F$1,'Data-TSD+1'!$F:$F,"<>" & "") -> 1 | G9: =COUNTIFS('Data-TSD+1'!$AC:$AC,F$1,'Data-TSD+1'!$F:$F,"Very satisfactory (100%)") -> 1 | H9: =IF(F9 <> 0,G9/F9,"") -> 1 | I9: =COUNTIFS('Data-TSD+1'!$AC:$AC,I$1,'Data-TSD+1'!$F:$F,"<>" & "") -> 0 | J9: =COUNTIFS('Data-TSD+1'!$AC:$AC,I$1,'Data-TSD+1'!$F:$F,"Very satisfactory (100%)") -> 0 | K9: =IF(I9 <> 0,J9/I9,"") | L9: =COUNTIFS('Data-TSD+1'!$AC:$AC,L$1,'Data-TSD+1'!$F:$F,"<>" & "") -> 0 | M9: =COUNTIFS('Data-TSD+1'!$AC:$AC,L$1,'Data-TSD+1'!$F:$F,"Very satisfactory (100%)") -> 0 | N9: =IF(L9 <> 0,M9/L9,"") | O9: =COUNTIFS('Data-TSD+1'!$AC:$AC,O$1,'Data-TSD+1'!$F:$F,"<>" & "") -> 0 | P9: =COUNTIFS('Data-TSD+1'!$AC:$AC,O$1,'Data-TSD+1'!$F:$F,"Very satisfactory (100%)") -> 0 | Q9: =IF(O9 <> 0,P9/O9,"") | R9: =COUNTIFS('Data-TSD+1'!$AC:$AC,R$1,'Data-TSD+1'!$F:$F,"<>" & "") -> 0 | S9: =COUNTIFS('Data-TSD+1'!$AC:$AC,R$1,'Data-TSD+1'!$F:$F,"Very satisfactory (100%)") -> 0 | T9: =IF(R9 <> 0,S9/R9,"") | U9: =COUNTIFS('Data-TSD+1'!$AC:$AC,U$1,'Data-TSD+1'!$F:$F,"<>" & "") -> 0 | V9: =COUNTIFS('Data-TSD+1'!$AC:$AC,U$1,'Data-TSD+1'!$F:$F,"Very satisfactory (100%)") -> 0 | W9: =IF(U9 <> 0,V9/U9,"") | X9: =COUNTIFS('Data-TSD+1'!$AC:$AC,X$1,'Data-TSD+1'!$F:$F,"<>" & "") -> 0 | Y9: =COUNTIFS('Data-TSD+1'!$AC:$AC,X$1,'Data-TSD+1'!$F:$F,"Very satisfactory (100%)") -> 0 | Z9: =IF(X9 <> 0,Y9/X9,"") | AA9: =COUNTIFS('Data-TSD+1'!$AC:$AC,AA$1,'Data-TSD+1'!$F:$F,"<>" & "") -> 0 | AB9: =COUNTIFS('Data-TSD+1'!$AC:$AC,AA$1,'Data-TSD+1'!$F:$F,"Very satisfactory (100%)") -> 0 | AC9: =IF(AA9 <> 0,AB9/AA9,"") | AD9: =COUNTIFS('Data-TSD+1'!$AC:$AC,AD$1,'Data-TSD+1'!$F:$F,"<>" & "") -> 0 | AE9: =COUNTIFS('Data-TSD+1'!$AC:$AC,AD$1,'Data-TSD+1'!$F:$F,"Very satisfactory (100%)") -> 0 | AF9: =IF(AD9 <> 0,AE9/AD9,"") | AG9: =COUNTIFS('Data-TSD+1'!$AC:$AC,AG$1,'Data-TSD+1'!$F:$F,"<>" & "") -> 0 | AH9: =COUNTIFS('Data-TSD+1'!$AC:$AC,AG$1,'Data-TSD+1'!$F:$F,"Very satisfactory (100%)") -> 0 | AI9: =IF(AG9 <> 0,AH9/AG9,"") | AJ9: =COUNTIFS('Data-TSD+1'!$AC:$AC,AJ$1,'Data-TSD+1'!$F:$F,"<>" & "") -> 0 | AK9: =COUNTIFS('Data-TSD+1'!$AC:$AC,AJ$1,'Data-TSD+1'!$F:$F,"Very satisfactory (100%)") -> 0 | AL9: =IF(AJ9 <> 0,AK9/AJ9,"") | AM9: =COUNTIFS('Data-TSD+1'!$AC:$AC,AM$1,'Data-TSD+1'!$F:$F,"<>" & "") -> 0 | AN9: =COUNTIFS('Data-TSD+1'!$AC:$AC,AM$1,'Data-TSD+1'!$F:$F,"Very satisfactory (100%)") -> 0 | AO9: =IF(AM9 <> 0,AN9/AM9,"")
B10: b) V.Good - 80% | C10: =C9 -> 1 | D10: =G10+J10+M10+P10+S10+V10+Y10+AB10+AE10+AH10+AK10+AN10 -> 0 | E10: =IF(C10 <> 0,D10/C10,"") -> 0 | F10: =F9 -> 1 | G10: =COUNTIFS('Data-TSD+1'!$AC:$AC,F$1,'Data-TSD+1'!$F:$F,"Satisfactory (80%)") -> 0 | H10: =IF(F10 <> 0,G10/F10,"") -> 0 | I10: =I9 -> 0 | J10: =COUNTIFS('Data-TSD+1'!$AC:$AC,I$1,'Data-TSD+1'!$F:$F,"Satisfactory (80%)") -> 0 | K10: =IF(I10 <> 0,J10/I10,"") | L10: =L9 -> 0 | M10: =COUNTIFS('Data-TSD+1'!$AC:$AC,L$1,'Data-TSD+1'!$F:$F,"Satisfactory (80%)") -> 0 | N10: =IF(L10 <> 0,M10/L10,"") | O10: =O9 -> 0 | P10: =COUNTIFS('Data-TSD+1'!$AC:$AC,O$1,'Data-TSD+1'!$F:$F,"Satisfactory (80%)") -> 0 | Q10: =IF(O10 <> 0,P10/O10,"") | R10: =R9 -> 0 | S10: =COUNTIFS('Data-TSD+1'!$AC:$AC,R$1,'Data-TSD+1'!$F:$F,"Satisfactory (80%)") -> 0 | T10: =IF(R10 <> 0,S10/R10,"") | U10: =U9 -> 0 | V10: =COUNTIFS('Data-TSD+1'!$AC:$AC,U$1,'Data-TSD+1'!$F:$F,"Satisfactory (80%)") -> 0 | W10: =IF(U10 <> 0,V10/U10,"") | X10: =X9 -> 0 | Y10: =COUNTIFS('Data-TSD+1'!$AC:$AC,X$1,'Data-TSD+1'!$F:$F,"Satisfactory (80%)") -> 0 | Z10: =IF(X10 <> 0,Y10/X10,"") | AA10: =AA9 -> 0 | AB10: =COUNTIFS('Data-TSD+1'!$AC:$AC,AA$1,'Data-TSD+1'!$F:$F,"Satisfactory (80%)") -> 0 | AC10: =IF(AA10 <> 0,AB10/AA10,"") | AD10: =AD9 -> 0 | AE10: =COUNTIFS('Data-TSD+1'!$AC:$AC,AD$1,'Data-TSD+1'!$F:$F,"Satisfactory (80%)") -> 0 | AF10: =IF(AD10 <> 0,AE10/AD10,"") | AG10: =AG9 -> 0 | AH10: =COUNTIFS('Data-TSD+1'!$AC:$AC,AG$1,'Data-TSD+1'!$F:$F,"Satisfactory (80%)") -> 0 | AI10: =IF(AG10 <> 0,AH10/AG10,"") | AJ10: =AJ9 -> 0 | AK10: =COUNTIFS('Data-TSD+1'!$AC:$AC,AJ$1,'Data-TSD+1'!$F:$F,"Satisfactory (80%)") -> 0 | AL10: =IF(AJ10 <> 0,AK10/AJ10,"") | AM10: =AM9 -> 0 | AN10: =COUNTIFS('Data-TSD+1'!$AC:$AC,AM$1,'Data-TSD+1'!$F:$F,"Satisfactory (80%)") -> 0 | AO10: =IF(AM10 <> 0,AN10/AM10,"")
B11: C) Good - 60% | C11: =C10 -> 1 | D11: =G11+J11+M11+P11+S11+V11+Y11+AB11+AE11+AH11+AK11+AN11 -> 0 | E11: =IF(C11 <> 0,D11/C11,"") -> 0 | F11: =F10 -> 1 | G11: =COUNTIFS('Data-TSD+1'!$AC:$AC,F$1,'Data-TSD+1'!$F:$F,"Average (60%)") -> 0 | H11: =IF(F11 <> 0,G11/F11,"") -> 0 | I11: =I10 -> 0 | J11: =COUNTIFS('Data-TSD+1'!$AC:$AC,I$1,'Data-TSD+1'!$F:$F,"Average (60%)") -> 0 | K11: =IF(I11 <> 0,J11/I11,"") | L11: =L10 -> 0 | M11: =COUNTIFS('Data-TSD+1'!$AC:$AC,L$1,'Data-TSD+1'!$F:$F,"Average (60%)") -> 0 | N11: =IF(L11 <> 0,M11/L11,"") | O11: =O10 -> 0 | P11: =COUNTIFS('Data-TSD+1'!$AC:$AC,O$1,'Data-TSD+1'!$F:$F,"Average (60%)") -> 0 | Q11: =IF(O11 <> 0,P11/O11,"") | R11: =R10 -> 0 | S11: =COUNTIFS('Data-TSD+1'!$AC:$AC,R$1,'Data-TSD+1'!$F:$F,"Average (60%)") -> 0 | T11: =IF(R11 <> 0,S11/R11,"") | U11: =U10 -> 0 | V11: =COUNTIFS('Data-TSD+1'!$AC:$AC,U$1,'Data-TSD+1'!$F:$F,"Average (60%)") -> 0 | W11: =IF(U11 <> 0,V11/U11,"") | X11: =X10 -> 0 | Y11: =COUNTIFS('Data-TSD+1'!$AC:$AC,X$1,'Data-TSD+1'!$F:$F,"Average (60%)") -> 0 | Z11: =IF(X11 <> 0,Y11/X11,"") | AA11: =AA10 -> 0 | AB11: =COUNTIFS('Data-TSD+1'!$AC:$AC,AA$1,'Data-TSD+1'!$F:$F,"Average (60%)") -> 0 | AC11: =IF(AA11 <> 0,AB11/AA11,"") | AD11: =AD10 -> 0 | AE11: =COUNTIFS('Data-TSD+1'!$AC:$AC,AD$1,'Data-TSD+1'!$F:$F,"Average (60%)") -> 0 | AF11: =IF(AD11 <> 0,AE11/AD11,"") | AG11: =AG10 -> 0 | AH11: =COUNTIFS('Data-TSD+1'!$AC:$AC,AG$1,'Data-TSD+1'!$F:$F,"Average (60%)") -> 0 | AI11: =IF(AG11 <> 0,AH11/AG11,"") | AJ11: =AJ10 -> 0 | AK11: =COUNTIFS('Data-TSD+1'!$AC:$AC,AJ$1,'Data-TSD+1'!$F:$F,"Average (60%)") -> 0 | AL11: =IF(AJ11 <> 0,AK11/AJ11,"") | AM11: =AM10 -> 0 | AN11: =COUNTIFS('Data-TSD+1'!$AC:$AC,AM$1,'Data-TSD+1'!$F:$F,"Average (60%)") -> 0 | AO11: =IF(AM11 <> 0,AN11/AM11,"")
B12: d) Fair - 40% | C12: =C11 -> 1 | D12: =G12+J12+M12+P12+S12+V12+Y12+AB12+AE12+AH12+AK12+AN12 -> 0 | E12: =IF(C12 <> 0,D12/C12,"") -> 0 | F12: =F11 -> 1 | G12: =COUNTIFS('Data-TSD+1'!$AC:$AC,F$1,'Data-TSD+1'!$F:$F,"Unsatisfactory (40%)") -> 0 | H12: =IF(F12 <> 0,G12/F12,"") -> 0 | I12: =I11 -> 0 | J12: =COUNTIFS('Data-TSD+1'!$AC:$AC,I$1,'Data-TSD+1'!$F:$F,"Unsatisfactory (40%)") -> 0 | K12: =IF(I12 <> 0,J12/I12,"") | L12: =L11 -> 0 | M12: =COUNTIFS('Data-TSD+1'!$AC:$AC,L$1,'Data-TSD+1'!$F:$F,"Unsatisfactory (40%)") -> 0 | N12: =IF(L12 <> 0,M12/L12,"") | O12: =O11 -> 0 | P12: =COUNTIFS('Data-TSD+1'!$AC:$AC,O$1,'Data-TSD+1'!$F:$F,"Unsatisfactory (40%)") -> 0 | Q12: =IF(O12 <> 0,P12/O12,"") | R12: =R11 -> 0 | S12: =COUNTIFS('Data-TSD+1'!$AC:$AC,R$1,'Data-TSD+1'!$F:$F,"Unsatisfactory (40%)") -> 0 | T12: =IF(R12 <> 0,S12/R12,"") | U12: =U11 -> 0 | V12: =COUNTIFS('Data-TSD+1'!$AC:$AC,U$1,'Data-TSD+1'!$F:$F,"Unsatisfactory (40%)") -> 0 | W12: =IF(U12 <> 0,V12/U12,"") | X12: =X11 -> 0 | Y12: =COUNTIFS('Data-TSD+1'!$AC:$AC,X$1,'Data-TSD+1'!$F:$F,"Unsatisfactory (40%)") -> 0 | Z12: =IF(X12 <> 0,Y12/X12,"") | AA12: =AA11 -> 0 | AB12: =COUNTIFS('Data-TSD+1'!$AC:$AC,AA$1,'Data-TSD+1'!$F:$F,"Unsatisfactory (40%)") -> 0 | AC12: =IF(AA12 <> 0,AB12/AA12,"") | AD12: =AD11 -> 0 | AE12: =COUNTIFS('Data-TSD+1'!$AC:$AC,AD$1,'Data-TSD+1'!$F:$F,"Unsatisfactory (40%)") -> 0 | AF12: =IF(AD12 <> 0,AE12/AD12,"") | AG12: =AG11 -> 0 | AH12: =COUNTIFS('Data-TSD+1'!$AC:$AC,AG$1,'Data-TSD+1'!$F:$F,"Unsatisfactory (40%)") -> 0 | AI12: =IF(AG12 <> 0,AH12/AG12,"") | AJ12: =AJ11 -> 0 | AK12: =COUNTIFS('Data-TSD+1'!$AC:$AC,AJ$1,'Data-TSD+1'!$F:$F,"Unsatisfactory (40%)") -> 0 | AL12: =IF(AJ12 <> 0,AK12/AJ12,"") | AM12: =AM11 -> 0 | AN12: =COUNTIFS('Data-TSD+1'!$AC:$AC,AM$1,'Data-TSD+1'!$F:$F,"Unsatisfactory (40%)") -> 0 | AO12: =IF(AM12 <> 0,AN12/AM12,"")
B13: e) Poor - 20% | C13: =C12 -> 1 | D13: =G13+J13+M13+P13+S13+V13+Y13+AB13+AE13+AH13+AK13+AN13 -> 0 | E13: =IF(C13 <> 0,D13/C13,"") -> 0 | F13: =F12 -> 1 | G13: =COUNTIFS('Data-TSD+1'!$AC:$AC,F$1,'Data-TSD+1'!$F:$F,"Very unsatisfactory (20%)") -> 0 | H13: =IF(F13 <> 0,G13/F13,"") -> 0 | I13: =I12 -> 0 | J13: =COUNTIFS('Data-TSD+1'!$AC:$AC,I$1,'Data-TSD+1'!$F:$F,"Very unsatisfactory (20%)") -> 0 | K13: =IF(I13 <> 0,J13/I13,"") | L13: =L12 -> 0 | M13: =COUNTIFS('Data-TSD+1'!$AC:$AC,L$1,'Data-TSD+1'!$F:$F,"Very unsatisfactory (20%)") -> 0 | N13: =IF(L13 <> 0,M13/L13,"") | O13: =O12 -> 0 | P13: =COUNTIFS('Data-TSD+1'!$AC:$AC,O$1,'Data-TSD+1'!$F:$F,"Very unsatisfactory (20%)") -> 0 | Q13: =IF(O13 <> 0,P13/O13,"") | R13: =R12 -> 0 | S13: =COUNTIFS('Data-TSD+1'!$AC:$AC,R$1,'Data-TSD+1'!$F:$F,"Very unsatisfactory (20%)") -> 0 | T13: =IF(R13 <> 0,S13/R13,"") | U13: =U12 -> 0 | V13: =COUNTIFS('Data-TSD+1'!$AC:$AC,U$1,'Data-TSD+1'!$F:$F,"Very unsatisfactory (20%)") -> 0 | W13: =IF(U13 <> 0,V13/U13,"") | X13: =X12 -> 0 | Y13: =COUNTIFS('Data-TSD+1'!$AC:$AC,X$1,'Data-TSD+1'!$F:$F,"Very unsatisfactory (20%)") -> 0 | Z13: =IF(X13 <> 0,Y13/X13,"") | AA13: =AA12 -> 0 | AB13: =COUNTIFS('Data-TSD+1'!$AC:$AC,AA$1,'Data-TSD+1'!$F:$F,"Very unsatisfactory (20%)") -> 0 | AC13: =IF(AA13 <> 0,AB13/AA13,"") | AD13: =AD12 -> 0 | AE13: =COUNTIFS('Data-TSD+1'!$AC:$AC,AD$1,'Data-TSD+1'!$F:$F,"Very unsatisfactory (20%)") -> 0 | AF13: =IF(AD13 <> 0,AE13/AD13,"") | AG13: =AG12 -> 0 | AH13: =COUNTIFS('Data-TSD+1'!$AC:$AC,AG$1,'Data-TSD+1'!$F:$F,"Very unsatisfactory (20%)") -> 0 | AI13: =IF(AG13 <> 0,AH13/AG13,"") | AJ13: =AJ12 -> 0 | AK13: =COUNTIFS('Data-TSD+1'!$AC:$AC,AJ$1,'Data-TSD+1'!$F:$F,"Very unsatisfactory (20%)") -> 0 | AL13: =IF(AJ13 <> 0,AK13/AJ13,"") | AM13: =AM12 -> 0 | AN13: =COUNTIFS('Data-TSD+1'!$AC:$AC,AM$1,'Data-TSD+1'!$F:$F,"Very unsatisfactory (20%)") -> 0 | AO13: =IF(AM13 <> 0,AN13/AM13,"")
A14: 3 | B14: TSD+1: Satisfaction with information about your daily routine
B15: a) Excellent - 100% | C15: =COUNTIF('Data-TSD+1'!$G:$G,"<>" & "")-1 -> 1 | D15: =G15+J15+M15+P15+S15+V15+Y15+AB15+AE15+AH15+AK15+AN15 -> 1 | E15: =IF(C15 <> 0,D15/C15,"") -> 1 | F15: =COUNTIFS('Data-TSD+1'!$AC:$AC,F$1,'Data-TSD+1'!$G:$G,"<>" & "") -> 1 | G15: =COUNTIFS('Data-TSD+1'!$AC:$AC,F$1,'Data-TSD+1'!$G:$G,"Very satisfactory (100%)") -> 1 | H15: =IF(F15 <> 0,G15/F15,"") -> 1 | I15: =COUNTIFS('Data-TSD+1'!$AC:$AC,I$1,'Data-TSD+1'!$G:$G,"<>" & "") -> 0 | J15: =COUNTIFS('Data-TSD+1'!$AC:$AC,I$1,'Data-TSD+1'!$G:$G,"Very satisfactory (100%)") -> 0 | K15: =IF(I15 <> 0,J15/I15,"") | L15: =COUNTIFS('Data-TSD+1'!$AC:$AC,L$1,'Data-TSD+1'!$G:$G,"<>" & "") -> 0 | M15: =COUNTIFS('Data-TSD+1'!$AC:$AC,L$1,'Data-TSD+1'!$G:$G,"Very satisfactory (100%)") -> 0 | N15: =IF(L15 <> 0,M15/L15,"") | O15: =COUNTIFS('Data-TSD+1'!$AC:$AC,O$1,'Data-TSD+1'!$G:$G,"<>" & "") -> 0 | P15: =COUNTIFS('Data-TSD+1'!$AC:$AC,O$1,'Data-TSD+1'!$G:$G,"Very satisfactory (100%)") -> 0 | Q15: =IF(O15 <> 0,P15/O15,"") | R15: =COUNTIFS('Data-TSD+1'!$AC:$AC,R$1,'Data-TSD+1'!$G:$G,"<>" & "") -> 0 | S15: =COUNTIFS('Data-TSD+1'!$AC:$AC,R$1,'Data-TSD+1'!$G:$G,"Very satisfactory (100%)") -> 0 | T15: =IF(R15 <> 0,S15/R15,"") | U15: =COUNTIFS('Data-TSD+1'!$AC:$AC,U$1,'Data-TSD+1'!$G:$G,"<>" & "") -> 0 | V15: =COUNTIFS('Data-TSD+1'!$AC:$AC,U$1,'Data-TSD+1'!$G:$G,"Very satisfactory (100%)") -> 0 | W15: =IF(U15 <> 0,V15/U15,"") | X15: =COUNTIFS('Data-TSD+1'!$AC:$AC,X$1,'Data-TSD+1'!$G:$G,"<>" & "") -> 0 | Y15: =COUNTIFS('Data-TSD+1'!$AC:$AC,X$1,'Data-TSD+1'!$G:$G,"Very satisfactory (100%)") -> 0 | Z15: =IF(X15 <> 0,Y15/X15,"") | AA15: =COUNTIFS('Data-TSD+1'!$AC:$AC,AA$1,'Data-TSD+1'!$G:$G,"<>" & "") -> 0 | AB15: =COUNTIFS('Data-TSD+1'!$AC:$AC,AA$1,'Data-TSD+1'!$G:$G,"Very satisfactory (100%)") -> 0 | AC15: =IF(AA15 <> 0,AB15/AA15,"") | AD15: =COUNTIFS('Data-TSD+1'!$AC:$AC,AD$1,'Data-TSD+1'!$G:$G,"<>" & "") -> 0 | AE15: =COUNTIFS('Data-TSD+1'!$AC:$AC,AD$1,'Data-TSD+1'!$G:$G,"Very satisfactory (100%)") -> 0 | AF15: =IF(AD15 <> 0,AE15/AD15,"") | AG15: =COUNTIFS('Data-TSD+1'!$AC:$AC,AG$1,'Data-TSD+1'!$G:$G,"<>" & "") -> 0 | AH15: =COUNTIFS('Data-TSD+1'!$AC:$AC,AG$1,'Data-TSD+1'!$G:$G,"Very satisfactory (100%)") -> 0 | AI15: =IF(AG15 <> 0,AH15/AG15,"") | AJ15: =COUNTIFS('Data-TSD+1'!$AC:$AC,AJ$1,'Data-TSD+1'!$G:$G,"<>" & "") -> 0 | AK15: =COUNTIFS('Data-TSD+1'!$AC:$AC,AJ$1,'Data-TSD+1'!$G:$G,"Very satisfactory (100%)") -> 0 | AL15: =IF(AJ15 <> 0,AK15/AJ15,"") | AM15: =COUNTIFS('Data-TSD+1'!$AC:$AC,AM$1,'Data-TSD+1'!$G:$G,"<>" & "") -> 0 | AN15: =COUNTIFS('Data-TSD+1'!$AC:$AC,AM$1,'Data-TSD+1'!$G:$G,"Very satisfactory (100%)") -> 0 | AO15: =IF(AM15 <> 0,AN15/AM15,"")
B16: b) V.Good - 80% | C16: =C15 -> 1 | D16: =G16+J16+M16+P16+S16+V16+Y16+AB16+AE16+AH16+AK16+AN16 -> 0 | E16: =IF(C16 <> 0,D16/C16,"") -> 0 | F16: =F15 -> 1 | G16: =COUNTIFS('Data-TSD+1'!$AC:$AC,F$1,'Data-TSD+1'!$G:$G,"Satisfactory (80%)") -> 0 | H16: =IF(F16 <> 0,G16/F16,"") -> 0 | I16: =I15 -> 0 | J16: =COUNTIFS('Data-TSD+1'!$AC:$AC,I$1,'Data-TSD+1'!$G:$G,"Satisfactory (80%)") -> 0 | K16: =IF(I16 <> 0,J16/I16,"") | L16: =L15 -> 0 | M16: =COUNTIFS('Data-TSD+1'!$AC:$AC,L$1,'Data-TSD+1'!$G:$G,"Satisfactory (80%)") -> 0 | N16: =IF(L16 <> 0,M16/L16,"") | O16: =O15 -> 0 | P16: =COUNTIFS('Data-TSD+1'!$AC:$AC,O$1,'Data-TSD+1'!$G:$G,"Satisfactory (80%)") -> 0 | Q16: =IF(O16 <> 0,P16/O16,"") | R16: =R15 -> 0 | S16: =COUNTIFS('Data-TSD+1'!$AC:$AC,R$1,'Data-TSD+1'!$G:$G,"Satisfactory (80%)") -> 0 | T16: =IF(R16 <> 0,S16/R16,"") | U16: =U15 -> 0 | V16: =COUNTIFS('Data-TSD+1'!$AC:$AC,U$1,'Data-TSD+1'!$G:$G,"Satisfactory (80%)") -> 0 | W16: =IF(U16 <> 0,V16/U16,"") | X16: =X15 -> 0 | Y16: =COUNTIFS('Data-TSD+1'!$AC:$AC,X$1,'Data-TSD+1'!$G:$G,"Satisfactory (80%)") -> 0 | Z16: =IF(X16 <> 0,Y16/X16,"") | AA16: =AA15 -> 0 | AB16: =COUNTIFS('Data-TSD+1'!$AC:$AC,AA$1,'Data-TSD+1'!$G:$G,"Satisfactory (80%)") -> 0 | AC16: =IF(AA16 <> 0,AB16/AA16,"") | AD16: =AD15 -> 0 | AE16: =COUNTIFS('Data-TSD+1'!$AC:$AC,AD$1,'Data-TSD+1'!$G:$G,"Satisfactory (80%)") -> 0 | AF16: =IF(AD16 <> 0,AE16/AD16,"") | AG16: =AG15 -> 0 | AH16: =COUNTIFS('Data-TSD+1'!$AC:$AC,AG$1,'Data-TSD+1'!$G:$G,"Satisfactory (80%)") -> 0 | AI16: =IF(AG16 <> 0,AH16/AG16,"") | AJ16: =AJ15 -> 0 | AK16: =COUNTIFS('Data-TSD+1'!$AC:$AC,AJ$1,'Data-TSD+1'!$G:$G,"Satisfactory (80%)") -> 0 | AL16: =IF(AJ16 <> 0,AK16/AJ16,"") | AM16: =AM15 -> 0 | AN16: =COUNTIFS('Data-TSD+1'!$AC:$AC,AM$1,'Data-TSD+1'!$G:$G,"Satisfactory (80%)") -> 0 | AO16: =IF(AM16 <> 0,AN16/AM16,"")
B17: C) Good - 60% | C17: =C16 -> 1 | D17: =G17+J17+M17+P17+S17+V17+Y17+AB17+AE17+AH17+AK17+AN17 -> 0 | E17: =IF(C17 <> 0,D17/C17,"") -> 0 | F17: =F16 -> 1 | G17: =COUNTIFS('Data-TSD+1'!$AC:$AC,F$1,'Data-TSD+1'!$G:$G,"Average (60%)") -> 0 | H17: =IF(F17 <> 0,G17/F17,"") -> 0 | I17: =I16 -> 0 | J17: =COUNTIFS('Data-TSD+1'!$AC:$AC,I$1,'Data-TSD+1'!$G:$G,"Average (60%)") -> 0 | K17: =IF(I17 <> 0,J17/I17,"") | L17: =L16 -> 0 | M17: =COUNTIFS('Data-TSD+1'!$AC:$AC,L$1,'Data-TSD+1'!$G:$G,"Average (60%)") -> 0 | N17: =IF(L17 <> 0,M17/L17,"") | O17: =O16 -> 0 | P17: =COUNTIFS('Data-TSD+1'!$AC:$AC,O$1,'Data-TSD+1'!$G:$G,"Average (60%)") -> 0 | Q17: =IF(O17 <> 0,P17/O17,"") | R17: =R16 -> 0 | S17: =COUNTIFS('Data-TSD+1'!$AC:$AC,R$1,'Data-TSD+1'!$G:$G,"Average (60%)") -> 0 | T17: =IF(R17 <> 0,S17/R17,"") | U17: =U16 -> 0 | V17: =COUNTIFS('Data-TSD+1'!$AC:$AC,U$1,'Data-TSD+1'!$G:$G,"Average (60%)") -> 0 | W17: =IF(U17 <> 0,V17/U17,"") | X17: =X16 -> 0 | Y17: =COUNTIFS('Data-TSD+1'!$AC:$AC,X$1,'Data-TSD+1'!$G:$G,"Average (60%)") -> 0 | Z17: =IF(X17 <> 0,Y17/X17,"") | AA17: =AA16 -> 0 | AB17: =COUNTIFS('Data-TSD+1'!$AC:$AC,AA$1,'Data-TSD+1'!$G:$G,"Average (60%)") -> 0 | AC17: =IF(AA17 <> 0,AB17/AA17,"") | AD17: =AD16 -> 0 | AE17: =COUNTIFS('Data-TSD+1'!$AC:$AC,AD$1,'Data-TSD+1'!$G:$G,"Average (60%)") -> 0 | AF17: =IF(AD17 <> 0,AE17/AD17,"") | AG17: =AG16 -> 0 | AH17: =COUNTIFS('Data-TSD+1'!$AC:$AC,AG$1,'Data-TSD+1'!$G:$G,"Average (60%)") -> 0 | AI17: =IF(AG17 <> 0,AH17/AG17,"") | AJ17: =AJ16 -> 0 | AK17: =COUNTIFS('Data-TSD+1'!$AC:$AC,AJ$1,'Data-TSD+1'!$G:$G,"Average (60%)") -> 0 | AL17: =IF(AJ17 <> 0,AK17/AJ17,"") | AM17: =AM16 -> 0 | AN17: =COUNTIFS('Data-TSD+1'!$AC:$AC,AM$1,'Data-TSD+1'!$G:$G,"Average (60%)") -> 0 | AO17: =IF(AM17 <> 0,AN17/AM17,"")
B18: d) Fair - 40% | C18: =C17 -> 1 | D18: =G18+J18+M18+P18+S18+V18+Y18+AB18+AE18+AH18+AK18+AN18 -> 0 | E18: =IF(C18 <> 0,D18/C18,"") -> 0 | F18: =F17 -> 1 | G18: =COUNTIFS('Data-TSD+1'!$AC:$AC,F$1,'Data-TSD+1'!$G:$G,"Unsatisfactory (40%)") -> 0 | H18: =IF(F18 <> 0,G18/F18,"") -> 0 | I18: =I17 -> 0 | J18: =COUNTIFS('Data-TSD+1'!$AC:$AC,I$1,'Data-TSD+1'!$G:$G,"Unsatisfactory (40%)") -> 0 | K18: =IF(I18 <> 0,J18/I18,"") | L18: =L17 -> 0 | M18: =COUNTIFS('Data-TSD+1'!$AC:$AC,L$1,'Data-TSD+1'!$G:$G,"Unsatisfactory (40%)") -> 0 | N18: =IF(L18 <> 0,M18/L18,"") | O18: =O17 -> 0 | P18: =COUNTIFS('Data-TSD+1'!$AC:$AC,O$1,'Data-TSD+1'!$G:$G,"Unsatisfactory (40%)") -> 0 | Q18: =IF(O18 <> 0,P18/O18,"") | R18: =R17 -> 0 | S18: =COUNTIFS('Data-TSD+1'!$AC:$AC,R$1,'Data-TSD+1'!$G:$G,"Unsatisfactory (40%)") -> 0 | T18: =IF(R18 <> 0,S18/R18,"") | U18: =U17 -> 0 | V18: =COUNTIFS('Data-TSD+1'!$AC:$AC,U$1,'Data-TSD+1'!$G:$G,"Unsatisfactory (40%)") -> 0 | W18: =IF(U18 <> 0,V18/U18,"") | X18: =X17 -> 0 | Y18: =COUNTIFS('Data-TSD+1'!$AC:$AC,X$1,'Data-TSD+1'!$G:$G,"Unsatisfactory (40%)") -> 0 | Z18: =IF(X18 <> 0,Y18/X18,"") | AA18: =AA17 -> 0 | AB18: =COUNTIFS('Data-TSD+1'!$AC:$AC,AA$1,'Data-TSD+1'!$G:$G,"Unsatisfactory (40%)") -> 0 | AC18: =IF(AA18 <> 0,AB18/AA18,"") | AD18: =AD17 -> 0 | AE18: =COUNTIFS('Data-TSD+1'!$AC:$AC,AD$1,'Data-TSD+1'!$G:$G,"Unsatisfactory (40%)") -> 0 | AF18: =IF(AD18 <> 0,AE18/AD18,"") | AG18: =AG17 -> 0 | AH18: =COUNTIFS('Data-TSD+1'!$AC:$AC,AG$1,'Data-TSD+1'!$G:$G,"Unsatisfactory (40%)") -> 0 | AI18: =IF(AG18 <> 0,AH18/AG18,"") | AJ18: =AJ17 -> 0 | AK18: =COUNTIFS('Data-TSD+1'!$AC:$AC,AJ$1,'Data-TSD+1'!$G:$G,"Unsatisfactory (40%)") -> 0 | AL18: =IF(AJ18 <> 0,AK18/AJ18,"") | AM18: =AM17 -> 0 | AN18: =COUNTIFS('Data-TSD+1'!$AC:$AC,AM$1,'Data-TSD+1'!$G:$G,"Unsatisfactory (40%)") -> 0 | AO18: =IF(AM18 <> 0,AN18/AM18,"")
B19: e) Poor - 20% | C19: =C18 -> 1 | D19: =G19+J19+M19+P19+S19+V19+Y19+AB19+AE19+AH19+AK19+AN19 -> 0 | E19: =IF(C19 <> 0,D19/C19,"") -> 0 | F19: =F18 -> 1 | G19: =COUNTIFS('Data-TSD+1'!$AC:$AC,F$1,'Data-TSD+1'!$G:$G,"Very unsatisfactory (20%)") -> 0 | H19: =IF(F19 <> 0,G19/F19,"") -> 0 | I19: =I18 -> 0 | J19: =COUNTIFS('Data-TSD+1'!$AC:$AC,I$1,'Data-TSD+1'!$G:$G,"Very unsatisfactory (20%)") -> 0 | K19: =IF(I19 <> 0,J19/I19,"") | L19: =L18 -> 0 | M19: =COUNTIFS('Data-TSD+1'!$AC:$AC,L$1,'Data-TSD+1'!$G:$G,"Very unsatisfactory (20%)") -> 0 | N19: =IF(L19 <> 0,M19/L19,"") | O19: =O18 -> 0 | P19: =COUNTIFS('Data-TSD+1'!$AC:$AC,O$1,'Data-TSD+1'!$G:$G,"Very unsatisfactory (20%)") -> 0 | Q19: =IF(O19 <> 0,P19/O19,"") | R19: =R18 -> 0 | S19: =COUNTIFS('Data-TSD+1'!$AC:$AC,R$1,'Data-TSD+1'!$G:$G,"Very unsatisfactory (20%)") -> 0 | T19: =IF(R19 <> 0,S19/R19,"") | U19: =U18 -> 0 | V19: =COUNTIFS('Data-TSD+1'!$AC:$AC,U$1,'Data-TSD+1'!$G:$G,"Very unsatisfactory (20%)") -> 0 | W19: =IF(U19 <> 0,V19/U19,"") | X19: =X18 -> 0 | Y19: =COUNTIFS('Data-TSD+1'!$AC:$AC,X$1,'Data-TSD+1'!$G:$G,"Very unsatisfactory (20%)") -> 0 | Z19: =IF(X19 <> 0,Y19/X19,"") | AA19: =AA18 -> 0 | AB19: =COUNTIFS('Data-TSD+1'!$AC:$AC,AA$1,'Data-TSD+1'!$G:$G,"Very unsatisfactory (20%)") -> 0 | AC19: =IF(AA19 <> 0,AB19/AA19,"") | AD19: =AD18 -> 0 | AE19: =COUNTIFS('Data-TSD+1'!$AC:$AC,AD$1,'Data-TSD+1'!$G:$G,"Very unsatisfactory (20%)") -> 0 | AF19: =IF(AD19 <> 0,AE19/AD19,"") | AG19: =AG18 -> 0 | AH19: =COUNTIFS('Data-TSD+1'!$AC:$AC,AG$1,'Data-TSD+1'!$G:$G,"Very unsatisfactory (20%)") -> 0 | AI19: =IF(AG19 <> 0,AH19/AG19,"") | AJ19: =AJ18 -> 0 | AK19: =COUNTIFS('Data-TSD+1'!$AC:$AC,AJ$1,'Data-TSD+1'!$G:$G,"Very unsatisfactory (20%)") -> 0 | AL19: =IF(AJ19 <> 0,AK19/AJ19,"") | AM19: =AM18 -> 0 | AN19: =COUNTIFS('Data-TSD+1'!$AC:$AC,AM$1,'Data-TSD+1'!$G:$G,"Very unsatisfactory (20%)") -> 0 | AO19: =IF(AM19 <> 0,AN19/AM19,"")
A20: 4 | B20: TSD+1: Satisfaction with information about Do's and Don’ts
B21: a) Excellent - 100% | C21: =COUNTIF('Data-TSD+1'!$H:$H,"<>" & "")-1 -> 1 | D21: =G21+J21+M21+P21+S21+V21+Y21+AB21+AE21+AH21+AK21+AN21 -> 1 | E21: =IF(C21 <> 0,D21/C21,"") -> 1 | F21: =COUNTIFS('Data-TSD+1'!$AC:$AC,F$1,'Data-TSD+1'!$H:$H,"<>" & "") -> 1 | G21: =COUNTIFS('Data-TSD+1'!$AC:$AC,F$1,'Data-TSD+1'!$H:$H,"Very satisfactory (100%)") -> 1 | H21: =IF(F21 <> 0,G21/F21,"") -> 1 | I21: =COUNTIFS('Data-TSD+1'!$AC:$AC,I$1,'Data-TSD+1'!$H:$H,"<>" & "") -> 0 | J21: =COUNTIFS('Data-TSD+1'!$AC:$AC,I$1,'Data-TSD+1'!$H:$H,"Very satisfactory (100%)") -> 0 | K21: =IF(I21 <> 0,J21/I21,"") | L21: =COUNTIFS('Data-TSD+1'!$AC:$AC,L$1,'Data-TSD+1'!$H:$H,"<>" & "") -> 0 | M21: =COUNTIFS('Data-TSD+1'!$AC:$AC,L$1,'Data-TSD+1'!$H:$H,"Very satisfactory (100%)") -> 0 | N21: =IF(L21 <> 0,M21/L21,"") | O21: =COUNTIFS('Data-TSD+1'!$AC:$AC,O$1,'Data-TSD+1'!$H:$H,"<>" & "") -> 0 | P21: =COUNTIFS('Data-TSD+1'!$AC:$AC,O$1,'Data-TSD+1'!$H:$H,"Very satisfactory (100%)") -> 0 | Q21: =IF(O21 <> 0,P21/O21,"") | R21: =COUNTIFS('Data-TSD+1'!$AC:$AC,R$1,'Data-TSD+1'!$H:$H,"<>" & "") -> 0 | S21: =COUNTIFS('Data-TSD+1'!$AC:$AC,R$1,'Data-TSD+1'!$H:$H,"Very satisfactory (100%)") -> 0 | T21: =IF(R21 <> 0,S21/R21,"") | U21: =COUNTIFS('Data-TSD+1'!$AC:$AC,U$1,'Data-TSD+1'!$H:$H,"<>" & "") -> 0 | V21: =COUNTIFS('Data-TSD+1'!$AC:$AC,U$1,'Data-TSD+1'!$H:$H,"Very satisfactory (100%)") -> 0 | W21: =IF(U21 <> 0,V21/U21,"") | X21: =COUNTIFS('Data-TSD+1'!$AC:$AC,X$1,'Data-TSD+1'!$H:$H,"<>" & "") -> 0 | Y21: =COUNTIFS('Data-TSD+1'!$AC:$AC,X$1,'Data-TSD+1'!$H:$H,"Very satisfactory (100%)") -> 0 | Z21: =IF(X21 <> 0,Y21/X21,"") | AA21: =COUNTIFS('Data-TSD+1'!$AC:$AC,AA$1,'Data-TSD+1'!$H:$H,"<>" & "") -> 0 | AB21: =COUNTIFS('Data-TSD+1'!$AC:$AC,AA$1,'Data-TSD+1'!$H:$H,"Very satisfactory (100%)") -> 0 | AC21: =IF(AA21 <> 0,AB21/AA21,"") | AD21: =COUNTIFS('Data-TSD+1'!$AC:$AC,AD$1,'Data-TSD+1'!$H:$H,"<>" & "") -> 0 | AE21: =COUNTIFS('Data-TSD+1'!$AC:$AC,AD$1,'Data-TSD+1'!$H:$H,"Very satisfactory (100%)") -> 0 | AF21: =IF(AD21 <> 0,AE21/AD21,"") | AG21: =COUNTIFS('Data-TSD+1'!$AC:$AC,AG$1,'Data-TSD+1'!$H:$H,"<>" & "") -> 0 | AH21: =COUNTIFS('Data-TSD+1'!$AC:$AC,AG$1,'Data-TSD+1'!$H:$H,"Very satisfactory (100%)") -> 0 | AI21: =IF(AG21 <> 0,AH21/AG21,"") | AJ21: =COUNTIFS('Data-TSD+1'!$AC:$AC,AJ$1,'Data-TSD+1'!$H:$H,"<>" & "") -> 0 | AK21: =COUNTIFS('Data-TSD+1'!$AC:$AC,AJ$1,'Data-TSD+1'!$H:$H,"Very satisfactory (100%)") -> 0 | AL21: =IF(AJ21 <> 0,AK21/AJ21,"") | AM21: =COUNTIFS('Data-TSD+1'!$AC:$AC,AM$1,'Data-TSD+1'!$H:$H,"<>" & "") -> 0 | AN21: =COUNTIFS('Data-TSD+1'!$AC:$AC,AM$1,'Data-TSD+1'!$H:$H,"Very satisfactory (100%)") -> 0 | AO21: =IF(AM21 <> 0,AN21/AM21,"")
B22: b) V.Good - 80% | C22: =C21 -> 1 | D22: =G22+J22+M22+P22+S22+V22+Y22+AB22+AE22+AH22+AK22+AN22 -> 0 | E22: =IF(C22 <> 0,D22/C22,"") -> 0 | F22: =F21 -> 1 | G22: =COUNTIFS('Data-TSD+1'!$AC:$AC,F$1,'Data-TSD+1'!$H:$H,"Satisfactory (80%)") -> 0 | H22: =IF(F22 <> 0,G22/F22,"") -> 0 | I22: =I21 -> 0 | J22: =COUNTIFS('Data-TSD+1'!$AC:$AC,I$1,'Data-TSD+1'!$H:$H,"Satisfactory (80%)") -> 0 | K22: =IF(I22 <> 0,J22/I22,"") | L22: =L21 -> 0 | M22: =COUNTIFS('Data-TSD+1'!$AC:$AC,L$1,'Data-TSD+1'!$H:$H,"Satisfactory (80%)") -> 0 | N22: =IF(L22 <> 0,M22/L22,"") | O22: =O21 -> 0 | P22: =COUNTIFS('Data-TSD+1'!$AC:$AC,O$1,'Data-TSD+1'!$H:$H,"Satisfactory (80%)") -> 0 | Q22: =IF(O22 <> 0,P22/O22,"") | R22: =R21 -> 0 | S22: =COUNTIFS('Data-TSD+1'!$AC:$AC,R$1,'Data-TSD+1'!$H:$H,"Satisfactory (80%)") -> 0 | T22: =IF(R22 <> 0,S22/R22,"") | U22: =U21 -> 0 | V22: =COUNTIFS('Data-TSD+1'!$AC:$AC,U$1,'Data-TSD+1'!$H:$H,"Satisfactory (80%)") -> 0 | W22: =IF(U22 <> 0,V22/U22,"") | X22: =X21 -> 0 | Y22: =COUNTIFS('Data-TSD+1'!$AC:$AC,X$1,'Data-TSD+1'!$H:$H,"Satisfactory (80%)") -> 0 | Z22: =IF(X22 <> 0,Y22/X22,"") | AA22: =AA21 -> 0 | AB22: =COUNTIFS('Data-TSD+1'!$AC:$AC,AA$1,'Data-TSD+1'!$H:$H,"Satisfactory (80%)") -> 0 | AC22: =IF(AA22 <> 0,AB22/AA22,"") | AD22: =AD21 -> 0 | AE22: =COUNTIFS('Data-TSD+1'!$AC:$AC,AD$1,'Data-TSD+1'!$H:$H,"Satisfactory (80%)") -> 0 | AF22: =IF(AD22 <> 0,AE22/AD22,"") | AG22: =AG21 -> 0 | AH22: =COUNTIFS('Data-TSD+1'!$AC:$AC,AG$1,'Data-TSD+1'!$H:$H,"Satisfactory (80%)") -> 0 | AI22: =IF(AG22 <> 0,AH22/AG22,"") | AJ22: =AJ21 -> 0 | AK22: =COUNTIFS('Data-TSD+1'!$AC:$AC,AJ$1,'Data-TSD+1'!$H:$H,"Satisfactory (80%)") -> 0 | AL22: =IF(AJ22 <> 0,AK22/AJ22,"") | AM22: =AM21 -> 0 | AN22: =COUNTIFS('Data-TSD+1'!$AC:$AC,AM$1,'Data-TSD+1'!$H:$H,"Satisfactory (80%)") -> 0 | AO22: =IF(AM22 <> 0,AN22/AM22,"")
B23: C) Good - 60% | C23: =C22 -> 1 | D23: =G23+J23+M23+P23+S23+V23+Y23+AB23+AE23+AH23+AK23+AN23 -> 0 | E23: =IF(C23 <> 0,D23/C23,"") -> 0 | F23: =F22 -> 1 | G23: =COUNTIFS('Data-TSD+1'!$AC:$AC,F$1,'Data-TSD+1'!$H:$H,"Average (60%)") -> 0 | H23: =IF(F23 <> 0,G23/F23,"") -> 0 | I23: =I22 -> 0 | J23: =COUNTIFS('Data-TSD+1'!$AC:$AC,I$1,'Data-TSD+1'!$H:$H,"Average (60%)") -> 0 | K23: =IF(I23 <> 0,J23/I23,"") | L23: =L22 -> 0 | M23: =COUNTIFS('Data-TSD+1'!$AC:$AC,L$1,'Data-TSD+1'!$H:$H,"Average (60%)") -> 0 | N23: =IF(L23 <> 0,M23/L23,"") | O23: =O22 -> 0 | P23: =COUNTIFS('Data-TSD+1'!$AC:$AC,O$1,'Data-TSD+1'!$H:$H,"Average (60%)") -> 0 | Q23: =IF(O23 <> 0,P23/O23,"") | R23: =R22 -> 0 | S23: =COUNTIFS('Data-TSD+1'!$AC:$AC,R$1,'Data-TSD+1'!$H:$H,"Average (60%)") -> 0 | T23: =IF(R23 <> 0,S23/R23,"") | U23: =U22 -> 0 | V23: =COUNTIFS('Data-TSD+1'!$AC:$AC,U$1,'Data-TSD+1'!$H:$H,"Average (60%)") -> 0 | W23: =IF(U23 <> 0,V23/U23,"") | X23: =X22 -> 0 | Y23: =COUNTIFS('Data-TSD+1'!$AC:$AC,X$1,'Data-TSD+1'!$H:$H,"Average (60%)") -> 0 | Z23: =IF(X23 <> 0,Y23/X23,"") | AA23: =AA22 -> 0 | AB23: =COUNTIFS('Data-TSD+1'!$AC:$AC,AA$1,'Data-TSD+1'!$H:$H,"Average (60%)") -> 0 | AC23: =IF(AA23 <> 0,AB23/AA23,"") | AD23: =AD22 -> 0 | AE23: =COUNTIFS('Data-TSD+1'!$AC:$AC,AD$1,'Data-TSD+1'!$H:$H,"Average (60%)") -> 0 | AF23: =IF(AD23 <> 0,AE23/AD23,"") | AG23: =AG22 -> 0 | AH23: =COUNTIFS('Data-TSD+1'!$AC:$AC,AG$1,'Data-TSD+1'!$H:$H,"Average (60%)") -> 0 | AI23: =IF(AG23 <> 0,AH23/AG23,"") | AJ23: =AJ22 -> 0 | AK23: =COUNTIFS('Data-TSD+1'!$AC:$AC,AJ$1,'Data-TSD+1'!$H:$H,"Average (60%)") -> 0 | AL23: =IF(AJ23 <> 0,AK23/AJ23,"") | AM23: =AM22 -> 0 | AN23: =COUNTIFS('Data-TSD+1'!$AC:$AC,AM$1,'Data-TSD+1'!$H:$H,"Average (60%)") -> 0 | AO23: =IF(AM23 <> 0,AN23/AM23,"")
B24: d) Fair - 40% | C24: =C23 -> 1 | D24: =G24+J24+M24+P24+S24+V24+Y24+AB24+AE24+AH24+AK24+AN24 -> 0 | E24: =IF(C24 <> 0,D24/C24,"") -> 0 | F24: =F23 -> 1 | G24: =COUNTIFS('Data-TSD+1'!$AC:$AC,F$1,'Data-TSD+1'!$H:$H,"Unsatisfactory (40%)") -> 0 | H24: =IF(F24 <> 0,G24/F24,"") -> 0 | I24: =I23 -> 0 | J24: =COUNTIFS('Data-TSD+1'!$AC:$AC,I$1,'Data-TSD+1'!$H:$H,"Unsatisfactory (40%)") -> 0 | K24: =IF(I24 <> 0,J24/I24,"") | L24: =L23 -> 0 | M24: =COUNTIFS('Data-TSD+1'!$AC:$AC,L$1,'Data-TSD+1'!$H:$H,"Unsatisfactory (40%)") -> 0 | N24: =IF(L24 <> 0,M24/L24,"") | O24: =O23 -> 0 | P24: =COUNTIFS('Data-TSD+1'!$AC:$AC,O$1,'Data-TSD+1'!$H:$H,"Unsatisfactory (40%)") -> 0 | Q24: =IF(O24 <> 0,P24/O24,"") | R24: =R23 -> 0 | S24: =COUNTIFS('Data-TSD+1'!$AC:$AC,R$1,'Data-TSD+1'!$H:$H,"Unsatisfactory (40%)") -> 0 | T24: =IF(R24 <> 0,S24/R24,"") | U24: =U23 -> 0 | V24: =COUNTIFS('Data-TSD+1'!$AC:$AC,U$1,'Data-TSD+1'!$H:$H,"Unsatisfactory (40%)") -> 0 | W24: =IF(U24 <> 0,V24/U24,"") | X24: =X23 -> 0 | Y24: =COUNTIFS('Data-TSD+1'!$AC:$AC,X$1,'Data-TSD+1'!$H:$H,"Unsatisfactory (40%)") -> 0 | Z24: =IF(X24 <> 0,Y24/X24,"") | AA24: =AA23 -> 0 | AB24: =COUNTIFS('Data-TSD+1'!$AC:$AC,AA$1,'Data-TSD+1'!$H:$H,"Unsatisfactory (40%)") -> 0 | AC24: =IF(AA24 <> 0,AB24/AA24,"") | AD24: =AD23 -> 0 | AE24: =COUNTIFS('Data-TSD+1'!$AC:$AC,AD$1,'Data-TSD+1'!$H:$H,"Unsatisfactory (40%)") -> 0 | AF24: =IF(AD24 <> 0,AE24/AD24,"") | AG24: =AG23 -> 0 | AH24: =COUNTIFS('Data-TSD+1'!$AC:$AC,AG$1,'Data-TSD+1'!$H:$H,"Unsatisfactory (40%)") -> 0 | AI24: =IF(AG24 <> 0,AH24/AG24,"") | AJ24: =AJ23 -> 0 | AK24: =COUNTIFS('Data-TSD+1'!$AC:$AC,AJ$1,'Data-TSD+1'!$H:$H,"Unsatisfactory (40%)") -> 0 | AL24: =IF(AJ24 <> 0,AK24/AJ24,"") | AM24: =AM23 -> 0 | AN24: =COUNTIFS('Data-TSD+1'!$AC:$AC,AM$1,'Data-TSD+1'!$H:$H,"Unsatisfactory (40%)") -> 0 | AO24: =IF(AM24 <> 0,AN24/AM24,"")
B25: e) Poor - 20% | C25: =C24 -> 1 | D25: =G25+J25+M25+P25+S25+V25+Y25+AB25+AE25+AH25+AK25+AN25 -> 0 | E25: =IF(C25 <> 0,D25/C25,"") -> 0 | F25: =F24 -> 1 | G25: =COUNTIFS('Data-TSD+1'!$AC:$AC,F$1,'Data-TSD+1'!$H:$H,"Very unsatisfactory (20%)") -> 0 | H25: =IF(F25 <> 0,G25/F25,"") -> 0 | I25: =I24 -> 0 | J25: =COUNTIFS('Data-TSD+1'!$AC:$AC,I$1,'Data-TSD+1'!$H:$H,"Very unsatisfactory (20%)") -> 0 | K25: =IF(I25 <> 0,J25/I25,"") | L25: =L24 -> 0 | M25: =COUNTIFS('Data-TSD+1'!$AC:$AC,L$1,'Data-TSD+1'!$H:$H,"Very unsatisfactory (20%)") -> 0 | N25: =IF(L25 <> 0,M25/L25,"") | O25: =O24 -> 0 | P25: =COUNTIFS('Data-TSD+1'!$AC:$AC,O$1,'Data-TSD+1'!$H:$H,"Very unsatisfactory (20%)") -> 0 | Q25: =IF(O25 <> 0,P25/O25,"") | R25: =R24 -> 0 | S25: =COUNTIFS('Data-TSD+1'!$AC:$AC,R$1,'Data-TSD+1'!$H:$H,"Very unsatisfactory (20%)") -> 0 | T25: =IF(R25 <> 0,S25/R25,"") | U25: =U24 -> 0 | V25: =COUNTIFS('Data-TSD+1'!$AC:$AC,U$1,'Data-TSD+1'!$H:$H,"Very unsatisfactory (20%)") -> 0 | W25: =IF(U25 <> 0,V25/U25,"") | X25: =X24 -> 0 | Y25: =COUNTIFS('Data-TSD+1'!$AC:$AC,X$1,'Data-TSD+1'!$H:$H,"Very unsatisfactory (20%)") -> 0 | Z25: =IF(X25 <> 0,Y25/X25,"") | AA25: =AA24 -> 0 | AB25: =COUNTIFS('Data-TSD+1'!$AC:$AC,AA$1,'Data-TSD+1'!$H:$H,"Very unsatisfactory (20%)") -> 0 | AC25: =IF(AA25 <> 0,AB25/AA25,"") | AD25: =AD24 -> 0 | AE25: =COUNTIFS('Data-TSD+1'!$AC:$AC,AD$1,'Data-TSD+1'!$H:$H,"Very unsatisfactory (20%)") -> 0 | AF25: =IF(AD25 <> 0,AE25/AD25,"") | AG25: =AG24 -> 0 | AH25: =COUNTIFS('Data-TSD+1'!$AC:$AC,AG$1,'Data-TSD+1'!$H:$H,"Very unsatisfactory (20%)") -> 0 | AI25: =IF(AG25 <> 0,AH25/AG25,"") | AJ25: =AJ24 -> 0 | AK25: =COUNTIFS('Data-TSD+1'!$AC:$AC,AJ$1,'Data-TSD+1'!$H:$H,"Very unsatisfactory (20%)") -> 0 | AL25: =IF(AJ25 <> 0,AK25/AJ25,"") | AM25: =AM24 -> 0 | AN25: =COUNTIFS('Data-TSD+1'!$AC:$AC,AM$1,'Data-TSD+1'!$H:$H,"Very unsatisfactory (20%)") -> 0 | AO25: =IF(AM25 <> 0,AN25/AM25,"")
A26: 5 | B26: TSD+1: Attention by your PP
B27: a) Excellent - 100% | C27: =COUNTIF('Data-TSD+1'!$M:$M,"<>" & "")-1 -> 1 | D27: =G27+J27+M27+P27+S27+V27+Y27+AB27+AE27+AH27+AK27+AN27 -> 1 | E27: =IF(C27 <> 0,D27/C27,"") -> 1 | F27: =COUNTIFS('Data-TSD+1'!$AC:$AC,F$1,'Data-TSD+1'!$M:$M,"<>" & "") -> 1 | G27: =COUNTIFS('Data-TSD+1'!$AC:$AC,F$1,'Data-TSD+1'!$M:$M,"Very satisfactory (100%)") -> 1 | H27: =IF(F27 <> 0,G27/F27,"") -> 1 | I27: =COUNTIFS('Data-TSD+1'!$AC:$AC,I$1,'Data-TSD+1'!$M:$M,"<>" & "") -> 0 | J27: =COUNTIFS('Data-TSD+1'!$AC:$AC,I$1,'Data-TSD+1'!$M:$M,"Very satisfactory (100%)") -> 0 | K27: =IF(I27 <> 0,J27/I27,"") | L27: =COUNTIFS('Data-TSD+1'!$AC:$AC,L$1,'Data-TSD+1'!$M:$M,"<>" & "") -> 0 | M27: =COUNTIFS('Data-TSD+1'!$AC:$AC,L$1,'Data-TSD+1'!$M:$M,"Very satisfactory (100%)") -> 0 | N27: =IF(L27 <> 0,M27/L27,"") | O27: =COUNTIFS('Data-TSD+1'!$AC:$AC,O$1,'Data-TSD+1'!$M:$M,"<>" & "") -> 0 | P27: =COUNTIFS('Data-TSD+1'!$AC:$AC,O$1,'Data-TSD+1'!$M:$M,"Very satisfactory (100%)") -> 0 | Q27: =IF(O27 <> 0,P27/O27,"") | R27: =COUNTIFS('Data-TSD+1'!$AC:$AC,R$1,'Data-TSD+1'!$M:$M,"<>" & "") -> 0 | S27: =COUNTIFS('Data-TSD+1'!$AC:$AC,R$1,'Data-TSD+1'!$M:$M,"Very satisfactory (100%)") -> 0 | T27: =IF(R27 <> 0,S27/R27,"") | U27: =COUNTIFS('Data-TSD+1'!$AC:$AC,U$1,'Data-TSD+1'!$M:$M,"<>" & "") -> 0 | V27: =COUNTIFS('Data-TSD+1'!$AC:$AC,U$1,'Data-TSD+1'!$M:$M,"Very satisfactory (100%)") -> 0 | W27: =IF(U27 <> 0,V27/U27,"") | X27: =COUNTIFS('Data-TSD+1'!$AC:$AC,X$1,'Data-TSD+1'!$M:$M,"<>" & "") -> 0 | Y27: =COUNTIFS('Data-TSD+1'!$AC:$AC,X$1,'Data-TSD+1'!$M:$M,"Very satisfactory (100%)") -> 0 | Z27: =IF(X27 <> 0,Y27/X27,"") | AA27: =COUNTIFS('Data-TSD+1'!$AC:$AC,AA$1,'Data-TSD+1'!$M:$M,"<>" & "") -> 0 | AB27: =COUNTIFS('Data-TSD+1'!$AC:$AC,AA$1,'Data-TSD+1'!$M:$M,"Very satisfactory (100%)") -> 0 | AC27: =IF(AA27 <> 0,AB27/AA27,"") | AD27: =COUNTIFS('Data-TSD+1'!$AC:$AC,AD$1,'Data-TSD+1'!$M:$M,"<>" & "") -> 0 | AE27: =COUNTIFS('Data-TSD+1'!$AC:$AC,AD$1,'Data-TSD+1'!$M:$M,"Very satisfactory (100%)") -> 0 | AF27: =IF(AD27 <> 0,AE27/AD27,"") | AG27: =COUNTIFS('Data-TSD+1'!$AC:$AC,AG$1,'Data-TSD+1'!$M:$M,"<>" & "") -> 0 | AH27: =COUNTIFS('Data-TSD+1'!$AC:$AC,AG$1,'Data-TSD+1'!$M:$M,"Very satisfactory (100%)") -> 0 | AI27: =IF(AG27 <> 0,AH27/AG27,"") | AJ27: =COUNTIFS('Data-TSD+1'!$AC:$AC,AJ$1,'Data-TSD+1'!$M:$M,"<>" & "") -> 0 | AK27: =COUNTIFS('Data-TSD+1'!$AC:$AC,AJ$1,'Data-TSD+1'!$M:$M,"Very satisfactory (100%)") -> 0 | AL27: =IF(AJ27 <> 0,AK27/AJ27,"") | AM27: =COUNTIFS('Data-TSD+1'!$AC:$AC,AM$1,'Data-TSD+1'!$M:$M,"<>" & "") -> 0 | AN27: =COUNTIFS('Data-TSD+1'!$AC:$AC,AM$1,'Data-TSD+1'!$M:$M,"Very satisfactory (100%)") -> 0 | AO27: =IF(AM27 <> 0,AN27/AM27,"")
B28: b) V.Good - 80% | C28: =C27 -> 1 | D28: =G28+J28+M28+P28+S28+V28+Y28+AB28+AE28+AH28+AK28+AN28 -> 0 | E28: =IF(C28 <> 0,D28/C28,"") -> 0 | F28: =F27 -> 1 | G28: =COUNTIFS('Data-TSD+1'!$AC:$AC,F$1,'Data-TSD+1'!$M:$M,"Satisfactory (80%)") -> 0 | H28: =IF(F28 <> 0,G28/F28,"") -> 0 | I28: =I27 -> 0 | J28: =COUNTIFS('Data-TSD+1'!$AC:$AC,I$1,'Data-TSD+1'!$M:$M,"Satisfactory (80%)") -> 0 | K28: =IF(I28 <> 0,J28/I28,"") | L28: =L27 -> 0 | M28: =COUNTIFS('Data-TSD+1'!$AC:$AC,L$1,'Data-TSD+1'!$M:$M,"Satisfactory (80%)") -> 0 | N28: =IF(L28 <> 0,M28/L28,"") | O28: =O27 -> 0 | P28: =COUNTIFS('Data-TSD+1'!$AC:$AC,O$1,'Data-TSD+1'!$M:$M,"Satisfactory (80%)") -> 0 | Q28: =IF(O28 <> 0,P28/O28,"") | R28: =R27 -> 0 | S28: =COUNTIFS('Data-TSD+1'!$AC:$AC,R$1,'Data-TSD+1'!$M:$M,"Satisfactory (80%)") -> 0 | T28: =IF(R28 <> 0,S28/R28,"") | U28: =U27 -> 0 | V28: =COUNTIFS('Data-TSD+1'!$AC:$AC,U$1,'Data-TSD+1'!$M:$M,"Satisfactory (80%)") -> 0 | W28: =IF(U28 <> 0,V28/U28,"") | X28: =X27 -> 0 | Y28: =COUNTIFS('Data-TSD+1'!$AC:$AC,X$1,'Data-TSD+1'!$M:$M,"Satisfactory (80%)") -> 0 | Z28: =IF(X28 <> 0,Y28/X28,"") | AA28: =AA27 -> 0 | AB28: =COUNTIFS('Data-TSD+1'!$AC:$AC,AA$1,'Data-TSD+1'!$M:$M,"Satisfactory (80%)") -> 0 | AC28: =IF(AA28 <> 0,AB28/AA28,"") | AD28: =AD27 -> 0 | AE28: =COUNTIFS('Data-TSD+1'!$AC:$AC,AD$1,'Data-TSD+1'!$M:$M,"Satisfactory (80%)") -> 0 | AF28: =IF(AD28 <> 0,AE28/AD28,"") | AG28: =AG27 -> 0 | AH28: =COUNTIFS('Data-TSD+1'!$AC:$AC,AG$1,'Data-TSD+1'!$M:$M,"Satisfactory (80%)") -> 0 | AI28: =IF(AG28 <> 0,AH28/AG28,"") | AJ28: =AJ27 -> 0 | AK28: =COUNTIFS('Data-TSD+1'!$AC:$AC,AJ$1,'Data-TSD+1'!$M:$M,"Satisfactory (80%)") -> 0 | AL28: =IF(AJ28 <> 0,AK28/AJ28,"") | AM28: =AM27 -> 0 | AN28: =COUNTIFS('Data-TSD+1'!$AC:$AC,AM$1,'Data-TSD+1'!$M:$M,"Satisfactory (80%)") -> 0 | AO28: =IF(AM28 <> 0,AN28/AM28,"")
B29: C) Good - 60% | C29: =C28 -> 1 | D29: =G29+J29+M29+P29+S29+V29+Y29+AB29+AE29+AH29+AK29+AN29 -> 0 | E29: =IF(C29 <> 0,D29/C29,"") -> 0 | F29: =F28 -> 1 | G29: =COUNTIFS('Data-TSD+1'!$AC:$AC,F$1,'Data-TSD+1'!$M:$M,"Average (60%)") -> 0 | H29: =IF(F29 <> 0,G29/F29,"") -> 0 | I29: =I28 -> 0 | J29: =COUNTIFS('Data-TSD+1'!$AC:$AC,I$1,'Data-TSD+1'!$M:$M,"Average (60%)") -> 0 | K29: =IF(I29 <> 0,J29/I29,"") | L29: =L28 -> 0 | M29: =COUNTIFS('Data-TSD+1'!$AC:$AC,L$1,'Data-TSD+1'!$M:$M,"Average (60%)") -> 0 | N29: =IF(L29 <> 0,M29/L29,"") | O29: =O28 -> 0 | P29: =COUNTIFS('Data-TSD+1'!$AC:$AC,O$1,'Data-TSD+1'!$M:$M,"Average (60%)") -> 0 | Q29: =IF(O29 <> 0,P29/O29,"") | R29: =R28 -> 0 | S29: =COUNTIFS('Data-TSD+1'!$AC:$AC,R$1,'Data-TSD+1'!$M:$M,"Average (60%)") -> 0 | T29: =IF(R29 <> 0,S29/R29,"") | U29: =U28 -> 0 | V29: =COUNTIFS('Data-TSD+1'!$AC:$AC,U$1,'Data-TSD+1'!$M:$M,"Average (60%)") -> 0 | W29: =IF(U29 <> 0,V29/U29,"") | X29: =X28 -> 0 | Y29: =COUNTIFS('Data-TSD+1'!$AC:$AC,X$1,'Data-TSD+1'!$M:$M,"Average (60%)") -> 0 | Z29: =IF(X29 <> 0,Y29/X29,"") | AA29: =AA28 -> 0 | AB29: =COUNTIFS('Data-TSD+1'!$AC:$AC,AA$1,'Data-TSD+1'!$M:$M,"Average (60%)") -> 0 | AC29: =IF(AA29 <> 0,AB29/AA29,"") | AD29: =AD28 -> 0 | AE29: =COUNTIFS('Data-TSD+1'!$AC:$AC,AD$1,'Data-TSD+1'!$M:$M,"Average (60%)") -> 0 | AF29: =IF(AD29 <> 0,AE29/AD29,"") | AG29: =AG28 -> 0 | AH29: =COUNTIFS('Data-TSD+1'!$AC:$AC,AG$1,'Data-TSD+1'!$M:$M,"Average (60%)") -> 0 | AI29: =IF(AG29 <> 0,AH29/AG29,"") | AJ29: =AJ28 -> 0 | AK29: =COUNTIFS('Data-TSD+1'!$AC:$AC,AJ$1,'Data-TSD+1'!$M:$M,"Average (60%)") -> 0 | AL29: =IF(AJ29 <> 0,AK29/AJ29,"") | AM29: =AM28 -> 0 | AN29: =COUNTIFS('Data-TSD+1'!$AC:$AC,AM$1,'Data-TSD+1'!$M:$M,"Average (60%)") -> 0 | AO29: =IF(AM29 <> 0,AN29/AM29,"")
B30: d) Fair - 40% | C30: =C29 -> 1 | D30: =G30+J30+M30+P30+S30+V30+Y30+AB30+AE30+AH30+AK30+AN30 -> 0 | E30: =IF(C30 <> 0,D30/C30,"") -> 0 | F30: =F29 -> 1 | G30: =COUNTIFS('Data-TSD+1'!$AC:$AC,F$1,'Data-TSD+1'!$M:$M,"Unsatisfactory (40%)") -> 0 | H30: =IF(F30 <> 0,G30/F30,"") -> 0 | I30: =I29 -> 0 | J30: =COUNTIFS('Data-TSD+1'!$AC:$AC,I$1,'Data-TSD+1'!$M:$M,"Unsatisfactory (40%)") -> 0 | K30: =IF(I30 <> 0,J30/I30,"") | L30: =L29 -> 0 | M30: =COUNTIFS('Data-TSD+1'!$AC:$AC,L$1,'Data-TSD+1'!$M:$M,"Unsatisfactory (40%)") -> 0 | N30: =IF(L30 <> 0,M30/L30,"") | O30: =O29 -> 0 | P30: =COUNTIFS('Data-TSD+1'!$AC:$AC,O$1,'Data-TSD+1'!$M:$M,"Unsatisfactory (40%)") -> 0 | Q30: =IF(O30 <> 0,P30/O30,"") | R30: =R29 -> 0 | S30: =COUNTIFS('Data-TSD+1'!$AC:$AC,R$1,'Data-TSD+1'!$M:$M,"Unsatisfactory (40%)") -> 0 | T30: =IF(R30 <> 0,S30/R30,"") | U30: =U29 -> 0 | V30: =COUNTIFS('Data-TSD+1'!$AC:$AC,U$1,'Data-TSD+1'!$M:$M,"Unsatisfactory (40%)") -> 0 | W30: =IF(U30 <> 0,V30/U30,"") | X30: =X29 -> 0 | Y30: =COUNTIFS('Data-TSD+1'!$AC:$AC,X$1,'Data-TSD+1'!$M:$M,"Unsatisfactory (40%)") -> 0 | Z30: =IF(X30 <> 0,Y30/X30,"") | AA30: =AA29 -> 0 | AB30: =COUNTIFS('Data-TSD+1'!$AC:$AC,AA$1,'Data-TSD+1'!$M:$M,"Unsatisfactory (40%)") -> 0 | AC30: =IF(AA30 <> 0,AB30/AA30,"") | AD30: =AD29 -> 0 | AE30: =COUNTIFS('Data-TSD+1'!$AC:$AC,AD$1,'Data-TSD+1'!$M:$M,"Unsatisfactory (40%)") -> 0 | AF30: =IF(AD30 <> 0,AE30/AD30,"") | AG30: =AG29 -> 0 | AH30: =COUNTIFS('Data-TSD+1'!$AC:$AC,AG$1,'Data-TSD+1'!$M:$M,"Unsatisfactory (40%)") -> 0 | AI30: =IF(AG30 <> 0,AH30/AG30,"") | AJ30: =AJ29 -> 0 | AK30: =COUNTIFS('Data-TSD+1'!$AC:$AC,AJ$1,'Data-TSD+1'!$M:$M,"Unsatisfactory (40%)") -> 0 | AL30: =IF(AJ30 <> 0,AK30/AJ30,"") | AM30: =AM29 -> 0 | AN30: =COUNTIFS('Data-TSD+1'!$AC:$AC,AM$1,'Data-TSD+1'!$M:$M,"Unsatisfactory (40%)") -> 0 | AO30: =IF(AM30 <> 0,AN30/AM30,"")
B31: e) Poor - 20% | C31: =C30 -> 1 | D31: =G31+J31+M31+P31+S31+V31+Y31+AB31+AE31+AH31+AK31+AN31 -> 0 | E31: =IF(C31 <> 0,D31/C31,"") -> 0 | F31: =F30 -> 1 | G31: =COUNTIFS('Data-TSD+1'!$AC:$AC,F$1,'Data-TSD+1'!$M:$M,"Very unsatisfactory (20%)") -> 0 | H31: =IF(F31 <> 0,G31/F31,"") -> 0 | I31: =I30 -> 0 | J31: =COUNTIFS('Data-TSD+1'!$AC:$AC,I$1,'Data-TSD+1'!$M:$M,"Very unsatisfactory (20%)") -> 0 | K31: =IF(I31 <> 0,J31/I31,"") | L31: =L30 -> 0 | M31: =COUNTIFS('Data-TSD+1'!$AC:$AC,L$1,'Data-TSD+1'!$M:$M,"Very unsatisfactory (20%)") -> 0 | N31: =IF(L31 <> 0,M31/L31,"") | O31: =O30 -> 0 | P31: =COUNTIFS('Data-TSD+1'!$AC:$AC,O$1,'Data-TSD+1'!$M:$M,"Very unsatisfactory (20%)") -> 0 | Q31: =IF(O31 <> 0,P31/O31,"") | R31: =R30 -> 0 | S31: =COUNTIFS('Data-TSD+1'!$AC:$AC,R$1,'Data-TSD+1'!$M:$M,"Very unsatisfactory (20%)") -> 0 | T31: =IF(R31 <> 0,S31/R31,"") | U31: =U30 -> 0 | V31: =COUNTIFS('Data-TSD+1'!$AC:$AC,U$1,'Data-TSD+1'!$M:$M,"Very unsatisfactory (20%)") -> 0 | W31: =IF(U31 <> 0,V31/U31,"") | X31: =X30 -> 0 | Y31: =COUNTIFS('Data-TSD+1'!$AC:$AC,X$1,'Data-TSD+1'!$M:$M,"Very unsatisfactory (20%)") -> 0 | Z31: =IF(X31 <> 0,Y31/X31,"") | AA31: =AA30 -> 0 | AB31: =COUNTIFS('Data-TSD+1'!$AC:$AC,AA$1,'Data-TSD+1'!$M:$M,"Very unsatisfactory (20%)") -> 0 | AC31: =IF(AA31 <> 0,AB31/AA31,"") | AD31: =AD30 -> 0 | AE31: =COUNTIFS('Data-TSD+1'!$AC:$AC,AD$1,'Data-TSD+1'!$M:$M,"Very unsatisfactory (20%)") -> 0 | AF31: =IF(AD31 <> 0,AE31/AD31,"") | AG31: =AG30 -> 0 | AH31: =COUNTIFS('Data-TSD+1'!$AC:$AC,AG$1,'Data-TSD+1'!$M:$M,"Very unsatisfactory (20%)") -> 0 | AI31: =IF(AG31 <> 0,AH31/AG31,"") | AJ31: =AJ30 -> 0 | AK31: =COUNTIFS('Data-TSD+1'!$AC:$AC,AJ$1,'Data-TSD+1'!$M:$M,"Very unsatisfactory (20%)") -> 0 | AL31: =IF(AJ31 <> 0,AK31/AJ31,"") | AM31: =AM30 -> 0 | AN31: =COUNTIFS('Data-TSD+1'!$AC:$AC,AM$1,'Data-TSD+1'!$M:$M,"Very unsatisfactory (20%)") -> 0 | AO31: =IF(AM31 <> 0,AN31/AM31,"")
A32: 6 | B32: TSD+1: Attention by the RMO
B33: a) Excellent - 100% | C33: =COUNTIF('Data-TSD+1'!$N:$N,"<>" & "")-1 -> 1 | D33: =G33+J33+M33+P33+S33+V33+Y33+AB33+AE33+AH33+AK33+AN33 -> 1 | E33: =IF(C33 <> 0,D33/C33,"") -> 1 | F33: =COUNTIFS('Data-TSD+1'!$AC:$AC,F$1,'Data-TSD+1'!$N:$N,"<>" & "") -> 1 | G33: =COUNTIFS('Data-TSD+1'!$AC:$AC,F$1,'Data-TSD+1'!$N:$N,"Very satisfactory (100%)") -> 1 | H33: =IF(F33 <> 0,G33/F33,"") -> 1 | I33: =COUNTIFS('Data-TSD+1'!$AC:$AC,I$1,'Data-TSD+1'!$N:$N,"<>" & "") -> 0 | J33: =COUNTIFS('Data-TSD+1'!$AC:$AC,I$1,'Data-TSD+1'!$N:$N,"Very satisfactory (100%)") -> 0 | K33: =IF(I33 <> 0,J33/I33,"") | L33: =COUNTIFS('Data-TSD+1'!$AC:$AC,L$1,'Data-TSD+1'!$N:$N,"<>" & "") -> 0 | M33: =COUNTIFS('Data-TSD+1'!$AC:$AC,L$1,'Data-TSD+1'!$N:$N,"Very satisfactory (100%)") -> 0 | N33: =IF(L33 <> 0,M33/L33,"") | O33: =COUNTIFS('Data-TSD+1'!$AC:$AC,O$1,'Data-TSD+1'!$N:$N,"<>" & "") -> 0 | P33: =COUNTIFS('Data-TSD+1'!$AC:$AC,O$1,'Data-TSD+1'!$N:$N,"Very satisfactory (100%)") -> 0 | Q33: =IF(O33 <> 0,P33/O33,"") | R33: =COUNTIFS('Data-TSD+1'!$AC:$AC,R$1,'Data-TSD+1'!$N:$N,"<>" & "") -> 0 | S33: =COUNTIFS('Data-TSD+1'!$AC:$AC,R$1,'Data-TSD+1'!$N:$N,"Very satisfactory (100%)") -> 0 | T33: =IF(R33 <> 0,S33/R33,"") | U33: =COUNTIFS('Data-TSD+1'!$AC:$AC,U$1,'Data-TSD+1'!$N:$N,"<>" & "") -> 0 | V33: =COUNTIFS('Data-TSD+1'!$AC:$AC,U$1,'Data-TSD+1'!$N:$N,"Very satisfactory (100%)") -> 0 | W33: =IF(U33 <> 0,V33/U33,"") | X33: =COUNTIFS('Data-TSD+1'!$AC:$AC,X$1,'Data-TSD+1'!$N:$N,"<>" & "") -> 0 | Y33: =COUNTIFS('Data-TSD+1'!$AC:$AC,X$1,'Data-TSD+1'!$N:$N,"Very satisfactory (100%)") -> 0 | Z33: =IF(X33 <> 0,Y33/X33,"") | AA33: =COUNTIFS('Data-TSD+1'!$AC:$AC,AA$1,'Data-TSD+1'!$N:$N,"<>" & "") -> 0 | AB33: =COUNTIFS('Data-TSD+1'!$AC:$AC,AA$1,'Data-TSD+1'!$N:$N,"Very satisfactory (100%)") -> 0 | AC33: =IF(AA33 <> 0,AB33/AA33,"") | AD33: =COUNTIFS('Data-TSD+1'!$AC:$AC,AD$1,'Data-TSD+1'!$N:$N,"<>" & "") -> 0 | AE33: =COUNTIFS('Data-TSD+1'!$AC:$AC,AD$1,'Data-TSD+1'!$N:$N,"Very satisfactory (100%)") -> 0 | AF33: =IF(AD33 <> 0,AE33/AD33,"") | AG33: =COUNTIFS('Data-TSD+1'!$AC:$AC,AG$1,'Data-TSD+1'!$N:$N,"<>" & "") -> 0 | AH33: =COUNTIFS('Data-TSD+1'!$AC:$AC,AG$1,'Data-TSD+1'!$N:$N,"Very satisfactory (100%)") -> 0 | AI33: =IF(AG33 <> 0,AH33/AG33,"") | AJ33: =COUNTIFS('Data-TSD+1'!$AC:$AC,AJ$1,'Data-TSD+1'!$N:$N,"<>" & "") -> 0 | AK33: =COUNTIFS('Data-TSD+1'!$AC:$AC,AJ$1,'Data-TSD+1'!$N:$N,"Very satisfactory (100%)") -> 0 | AL33: =IF(AJ33 <> 0,AK33/AJ33,"") | AM33: =COUNTIFS('Data-TSD+1'!$AC:$AC,AM$1,'Data-TSD+1'!$N:$N,"<>" & "") -> 0 | AN33: =COUNTIFS('Data-TSD+1'!$AC:$AC,AM$1,'Data-TSD+1'!$N:$N,"Very satisfactory (100%)") -> 0 | AO33: =IF(AM33 <> 0,AN33/AM33,"")
B34: b) V.Good - 80% | C34: =C33 -> 1 | D34: =G34+J34+M34+P34+S34+V34+Y34+AB34+AE34+AH34+AK34+AN34 -> 0 | E34: =IF(C34 <> 0,D34/C34,"") -> 0 | F34: =F33 -> 1 | G34: =COUNTIFS('Data-TSD+1'!$AC:$AC,F$1,'Data-TSD+1'!$N:$N,"Satisfactory (80%)") -> 0 | H34: =IF(F34 <> 0,G34/F34,"") -> 0 | I34: =I33 -> 0 | J34: =COUNTIFS('Data-TSD+1'!$AC:$AC,I$1,'Data-TSD+1'!$N:$N,"Satisfactory (80%)") -> 0 | K34: =IF(I34 <> 0,J34/I34,"") | L34: =L33 -> 0 | M34: =COUNTIFS('Data-TSD+1'!$AC:$AC,L$1,'Data-TSD+1'!$N:$N,"Satisfactory (80%)") -> 0 | N34: =IF(L34 <> 0,M34/L34,"") | O34: =O33 -> 0 | P34: =COUNTIFS('Data-TSD+1'!$AC:$AC,O$1,'Data-TSD+1'!$N:$N,"Satisfactory (80%)") -> 0 | Q34: =IF(O34 <> 0,P34/O34,"") | R34: =R33 -> 0 | S34: =COUNTIFS('Data-TSD+1'!$AC:$AC,R$1,'Data-TSD+1'!$N:$N,"Satisfactory (80%)") -> 0 | T34: =IF(R34 <> 0,S34/R34,"") | U34: =U33 -> 0 | V34: =COUNTIFS('Data-TSD+1'!$AC:$AC,U$1,'Data-TSD+1'!$N:$N,"Satisfactory (80%)") -> 0 | W34: =IF(U34 <> 0,V34/U34,"") | X34: =X33 -> 0 | Y34: =COUNTIFS('Data-TSD+1'!$AC:$AC,X$1,'Data-TSD+1'!$N:$N,"Satisfactory (80%)") -> 0 | Z34: =IF(X34 <> 0,Y34/X34,"") | AA34: =AA33 -> 0 | AB34: =COUNTIFS('Data-TSD+1'!$AC:$AC,AA$1,'Data-TSD+1'!$N:$N,"Satisfactory (80%)") -> 0 | AC34: =IF(AA34 <> 0,AB34/AA34,"") | AD34: =AD33 -> 0 | AE34: =COUNTIFS('Data-TSD+1'!$AC:$AC,AD$1,'Data-TSD+1'!$N:$N,"Satisfactory (80%)") -> 0 | AF34: =IF(AD34 <> 0,AE34/AD34,"") | AG34: =AG33 -> 0 | AH34: =COUNTIFS('Data-TSD+1'!$AC:$AC,AG$1,'Data-TSD+1'!$N:$N,"Satisfactory (80%)") -> 0 | AI34: =IF(AG34 <> 0,AH34/AG34,"") | AJ34: =AJ33 -> 0 | AK34: =COUNTIFS('Data-TSD+1'!$AC:$AC,AJ$1,'Data-TSD+1'!$N:$N,"Satisfactory (80%)") -> 0 | AL34: =IF(AJ34 <> 0,AK34/AJ34,"") | AM34: =AM33 -> 0 | AN34: =COUNTIFS('Data-TSD+1'!$AC:$AC,AM$1,'Data-TSD+1'!$N:$N,"Satisfactory (80%)") -> 0 | AO34: =IF(AM34 <> 0,AN34/AM34,"")
B35: C) Good - 60% | C35: =C34 -> 1 | D35: =G35+J35+M35+P35+S35+V35+Y35+AB35+AE35+AH35+AK35+AN35 -> 0 | E35: =IF(C35 <> 0,D35/C35,"") -> 0 | F35: =F34 -> 1 | G35: =COUNTIFS('Data-TSD+1'!$AC:$AC,F$1,'Data-TSD+1'!$N:$N,"Average (60%)") -> 0 | H35: =IF(F35 <> 0,G35/F35,"") -> 0 | I35: =I34 -> 0 | J35: =COUNTIFS('Data-TSD+1'!$AC:$AC,I$1,'Data-TSD+1'!$N:$N,"Average (60%)") -> 0 | K35: =IF(I35 <> 0,J35/I35,"") | L35: =L34 -> 0 | M35: =COUNTIFS('Data-TSD+1'!$AC:$AC,L$1,'Data-TSD+1'!$N:$N,"Average (60%)") -> 0 | N35: =IF(L35 <> 0,M35/L35,"") | O35: =O34 -> 0 | P35: =COUNTIFS('Data-TSD+1'!$AC:$AC,O$1,'Data-TSD+1'!$N:$N,"Average (60%)") -> 0 | Q35: =IF(O35 <> 0,P35/O35,"") | R35: =R34 -> 0 | S35: =COUNTIFS('Data-TSD+1'!$AC:$AC,R$1,'Data-TSD+1'!$N:$N,"Average (60%)") -> 0 | T35: =IF(R35 <> 0,S35/R35,"") | U35: =U34 -> 0 | V35: =COUNTIFS('Data-TSD+1'!$AC:$AC,U$1,'Data-TSD+1'!$N:$N,"Average (60%)") -> 0 | W35: =IF(U35 <> 0,V35/U35,"") | X35: =X34 -> 0 | Y35: =COUNTIFS('Data-TSD+1'!$AC:$AC,X$1,'Data-TSD+1'!$N:$N,"Average (60%)") -> 0 | Z35: =IF(X35 <> 0,Y35/X35,"") | AA35: =AA34 -> 0 | AB35: =COUNTIFS('Data-TSD+1'!$AC:$AC,AA$1,'Data-TSD+1'!$N:$N,"Average (60%)") -> 0 | AC35: =IF(AA35 <> 0,AB35/AA35,"") | AD35: =AD34 -> 0 | AE35: =COUNTIFS('Data-TSD+1'!$AC:$AC,AD$1,'Data-TSD+1'!$N:$N,"Average (60%)") -> 0 | AF35: =IF(AD35 <> 0,AE35/AD35,"") | AG35: =AG34 -> 0 | AH35: =COUNTIFS('Data-TSD+1'!$AC:$AC,AG$1,'Data-TSD+1'!$N:$N,"Average (60%)") -> 0 | AI35: =IF(AG35 <> 0,AH35/AG35,"") | AJ35: =AJ34 -> 0 | AK35: =COUNTIFS('Data-TSD+1'!$AC:$AC,AJ$1,'Data-TSD+1'!$N:$N,"Average (60%)") -> 0 | AL35: =IF(AJ35 <> 0,AK35/AJ35,"") | AM35: =AM34 -> 0 | AN35: =COUNTIFS('Data-TSD+1'!$AC:$AC,AM$1,'Data-TSD+1'!$N:$N,"Average (60%)") -> 0 | AO35: =IF(AM35 <> 0,AN35/AM35,"")
B36: d) Fair - 40% | C36: =C35 -> 1 | D36: =G36+J36+M36+P36+S36+V36+Y36+AB36+AE36+AH36+AK36+AN36 -> 0 | E36: =IF(C36 <> 0,D36/C36,"") -> 0 | F36: =F35 -> 1 | G36: =COUNTIFS('Data-TSD+1'!$AC:$AC,F$1,'Data-TSD+1'!$N:$N,"Unsatisfactory (40%)") -> 0 | H36: =IF(F36 <> 0,G36/F36,"") -> 0 | I36: =I35 -> 0 | J36: =COUNTIFS('Data-TSD+1'!$AC:$AC,I$1,'Data-TSD+1'!$N:$N,"Unsatisfactory (40%)") -> 0 | K36: =IF(I36 <> 0,J36/I36,"") | L36: =L35 -> 0 | M36: =COUNTIFS('Data-TSD+1'!$AC:$AC,L$1,'Data-TSD+1'!$N:$N,"Unsatisfactory (40%)") -> 0 | N36: =IF(L36 <> 0,M36/L36,"") | O36: =O35 -> 0 | P36: =COUNTIFS('Data-TSD+1'!$AC:$AC,O$1,'Data-TSD+1'!$N:$N,"Unsatisfactory (40%)") -> 0 | Q36: =IF(O36 <> 0,P36/O36,"") | R36: =R35 -> 0 | S36: =COUNTIFS('Data-TSD+1'!$AC:$AC,R$1,'Data-TSD+1'!$N:$N,"Unsatisfactory (40%)") -> 0 | T36: =IF(R36 <> 0,S36/R36,"") | U36: =U35 -> 0 | V36: =COUNTIFS('Data-TSD+1'!$AC:$AC,U$1,'Data-TSD+1'!$N:$N,"Unsatisfactory (40%)") -> 0 | W36: =IF(U36 <> 0,V36/U36,"") | X36: =X35 -> 0 | Y36: =COUNTIFS('Data-TSD+1'!$AC:$AC,X$1,'Data-TSD+1'!$N:$N,"Unsatisfactory (40%)") -> 0 | Z36: =IF(X36 <> 0,Y36/X36,"") | AA36: =AA35 -> 0 | AB36: =COUNTIFS('Data-TSD+1'!$AC:$AC,AA$1,'Data-TSD+1'!$N:$N,"Unsatisfactory (40%)") -> 0 | AC36: =IF(AA36 <> 0,AB36/AA36,"") | AD36: =AD35 -> 0 | AE36: =COUNTIFS('Data-TSD+1'!$AC:$AC,AD$1,'Data-TSD+1'!$N:$N,"Unsatisfactory (40%)") -> 0 | AF36: =IF(AD36 <> 0,AE36/AD36,"") | AG36: =AG35 -> 0 | AH36: =COUNTIFS('Data-TSD+1'!$AC:$AC,AG$1,'Data-TSD+1'!$N:$N,"Unsatisfactory (40%)") -> 0 | AI36: =IF(AG36 <> 0,AH36/AG36,"") | AJ36: =AJ35 -> 0 | AK36: =COUNTIFS('Data-TSD+1'!$AC:$AC,AJ$1,'Data-TSD+1'!$N:$N,"Unsatisfactory (40%)") -> 0 | AL36: =IF(AJ36 <> 0,AK36/AJ36,"") | AM36: =AM35 -> 0 | AN36: =COUNTIFS('Data-TSD+1'!$AC:$AC,AM$1,'Data-TSD+1'!$N:$N,"Unsatisfactory (40%)") -> 0 | AO36: =IF(AM36 <> 0,AN36/AM36,"")
B37: e) Poor - 20% | C37: =C36 -> 1 | D37: =G37+J37+M37+P37+S37+V37+Y37+AB37+AE37+AH37+AK37+AN37 -> 0 | E37: =IF(C37 <> 0,D37/C37,"") -> 0 | F37: =F36 -> 1 | G37: =COUNTIFS('Data-TSD+1'!$AC:$AC,F$1,'Data-TSD+1'!$N:$N,"Very unsatisfactory (20%)") -> 0 | H37: =IF(F37 <> 0,G37/F37,"") -> 0 | I37: =I36 -> 0 | J37: =COUNTIFS('Data-TSD+1'!$AC:$AC,I$1,'Data-TSD+1'!$N:$N,"Very unsatisfactory (20%)") -> 0 | K37: =IF(I37 <> 0,J37/I37,"") | L37: =L36 -> 0 | M37: =COUNTIFS('Data-TSD+1'!$AC:$AC,L$1,'Data-TSD+1'!$N:$N,"Very unsatisfactory (20%)") -> 0 | N37: =IF(L37 <> 0,M37/L37,"") | O37: =O36 -> 0 | P37: =COUNTIFS('Data-TSD+1'!$AC:$AC,O$1,'Data-TSD+1'!$N:$N,"Very unsatisfactory (20%)") -> 0 | Q37: =IF(O37 <> 0,P37/O37,"") | R37: =R36 -> 0 | S37: =COUNTIFS('Data-TSD+1'!$AC:$AC,R$1,'Data-TSD+1'!$N:$N,"Very unsatisfactory (20%)") -> 0 | T37: =IF(R37 <> 0,S37/R37,"") | U37: =U36 -> 0 | V37: =COUNTIFS('Data-TSD+1'!$AC:$AC,U$1,'Data-TSD+1'!$N:$N,"Very unsatisfactory (20%)") -> 0 | W37: =IF(U37 <> 0,V37/U37,"") | X37: =X36 -> 0 | Y37: =COUNTIFS('Data-TSD+1'!$AC:$AC,X$1,'Data-TSD+1'!$N:$N,"Very unsatisfactory (20%)") -> 0 | Z37: =IF(X37 <> 0,Y37/X37,"") | AA37: =AA36 -> 0 | AB37: =COUNTIFS('Data-TSD+1'!$AC:$AC,AA$1,'Data-TSD+1'!$N:$N,"Very unsatisfactory (20%)") -> 0 | AC37: =IF(AA37 <> 0,AB37/AA37,"") | AD37: =AD36 -> 0 | AE37: =COUNTIFS('Data-TSD+1'!$AC:$AC,AD$1,'Data-TSD+1'!$N:$N,"Very unsatisfactory (20%)") -> 0 | AF37: =IF(AD37 <> 0,AE37/AD37,"") | AG37: =AG36 -> 0 | AH37: =COUNTIFS('Data-TSD+1'!$AC:$AC,AG$1,'Data-TSD+1'!$N:$N,"Very unsatisfactory (20%)") -> 0 | AI37: =IF(AG37 <> 0,AH37/AG37,"") | AJ37: =AJ36 -> 0 | AK37: =COUNTIFS('Data-TSD+1'!$AC:$AC,AJ$1,'Data-TSD+1'!$N:$N,"Very unsatisfactory (20%)") -> 0 | AL37: =IF(AJ37 <> 0,AK37/AJ37,"") | AM37: =AM36 -> 0 | AN37: =COUNTIFS('Data-TSD+1'!$AC:$AC,AM$1,'Data-TSD+1'!$N:$N,"Very unsatisfactory (20%)") -> 0 | AO37: =IF(AM37 <> 0,AN37/AM37,"")
A38: 7 | B38: TSD+1: Attention by the CM
B39: a) Excellent - 100% | C39: =COUNTIF('Data-TSD+1'!$O:$O,"<>" & "")-1 -> 1 | D39: =G39+J39+M39+P39+S39+V39+Y39+AB39+AE39+AH39+AK39+AN39 -> 1 | E39: =IF(C39 <> 0,D39/C39,"") -> 1 | F39: =COUNTIFS('Data-TSD+1'!$AC:$AC,F$1,'Data-TSD+1'!$O:$O,"<>" & "") -> 1 | G39: =COUNTIFS('Data-TSD+1'!$AC:$AC,F$1,'Data-TSD+1'!$O:$O,"Very satisfactory (100%)") -> 1 | H39: =IF(F39 <> 0,G39/F39,"") -> 1 | I39: =COUNTIFS('Data-TSD+1'!$AC:$AC,I$1,'Data-TSD+1'!$O:$O,"<>" & "") -> 0 | J39: =COUNTIFS('Data-TSD+1'!$AC:$AC,I$1,'Data-TSD+1'!$O:$O,"Very satisfactory (100%)") -> 0 | K39: =IF(I39 <> 0,J39/I39,"") | L39: =COUNTIFS('Data-TSD+1'!$AC:$AC,L$1,'Data-TSD+1'!$O:$O,"<>" & "") -> 0 | M39: =COUNTIFS('Data-TSD+1'!$AC:$AC,L$1,'Data-TSD+1'!$O:$O,"Very satisfactory (100%)") -> 0 | N39: =IF(L39 <> 0,M39/L39,"") | O39: =COUNTIFS('Data-TSD+1'!$AC:$AC,O$1,'Data-TSD+1'!$O:$O,"<>" & "") -> 0 | P39: =COUNTIFS('Data-TSD+1'!$AC:$AC,O$1,'Data-TSD+1'!$O:$O,"Very satisfactory (100%)") -> 0 | Q39: =IF(O39 <> 0,P39/O39,"") | R39: =COUNTIFS('Data-TSD+1'!$AC:$AC,R$1,'Data-TSD+1'!$O:$O,"<>" & "") -> 0 | S39: =COUNTIFS('Data-TSD+1'!$AC:$AC,R$1,'Data-TSD+1'!$O:$O,"Very satisfactory (100%)") -> 0 | T39: =IF(R39 <> 0,S39/R39,"") | U39: =COUNTIFS('Data-TSD+1'!$AC:$AC,U$1,'Data-TSD+1'!$O:$O,"<>" & "") -> 0 | V39: =COUNTIFS('Data-TSD+1'!$AC:$AC,U$1,'Data-TSD+1'!$O:$O,"Very satisfactory (100%)") -> 0 | W39: =IF(U39 <> 0,V39/U39,"") | X39: =COUNTIFS('Data-TSD+1'!$AC:$AC,X$1,'Data-TSD+1'!$O:$O,"<>" & "") -> 0 | Y39: =COUNTIFS('Data-TSD+1'!$AC:$AC,X$1,'Data-TSD+1'!$O:$O,"Very satisfactory (100%)") -> 0 | Z39: =IF(X39 <> 0,Y39/X39,"") | AA39: =COUNTIFS('Data-TSD+1'!$AC:$AC,AA$1,'Data-TSD+1'!$O:$O,"<>" & "") -> 0 | AB39: =COUNTIFS('Data-TSD+1'!$AC:$AC,AA$1,'Data-TSD+1'!$O:$O,"Very satisfactory (100%)") -> 0 | AC39: =IF(AA39 <> 0,AB39/AA39,"") | AD39: =COUNTIFS('Data-TSD+1'!$AC:$AC,AD$1,'Data-TSD+1'!$O:$O,"<>" & "") -> 0 | AE39: =COUNTIFS('Data-TSD+1'!$AC:$AC,AD$1,'Data-TSD+1'!$O:$O,"Very satisfactory (100%)") -> 0 | AF39: =IF(AD39 <> 0,AE39/AD39,"") | AG39: =COUNTIFS('Data-TSD+1'!$AC:$AC,AG$1,'Data-TSD+1'!$O:$O,"<>" & "") -> 0 | AH39: =COUNTIFS('Data-TSD+1'!$AC:$AC,AG$1,'Data-TSD+1'!$O:$O,"Very satisfactory (100%)") -> 0 | AI39: =IF(AG39 <> 0,AH39/AG39,"") | AJ39: =COUNTIFS('Data-TSD+1'!$AC:$AC,AJ$1,'Data-TSD+1'!$O:$O,"<>" & "") -> 0 | AK39: =COUNTIFS('Data-TSD+1'!$AC:$AC,AJ$1,'Data-TSD+1'!$O:$O,"Very satisfactory (100%)") -> 0 | AL39: =IF(AJ39 <> 0,AK39/AJ39,"") | AM39: =COUNTIFS('Data-TSD+1'!$AC:$AC,AM$1,'Data-TSD+1'!$O:$O,"<>" & "") -> 0 | AN39: =COUNTIFS('Data-TSD+1'!$AC:$AC,AM$1,'Data-TSD+1'!$O:$O,"Very satisfactory (100%)") -> 0 | AO39: =IF(AM39 <> 0,AN39/AM39,"")
B40: b) V.Good - 80% | C40: =C39 -> 1 | D40: =G40+J40+M40+P40+S40+V40+Y40+AB40+AE40+AH40+AK40+AN40 -> 0 | E40: =IF(C40 <> 0,D40/C40,"") -> 0 | F40: =F39 -> 1 | G40: =COUNTIFS('Data-TSD+1'!$AC:$AC,F$1,'Data-TSD+1'!$O:$O,"Satisfactory (80%)") -> 0 | H40: =IF(F40 <> 0,G40/F40,"") -> 0 | I40: =I39 -> 0 | J40: =COUNTIFS('Data-TSD+1'!$AC:$AC,I$1,'Data-TSD+1'!$O:$O,"Satisfactory (80%)") -> 0 | K40: =IF(I40 <> 0,J40/I40,"") | L40: =L39 -> 0 | M40: =COUNTIFS('Data-TSD+1'!$AC:$AC,L$1,'Data-TSD+1'!$O:$O,"Satisfactory (80%)") -> 0 | N40: =IF(L40 <> 0,M40/L40,"") | O40: =O39 -> 0 | P40: =COUNTIFS('Data-TSD+1'!$AC:$AC,O$1,'Data-TSD+1'!$O:$O,"Satisfactory (80%)") -> 0 | Q40: =IF(O40 <> 0,P40/O40,"") | R40: =R39 -> 0 | S40: =COUNTIFS('Data-TSD+1'!$AC:$AC,R$1,'Data-TSD+1'!$O:$O,"Satisfactory (80%)") -> 0 | T40: =IF(R40 <> 0,S40/R40,"") | U40: =U39 -> 0 | V40: =COUNTIFS('Data-TSD+1'!$AC:$AC,U$1,'Data-TSD+1'!$O:$O,"Satisfactory (80%)") -> 0 | W40: =IF(U40 <> 0,V40/U40,"") | X40: =X39 -> 0 | Y40: =COUNTIFS('Data-TSD+1'!$AC:$AC,X$1,'Data-TSD+1'!$O:$O,"Satisfactory (80%)") -> 0 | Z40: =IF(X40 <> 0,Y40/X40,"") | AA40: =AA39 -> 0 | AB40: =COUNTIFS('Data-TSD+1'!$AC:$AC,AA$1,'Data-TSD+1'!$O:$O,"Satisfactory (80%)") -> 0 | AC40: =IF(AA40 <> 0,AB40/AA40,"") | AD40: =AD39 -> 0 | AE40: =COUNTIFS('Data-TSD+1'!$AC:$AC,AD$1,'Data-TSD+1'!$O:$O,"Satisfactory (80%)") -> 0 | AF40: =IF(AD40 <> 0,AE40/AD40,"") | AG40: =AG39 -> 0 | AH40: =COUNTIFS('Data-TSD+1'!$AC:$AC,AG$1,'Data-TSD+1'!$O:$O,"Satisfactory (80%)") -> 0 | AI40: =IF(AG40 <> 0,AH40/AG40,"") | AJ40: =AJ39 -> 0 | AK40: =COUNTIFS('Data-TSD+1'!$AC:$AC,AJ$1,'Data-TSD+1'!$O:$O,"Satisfactory (80%)") -> 0 | AL40: =IF(AJ40 <> 0,AK40/AJ40,"") | AM40: =AM39 -> 0 | AN40: =COUNTIFS('Data-TSD+1'!$AC:$AC,AM$1,'Data-TSD+1'!$O:$O,"Satisfactory (80%)") -> 0 | AO40: =IF(AM40 <> 0,AN40/AM40,"")
B41: C) Good - 60% | C41: =C40 -> 1 | D41: =G41+J41+M41+P41+S41+V41+Y41+AB41+AE41+AH41+AK41+AN41 -> 0 | E41: =IF(C41 <> 0,D41/C41,"") -> 0 | F41: =F40 -> 1 | G41: =COUNTIFS('Data-TSD+1'!$AC:$AC,F$1,'Data-TSD+1'!$O:$O,"Average (60%)") -> 0 | H41: =IF(F41 <> 0,G41/F41,"") -> 0 | I41: =I40 -> 0 | J41: =COUNTIFS('Data-TSD+1'!$AC:$AC,I$1,'Data-TSD+1'!$O:$O,"Average (60%)") -> 0 | K41: =IF(I41 <> 0,J41/I41,"") | L41: =L40 -> 0 | M41: =COUNTIFS('Data-TSD+1'!$AC:$AC,L$1,'Data-TSD+1'!$O:$O,"Average (60%)") -> 0 | N41: =IF(L41 <> 0,M41/L41,"") | O41: =O40 -> 0 | P41: =COUNTIFS('Data-TSD+1'!$AC:$AC,O$1,'Data-TSD+1'!$O:$O,"Average (60%)") -> 0 | Q41: =IF(O41 <> 0,P41/O41,"") | R41: =R40 -> 0 | S41: =COUNTIFS('Data-TSD+1'!$AC:$AC,R$1,'Data-TSD+1'!$O:$O,"Average (60%)") -> 0 | T41: =IF(R41 <> 0,S41/R41,"") | U41: =U40 -> 0 | V41: =COUNTIFS('Data-TSD+1'!$AC:$AC,U$1,'Data-TSD+1'!$O:$O,"Average (60%)") -> 0 | W41: =IF(U41 <> 0,V41/U41,"") | X41: =X40 -> 0 | Y41: =COUNTIFS('Data-TSD+1'!$AC:$AC,X$1,'Data-TSD+1'!$O:$O,"Average (60%)") -> 0 | Z41: =IF(X41 <> 0,Y41/X41,"") | AA41: =AA40 -> 0 | AB41: =COUNTIFS('Data-TSD+1'!$AC:$AC,AA$1,'Data-TSD+1'!$O:$O,"Average (60%)") -> 0 | AC41: =IF(AA41 <> 0,AB41/AA41,"") | AD41: =AD40 -> 0 | AE41: =COUNTIFS('Data-TSD+1'!$AC:$AC,AD$1,'Data-TSD+1'!$O:$O,"Average (60%)") -> 0 | AF41: =IF(AD41 <> 0,AE41/AD41,"") | AG41: =AG40 -> 0 | AH41: =COUNTIFS('Data-TSD+1'!$AC:$AC,AG$1,'Data-TSD+1'!$O:$O,"Average (60%)") -> 0 | AI41: =IF(AG41 <> 0,AH41/AG41,"") | AJ41: =AJ40 -> 0 | AK41: =COUNTIFS('Data-TSD+1'!$AC:$AC,AJ$1,'Data-TSD+1'!$O:$O,"Average (60%)") -> 0 | AL41: =IF(AJ41 <> 0,AK41/AJ41,"") | AM41: =AM40 -> 0 | AN41: =COUNTIFS('Data-TSD+1'!$AC:$AC,AM$1,'Data-TSD+1'!$O:$O,"Average (60%)") -> 0 | AO41: =IF(AM41 <> 0,AN41/AM41,"")
B42: d) Fair - 40% | C42: =C41 -> 1 | D42: =G42+J42+M42+P42+S42+V42+Y42+AB42+AE42+AH42+AK42+AN42 -> 0 | E42: =IF(C42 <> 0,D42/C42,"") -> 0 | F42: =F41 -> 1 | G42: =COUNTIFS('Data-TSD+1'!$AC:$AC,F$1,'Data-TSD+1'!$O:$O,"Unsatisfactory (40%)") -> 0 | H42: =IF(F42 <> 0,G42/F42,"") -> 0 | I42: =I41 -> 0 | J42: =COUNTIFS('Data-TSD+1'!$AC:$AC,I$1,'Data-TSD+1'!$O:$O,"Unsatisfactory (40%)") -> 0 | K42: =IF(I42 <> 0,J42/I42,"") | L42: =L41 -> 0 | M42: =COUNTIFS('Data-TSD+1'!$AC:$AC,L$1,'Data-TSD+1'!$O:$O,"Unsatisfactory (40%)") -> 0 | N42: =IF(L42 <> 0,M42/L42,"") | O42: =O41 -> 0 | P42: =COUNTIFS('Data-TSD+1'!$AC:$AC,O$1,'Data-TSD+1'!$O:$O,"Unsatisfactory (40%)") -> 0 | Q42: =IF(O42 <> 0,P42/O42,"") | R42: =R41 -> 0 | S42: =COUNTIFS('Data-TSD+1'!$AC:$AC,R$1,'Data-TSD+1'!$O:$O,"Unsatisfactory (40%)") -> 0 | T42: =IF(R42 <> 0,S42/R42,"") | U42: =U41 -> 0 | V42: =COUNTIFS('Data-TSD+1'!$AC:$AC,U$1,'Data-TSD+1'!$O:$O,"Unsatisfactory (40%)") -> 0 | W42: =IF(U42 <> 0,V42/U42,"") | X42: =X41 -> 0 | Y42: =COUNTIFS('Data-TSD+1'!$AC:$AC,X$1,'Data-TSD+1'!$O:$O,"Unsatisfactory (40%)") -> 0 | Z42: =IF(X42 <> 0,Y42/X42,"") | AA42: =AA41 -> 0 | AB42: =COUNTIFS('Data-TSD+1'!$AC:$AC,AA$1,'Data-TSD+1'!$O:$O,"Unsatisfactory (40%)") -> 0 | AC42: =IF(AA42 <> 0,AB42/AA42,"") | AD42: =AD41 -> 0 | AE42: =COUNTIFS('Data-TSD+1'!$AC:$AC,AD$1,'Data-TSD+1'!$O:$O,"Unsatisfactory (40%)") -> 0 | AF42: =IF(AD42 <> 0,AE42/AD42,"") | AG42: =AG41 -> 0 | AH42: =COUNTIFS('Data-TSD+1'!$AC:$AC,AG$1,'Data-TSD+1'!$O:$O,"Unsatisfactory (40%)") -> 0 | AI42: =IF(AG42 <> 0,AH42/AG42,"") | AJ42: =AJ41 -> 0 | AK42: =COUNTIFS('Data-TSD+1'!$AC:$AC,AJ$1,'Data-TSD+1'!$O:$O,"Unsatisfactory (40%)") -> 0 | AL42: =IF(AJ42 <> 0,AK42/AJ42,"") | AM42: =AM41 -> 0 | AN42: =COUNTIFS('Data-TSD+1'!$AC:$AC,AM$1,'Data-TSD+1'!$O:$O,"Unsatisfactory (40%)") -> 0 | AO42: =IF(AM42 <> 0,AN42/AM42,"")
B43: e) Poor - 20% | C43: =C42 -> 1 | D43: =G43+J43+M43+P43+S43+V43+Y43+AB43+AE43+AH43+AK43+AN43 -> 0 | E43: =IF(C43 <> 0,D43/C43,"") -> 0 | F43: =F42 -> 1 | G43: =COUNTIFS('Data-TSD+1'!$AC:$AC,F$1,'Data-TSD+1'!$O:$O,"Very unsatisfactory (20%)") -> 0 | H43: =IF(F43 <> 0,G43/F43,"") -> 0 | I43: =I42 -> 0 | J43: =COUNTIFS('Data-TSD+1'!$AC:$AC,I$1,'Data-TSD+1'!$O:$O,"Very unsatisfactory (20%)") -> 0 | K43: =IF(I43 <> 0,J43/I43,"") | L43: =L42 -> 0 | M43: =COUNTIFS('Data-TSD+1'!$AC:$AC,L$1,'Data-TSD+1'!$O:$O,"Very unsatisfactory (20%)") -> 0 | N43: =IF(L43 <> 0,M43/L43,"") | O43: =O42 -> 0 | P43: =COUNTIFS('Data-TSD+1'!$AC:$AC,O$1,'Data-TSD+1'!$O:$O,"Very unsatisfactory (20%)") -> 0 | Q43: =IF(O43 <> 0,P43/O43,"") | R43: =R42 -> 0 | S43: =COUNTIFS('Data-TSD+1'!$AC:$AC,R$1,'Data-TSD+1'!$O:$O,"Very unsatisfactory (20%)") -> 0 | T43: =IF(R43 <> 0,S43/R43,"") | U43: =U42 -> 0 | V43: =COUNTIFS('Data-TSD+1'!$AC:$AC,U$1,'Data-TSD+1'!$O:$O,"Very unsatisfactory (20%)") -> 0 | W43: =IF(U43 <> 0,V43/U43,"") | X43: =X42 -> 0 | Y43: =COUNTIFS('Data-TSD+1'!$AC:$AC,X$1,'Data-TSD+1'!$O:$O,"Very unsatisfactory (20%)") -> 0 | Z43: =IF(X43 <> 0,Y43/X43,"") | AA43: =AA42 -> 0 | AB43: =COUNTIFS('Data-TSD+1'!$AC:$AC,AA$1,'Data-TSD+1'!$O:$O,"Very unsatisfactory (20%)") -> 0 | AC43: =IF(AA43 <> 0,AB43/AA43,"") | AD43: =AD42 -> 0 | AE43: =COUNTIFS('Data-TSD+1'!$AC:$AC,AD$1,'Data-TSD+1'!$O:$O,"Very unsatisfactory (20%)") -> 0 | AF43: =IF(AD43 <> 0,AE43/AD43,"") | AG43: =AG42 -> 0 | AH43: =COUNTIFS('Data-TSD+1'!$AC:$AC,AG$1,'Data-TSD+1'!$O:$O,"Very unsatisfactory (20%)") -> 0 | AI43: =IF(AG43 <> 0,AH43/AG43,"") | AJ43: =AJ42 -> 0 | AK43: =COUNTIFS('Data-TSD+1'!$AC:$AC,AJ$1,'Data-TSD+1'!$O:$O,"Very unsatisfactory (20%)") -> 0 | AL43: =IF(AJ43 <> 0,AK43/AJ43,"") | AM43: =AM42 -> 0 | AN43: =COUNTIFS('Data-TSD+1'!$AC:$AC,AM$1,'Data-TSD+1'!$O:$O,"Very unsatisfactory (20%)") -> 0 | AO43: =IF(AM43 <> 0,AN43/AM43,"")
A44: 8 | B44: TSD+1: Quality of housekeeping
B45: a) Excellent - 100% | C45: =COUNTIF('Data-TSD+1'!$P:$P,"<>" & "")-1 -> 1 | D45: =G45+J45+M45+P45+S45+V45+Y45+AB45+AE45+AH45+AK45+AN45 -> 1 | E45: =IF(C45 <> 0,D45/C45,"") -> 1 | F45: =COUNTIFS('Data-TSD+1'!$AC:$AC,F$1,'Data-TSD+1'!$P:$P,"<>" & "") -> 1 | G45: =COUNTIFS('Data-TSD+1'!$AC:$AC,F$1,'Data-TSD+1'!$P:$P,"Very satisfactory (100%)") -> 1 | H45: =IF(F45 <> 0,G45/F45,"") -> 1 | I45: =COUNTIFS('Data-TSD+1'!$AC:$AC,I$1,'Data-TSD+1'!$P:$P,"<>" & "") -> 0 | J45: =COUNTIFS('Data-TSD+1'!$AC:$AC,I$1,'Data-TSD+1'!$P:$P,"Very satisfactory (100%)") -> 0 | K45: =IF(I45 <> 0,J45/I45,"") | L45: =COUNTIFS('Data-TSD+1'!$AC:$AC,L$1,'Data-TSD+1'!$P:$P,"<>" & "") -> 0 | M45: =COUNTIFS('Data-TSD+1'!$AC:$AC,L$1,'Data-TSD+1'!$P:$P,"Very satisfactory (100%)") -> 0 | N45: =IF(L45 <> 0,M45/L45,"") | O45: =COUNTIFS('Data-TSD+1'!$AC:$AC,O$1,'Data-TSD+1'!$P:$P,"<>" & "") -> 0 | P45: =COUNTIFS('Data-TSD+1'!$AC:$AC,O$1,'Data-TSD+1'!$P:$P,"Very satisfactory (100%)") -> 0 | Q45: =IF(O45 <> 0,P45/O45,"") | R45: =COUNTIFS('Data-TSD+1'!$AC:$AC,R$1,'Data-TSD+1'!$P:$P,"<>" & "") -> 0 | S45: =COUNTIFS('Data-TSD+1'!$AC:$AC,R$1,'Data-TSD+1'!$P:$P,"Very satisfactory (100%)") -> 0 | T45: =IF(R45 <> 0,S45/R45,"") | U45: =COUNTIFS('Data-TSD+1'!$AC:$AC,U$1,'Data-TSD+1'!$P:$P,"<>" & "") -> 0 | V45: =COUNTIFS('Data-TSD+1'!$AC:$AC,U$1,'Data-TSD+1'!$P:$P,"Very satisfactory (100%)") -> 0 | W45: =IF(U45 <> 0,V45/U45,"") | X45: =COUNTIFS('Data-TSD+1'!$AC:$AC,X$1,'Data-TSD+1'!$P:$P,"<>" & "") -> 0 | Y45: =COUNTIFS('Data-TSD+1'!$AC:$AC,X$1,'Data-TSD+1'!$P:$P,"Very satisfactory (100%)") -> 0 | Z45: =IF(X45 <> 0,Y45/X45,"") | AA45: =COUNTIFS('Data-TSD+1'!$AC:$AC,AA$1,'Data-TSD+1'!$P:$P,"<>" & "") -> 0 | AB45: =COUNTIFS('Data-TSD+1'!$AC:$AC,AA$1,'Data-TSD+1'!$P:$P,"Very satisfactory (100%)") -> 0 | AC45: =IF(AA45 <> 0,AB45/AA45,"") | AD45: =COUNTIFS('Data-TSD+1'!$AC:$AC,AD$1,'Data-TSD+1'!$P:$P,"<>" & "") -> 0 | AE45: =COUNTIFS('Data-TSD+1'!$AC:$AC,AD$1,'Data-TSD+1'!$P:$P,"Very satisfactory (100%)") -> 0 | AF45: =IF(AD45 <> 0,AE45/AD45,"") | AG45: =COUNTIFS('Data-TSD+1'!$AC:$AC,AG$1,'Data-TSD+1'!$P:$P,"<>" & "") -> 0 | AH45: =COUNTIFS('Data-TSD+1'!$AC:$AC,AG$1,'Data-TSD+1'!$P:$P,"Very satisfactory (100%)") -> 0 | AI45: =IF(AG45 <> 0,AH45/AG45,"") | AJ45: =COUNTIFS('Data-TSD+1'!$AC:$AC,AJ$1,'Data-TSD+1'!$P:$P,"<>" & "") -> 0 | AK45: =COUNTIFS('Data-TSD+1'!$AC:$AC,AJ$1,'Data-TSD+1'!$P:$P,"Very satisfactory (100%)") -> 0 | AL45: =IF(AJ45 <> 0,AK45/AJ45,"") | AM45: =COUNTIFS('Data-TSD+1'!$AC:$AC,AM$1,'Data-TSD+1'!$P:$P,"<>" & "") -> 0 | AN45: =COUNTIFS('Data-TSD+1'!$AC:$AC,AM$1,'Data-TSD+1'!$P:$P,"Very satisfactory (100%)") -> 0 | AO45: =IF(AM45 <> 0,AN45/AM45,"")
B46: b) V.Good - 80% | C46: =C45 -> 1 | D46: =G46+J46+M46+P46+S46+V46+Y46+AB46+AE46+AH46+AK46+AN46 -> 0 | E46: =IF(C46 <> 0,D46/C46,"") -> 0 | F46: =F45 -> 1 | G46: =COUNTIFS('Data-TSD+1'!$AC:$AC,F$1,'Data-TSD+1'!$P:$P,"Satisfactory (80%)") -> 0 | H46: =IF(F46 <> 0,G46/F46,"") -> 0 | I46: =I45 -> 0 | J46: =COUNTIFS('Data-TSD+1'!$AC:$AC,I$1,'Data-TSD+1'!$P:$P,"Satisfactory (80%)") -> 0 | K46: =IF(I46 <> 0,J46/I46,"") | L46: =L45 -> 0 | M46: =COUNTIFS('Data-TSD+1'!$AC:$AC,L$1,'Data-TSD+1'!$P:$P,"Satisfactory (80%)") -> 0 | N46: =IF(L46 <> 0,M46/L46,"") | O46: =O45 -> 0 | P46: =COUNTIFS('Data-TSD+1'!$AC:$AC,O$1,'Data-TSD+1'!$P:$P,"Satisfactory (80%)") -> 0 | Q46: =IF(O46 <> 0,P46/O46,"") | R46: =R45 -> 0 | S46: =COUNTIFS('Data-TSD+1'!$AC:$AC,R$1,'Data-TSD+1'!$P:$P,"Satisfactory (80%)") -> 0 | T46: =IF(R46 <> 0,S46/R46,"") | U46: =U45 -> 0 | V46: =COUNTIFS('Data-TSD+1'!$AC:$AC,U$1,'Data-TSD+1'!$P:$P,"Satisfactory (80%)") -> 0 | W46: =IF(U46 <> 0,V46/U46,"") | X46: =X45 -> 0 | Y46: =COUNTIFS('Data-TSD+1'!$AC:$AC,X$1,'Data-TSD+1'!$P:$P,"Satisfactory (80%)") -> 0 | Z46: =IF(X46 <> 0,Y46/X46,"") | AA46: =AA45 -> 0 | AB46: =COUNTIFS('Data-TSD+1'!$AC:$AC,AA$1,'Data-TSD+1'!$P:$P,"Satisfactory (80%)") -> 0 | AC46: =IF(AA46 <> 0,AB46/AA46,"") | AD46: =AD45 -> 0 | AE46: =COUNTIFS('Data-TSD+1'!$AC:$AC,AD$1,'Data-TSD+1'!$P:$P,"Satisfactory (80%)") -> 0 | AF46: =IF(AD46 <> 0,AE46/AD46,"") | AG46: =AG45 -> 0 | AH46: =COUNTIFS('Data-TSD+1'!$AC:$AC,AG$1,'Data-TSD+1'!$P:$P,"Satisfactory (80%)") -> 0 | AI46: =IF(AG46 <> 0,AH46/AG46,"") | AJ46: =AJ45 -> 0 | AK46: =COUNTIFS('Data-TSD+1'!$AC:$AC,AJ$1,'Data-TSD+1'!$P:$P,"Satisfactory (80%)") -> 0 | AL46: =IF(AJ46 <> 0,AK46/AJ46,"") | AM46: =AM45 -> 0 | AN46: =COUNTIFS('Data-TSD+1'!$AC:$AC,AM$1,'Data-TSD+1'!$P:$P,"Satisfactory (80%)") -> 0 | AO46: =IF(AM46 <> 0,AN46/AM46,"")
B47: C) Good - 60% | C47: =C46 -> 1 | D47: =G47+J47+M47+P47+S47+V47+Y47+AB47+AE47+AH47+AK47+AN47 -> 0 | E47: =IF(C47 <> 0,D47/C47,"") -> 0 | F47: =F46 -> 1 | G47: =COUNTIFS('Data-TSD+1'!$AC:$AC,F$1,'Data-TSD+1'!$P:$P,"Average (60%)") -> 0 | H47: =IF(F47 <> 0,G47/F47,"") -> 0 | I47: =I46 -> 0 | J47: =COUNTIFS('Data-TSD+1'!$AC:$AC,I$1,'Data-TSD+1'!$P:$P,"Average (60%)") -> 0 | K47: =IF(I47 <> 0,J47/I47,"") | L47: =L46 -> 0 | M47: =COUNTIFS('Data-TSD+1'!$AC:$AC,L$1,'Data-TSD+1'!$P:$P,"Average (60%)") -> 0 | N47: =IF(L47 <> 0,M47/L47,"") | O47: =O46 -> 0 | P47: =COUNTIFS('Data-TSD+1'!$AC:$AC,O$1,'Data-TSD+1'!$P:$P,"Average (60%)") -> 0 | Q47: =IF(O47 <> 0,P47/O47,"") | R47: =R46 -> 0 | S47: =COUNTIFS('Data-TSD+1'!$AC:$AC,R$1,'Data-TSD+1'!$P:$P,"Average (60%)") -> 0 | T47: =IF(R47 <> 0,S47/R47,"") | U47: =U46 -> 0 | V47: =COUNTIFS('Data-TSD+1'!$AC:$AC,U$1,'Data-TSD+1'!$P:$P,"Average (60%)") -> 0 | W47: =IF(U47 <> 0,V47/U47,"") | X47: =X46 -> 0 | Y47: =COUNTIFS('Data-TSD+1'!$AC:$AC,X$1,'Data-TSD+1'!$P:$P,"Average (60%)") -> 0 | Z47: =IF(X47 <> 0,Y47/X47,"") | AA47: =AA46 -> 0 | AB47: =COUNTIFS('Data-TSD+1'!$AC:$AC,AA$1,'Data-TSD+1'!$P:$P,"Average (60%)") -> 0 | AC47: =IF(AA47 <> 0,AB47/AA47,"") | AD47: =AD46 -> 0 | AE47: =COUNTIFS('Data-TSD+1'!$AC:$AC,AD$1,'Data-TSD+1'!$P:$P,"Average (60%)") -> 0 | AF47: =IF(AD47 <> 0,AE47/AD47,"") | AG47: =AG46 -> 0 | AH47: =COUNTIFS('Data-TSD+1'!$AC:$AC,AG$1,'Data-TSD+1'!$P:$P,"Average (60%)") -> 0 | AI47: =IF(AG47 <> 0,AH47/AG47,"") | AJ47: =AJ46 -> 0 | AK47: =COUNTIFS('Data-TSD+1'!$AC:$AC,AJ$1,'Data-TSD+1'!$P:$P,"Average (60%)") -> 0 | AL47: =IF(AJ47 <> 0,AK47/AJ47,"") | AM47: =AM46 -> 0 | AN47: =COUNTIFS('Data-TSD+1'!$AC:$AC,AM$1,'Data-TSD+1'!$P:$P,"Average (60%)") -> 0 | AO47: =IF(AM47 <> 0,AN47/AM47,"")
B48: d) Fair - 40% | C48: =C47 -> 1 | D48: =G48+J48+M48+P48+S48+V48+Y48+AB48+AE48+AH48+AK48+AN48 -> 0 | E48: =IF(C48 <> 0,D48/C48,"") -> 0 | F48: =F47 -> 1 | G48: =COUNTIFS('Data-TSD+1'!$AC:$AC,F$1,'Data-TSD+1'!$P:$P,"Unsatisfactory (40%)") -> 0 | H48: =IF(F48 <> 0,G48/F48,"") -> 0 | I48: =I47 -> 0 | J48: =COUNTIFS('Data-TSD+1'!$AC:$AC,I$1,'Data-TSD+1'!$P:$P,"Unsatisfactory (40%)") -> 0 | K48: =IF(I48 <> 0,J48/I48,"") | L48: =L47 -> 0 | M48: =COUNTIFS('Data-TSD+1'!$AC:$AC,L$1,'Data-TSD+1'!$P:$P,"Unsatisfactory (40%)") -> 0 | N48: =IF(L48 <> 0,M48/L48,"") | O48: =O47 -> 0 | P48: =COUNTIFS('Data-TSD+1'!$AC:$AC,O$1,'Data-TSD+1'!$P:$P,"Unsatisfactory (40%)") -> 0 | Q48: =IF(O48 <> 0,P48/O48,"") | R48: =R47 -> 0 | S48: =COUNTIFS('Data-TSD+1'!$AC:$AC,R$1,'Data-TSD+1'!$P:$P,"Unsatisfactory (40%)") -> 0 | T48: =IF(R48 <> 0,S48/R48,"") | U48: =U47 -> 0 | V48: =COUNTIFS('Data-TSD+1'!$AC:$AC,U$1,'Data-TSD+1'!$P:$P,"Unsatisfactory (40%)") -> 0 | W48: =IF(U48 <> 0,V48/U48,"") | X48: =X47 -> 0 | Y48: =COUNTIFS('Data-TSD+1'!$AC:$AC,X$1,'Data-TSD+1'!$P:$P,"Unsatisfactory (40%)") -> 0 | Z48: =IF(X48 <> 0,Y48/X48,"") | AA48: =AA47 -> 0 | AB48: =COUNTIFS('Data-TSD+1'!$AC:$AC,AA$1,'Data-TSD+1'!$P:$P,"Unsatisfactory (40%)") -> 0 | AC48: =IF(AA48 <> 0,AB48/AA48,"") | AD48: =AD47 -> 0 | AE48: =COUNTIFS('Data-TSD+1'!$AC:$AC,AD$1,'Data-TSD+1'!$P:$P,"Unsatisfactory (40%)") -> 0 | AF48: =IF(AD48 <> 0,AE48/AD48,"") | AG48: =AG47 -> 0 | AH48: =COUNTIFS('Data-TSD+1'!$AC:$AC,AG$1,'Data-TSD+1'!$P:$P,"Unsatisfactory (40%)") -> 0 | AI48: =IF(AG48 <> 0,AH48/AG48,"") | AJ48: =AJ47 -> 0 | AK48: =COUNTIFS('Data-TSD+1'!$AC:$AC,AJ$1,'Data-TSD+1'!$P:$P,"Unsatisfactory (40%)") -> 0 | AL48: =IF(AJ48 <> 0,AK48/AJ48,"") | AM48: =AM47 -> 0 | AN48: =COUNTIFS('Data-TSD+1'!$AC:$AC,AM$1,'Data-TSD+1'!$P:$P,"Unsatisfactory (40%)") -> 0 | AO48: =IF(AM48 <> 0,AN48/AM48,"")
B49: e) Poor - 20% | C49: =C48 -> 1 | D49: =G49+J49+M49+P49+S49+V49+Y49+AB49+AE49+AH49+AK49+AN49 -> 0 | E49: =IF(C49 <> 0,D49/C49,"") -> 0 | F49: =F48 -> 1 | G49: =COUNTIFS('Data-TSD+1'!$AC:$AC,F$1,'Data-TSD+1'!$P:$P,"Very unsatisfactory (20%)") -> 0 | H49: =IF(F49 <> 0,G49/F49,"") -> 0 | I49: =I48 -> 0 | J49: =COUNTIFS('Data-TSD+1'!$AC:$AC,I$1,'Data-TSD+1'!$P:$P,"Very unsatisfactory (20%)") -> 0 | K49: =IF(I49 <> 0,J49/I49,"") | L49: =L48 -> 0 | M49: =COUNTIFS('Data-TSD+1'!$AC:$AC,L$1,'Data-TSD+1'!$P:$P,"Very unsatisfactory (20%)") -> 0 | N49: =IF(L49 <> 0,M49/L49,"") | O49: =O48 -> 0 | P49: =COUNTIFS('Data-TSD+1'!$AC:$AC,O$1,'Data-TSD+1'!$P:$P,"Very unsatisfactory (20%)") -> 0 | Q49: =IF(O49 <> 0,P49/O49,"") | R49: =R48 -> 0 | S49: =COUNTIFS('Data-TSD+1'!$AC:$AC,R$1,'Data-TSD+1'!$P:$P,"Very unsatisfactory (20%)") -> 0 | T49: =IF(R49 <> 0,S49/R49,"") | U49: =U48 -> 0 | V49: =COUNTIFS('Data-TSD+1'!$AC:$AC,U$1,'Data-TSD+1'!$P:$P,"Very unsatisfactory (20%)") -> 0 | W49: =IF(U49 <> 0,V49/U49,"") | X49: =X48 -> 0 | Y49: =COUNTIFS('Data-TSD+1'!$AC:$AC,X$1,'Data-TSD+1'!$P:$P,"Very unsatisfactory (20%)") -> 0 | Z49: =IF(X49 <> 0,Y49/X49,"") | AA49: =AA48 -> 0 | AB49: =COUNTIFS('Data-TSD+1'!$AC:$AC,AA$1,'Data-TSD+1'!$P:$P,"Very unsatisfactory (20%)") -> 0 | AC49: =IF(AA49 <> 0,AB49/AA49,"") | AD49: =AD48 -> 0 | AE49: =COUNTIFS('Data-TSD+1'!$AC:$AC,AD$1,'Data-TSD+1'!$P:$P,"Very unsatisfactory (20%)") -> 0 | AF49: =IF(AD49 <> 0,AE49/AD49,"") | AG49: =AG48 -> 0 | AH49: =COUNTIFS('Data-TSD+1'!$AC:$AC,AG$1,'Data-TSD+1'!$P:$P,"Very unsatisfactory (20%)") -> 0 | AI49: =IF(AG49 <> 0,AH49/AG49,"") | AJ49: =AJ48 -> 0 | AK49: =COUNTIFS('Data-TSD+1'!$AC:$AC,AJ$1,'Data-TSD+1'!$P:$P,"Very unsatisfactory (20%)") -> 0 | AL49: =IF(AJ49 <> 0,AK49/AJ49,"") | AM49: =AM48 -> 0 | AN49: =COUNTIFS('Data-TSD+1'!$AC:$AC,AM$1,'Data-TSD+1'!$P:$P,"Very unsatisfactory (20%)") -> 0 | AO49: =IF(AM49 <> 0,AN49/AM49,"")
A50: 9 | B50: TSD+1: Timeliness of service
B51: a) Excellent - 100% | C51: =COUNTIF('Data-TSD+1'!$Q:$Q,"<>" & "")-1 -> 1 | D51: =G51+J51+M51+P51+S51+V51+Y51+AB51+AE51+AH51+AK51+AN51 -> 1 | E51: =IF(C51 <> 0,D51/C51,"") -> 1 | F51: =COUNTIFS('Data-TSD+1'!$AC:$AC,F$1,'Data-TSD+1'!$Q:$Q,"<>" & "") -> 1 | G51: =COUNTIFS('Data-TSD+1'!$AC:$AC,F$1,'Data-TSD+1'!$Q:$Q,"Very satisfactory (100%)") -> 1 | H51: =IF(F51 <> 0,G51/F51,"") -> 1 | I51: =COUNTIFS('Data-TSD+1'!$AC:$AC,I$1,'Data-TSD+1'!$Q:$Q,"<>" & "") -> 0 | J51: =COUNTIFS('Data-TSD+1'!$AC:$AC,I$1,'Data-TSD+1'!$Q:$Q,"Very satisfactory (100%)") -> 0 | K51: =IF(I51 <> 0,J51/I51,"") | L51: =COUNTIFS('Data-TSD+1'!$AC:$AC,L$1,'Data-TSD+1'!$Q:$Q,"<>" & "") -> 0 | M51: =COUNTIFS('Data-TSD+1'!$AC:$AC,L$1,'Data-TSD+1'!$Q:$Q,"Very satisfactory (100%)") -> 0 | N51: =IF(L51 <> 0,M51/L51,"") | O51: =COUNTIFS('Data-TSD+1'!$AC:$AC,O$1,'Data-TSD+1'!$Q:$Q,"<>" & "") -> 0 | P51: =COUNTIFS('Data-TSD+1'!$AC:$AC,O$1,'Data-TSD+1'!$Q:$Q,"Very satisfactory (100%)") -> 0 | Q51: =IF(O51 <> 0,P51/O51,"") | R51: =COUNTIFS('Data-TSD+1'!$AC:$AC,R$1,'Data-TSD+1'!$Q:$Q,"<>" & "") -> 0 | S51: =COUNTIFS('Data-TSD+1'!$AC:$AC,R$1,'Data-TSD+1'!$Q:$Q,"Very satisfactory (100%)") -> 0 | T51: =IF(R51 <> 0,S51/R51,"") | U51: =COUNTIFS('Data-TSD+1'!$AC:$AC,U$1,'Data-TSD+1'!$Q:$Q,"<>" & "") -> 0 | V51: =COUNTIFS('Data-TSD+1'!$AC:$AC,U$1,'Data-TSD+1'!$Q:$Q,"Very satisfactory (100%)") -> 0 | W51: =IF(U51 <> 0,V51/U51,"") | X51: =COUNTIFS('Data-TSD+1'!$AC:$AC,X$1,'Data-TSD+1'!$Q:$Q,"<>" & "") -> 0 | Y51: =COUNTIFS('Data-TSD+1'!$AC:$AC,X$1,'Data-TSD+1'!$Q:$Q,"Very satisfactory (100%)") -> 0 | Z51: =IF(X51 <> 0,Y51/X51,"") | AA51: =COUNTIFS('Data-TSD+1'!$AC:$AC,AA$1,'Data-TSD+1'!$Q:$Q,"<>" & "") -> 0 | AB51: =COUNTIFS('Data-TSD+1'!$AC:$AC,AA$1,'Data-TSD+1'!$Q:$Q,"Very satisfactory (100%)") -> 0 | AC51: =IF(AA51 <> 0,AB51/AA51,"") | AD51: =COUNTIFS('Data-TSD+1'!$AC:$AC,AD$1,'Data-TSD+1'!$Q:$Q,"<>" & "") -> 0 | AE51: =COUNTIFS('Data-TSD+1'!$AC:$AC,AD$1,'Data-TSD+1'!$Q:$Q,"Very satisfactory (100%)") -> 0 | AF51: =IF(AD51 <> 0,AE51/AD51,"") | AG51: =COUNTIFS('Data-TSD+1'!$AC:$AC,AG$1,'Data-TSD+1'!$Q:$Q,"<>" & "") -> 0 | AH51: =COUNTIFS('Data-TSD+1'!$AC:$AC,AG$1,'Data-TSD+1'!$Q:$Q,"Very satisfactory (100%)") -> 0 | AI51: =IF(AG51 <> 0,AH51/AG51,"") | AJ51: =COUNTIFS('Data-TSD+1'!$AC:$AC,AJ$1,'Data-TSD+1'!$Q:$Q,"<>" & "") -> 0 | AK51: =COUNTIFS('Data-TSD+1'!$AC:$AC,AJ$1,'Data-TSD+1'!$Q:$Q,"Very satisfactory (100%)") -> 0 | AL51: =IF(AJ51 <> 0,AK51/AJ51,"") | AM51: =COUNTIFS('Data-TSD+1'!$AC:$AC,AM$1,'Data-TSD+1'!$Q:$Q,"<>" & "") -> 0 | AN51: =COUNTIFS('Data-TSD+1'!$AC:$AC,AM$1,'Data-TSD+1'!$Q:$Q,"Very satisfactory (100%)") -> 0 | AO51: =IF(AM51 <> 0,AN51/AM51,"")
B52: b) V.Good - 80% | C52: =C51 -> 1 | D52: =G52+J52+M52+P52+S52+V52+Y52+AB52+AE52+AH52+AK52+AN52 -> 0 | E52: =IF(C52 <> 0,D52/C52,"") -> 0 | F52: =F51 -> 1 | G52: =COUNTIFS('Data-TSD+1'!$AC:$AC,F$1,'Data-TSD+1'!$Q:$Q,"Satisfactory (80%)") -> 0 | H52: =IF(F52 <> 0,G52/F52,"") -> 0 | I52: =I51 -> 0 | J52: =COUNTIFS('Data-TSD+1'!$AC:$AC,I$1,'Data-TSD+1'!$Q:$Q,"Satisfactory (80%)") -> 0 | K52: =IF(I52 <> 0,J52/I52,"") | L52: =L51 -> 0 | M52: =COUNTIFS('Data-TSD+1'!$AC:$AC,L$1,'Data-TSD+1'!$Q:$Q,"Satisfactory (80%)") -> 0 | N52: =IF(L52 <> 0,M52/L52,"") | O52: =O51 -> 0 | P52: =COUNTIFS('Data-TSD+1'!$AC:$AC,O$1,'Data-TSD+1'!$Q:$Q,"Satisfactory (80%)") -> 0 | Q52: =IF(O52 <> 0,P52/O52,"") | R52: =R51 -> 0 | S52: =COUNTIFS('Data-TSD+1'!$AC:$AC,R$1,'Data-TSD+1'!$Q:$Q,"Satisfactory (80%)") -> 0 | T52: =IF(R52 <> 0,S52/R52,"") | U52: =U51 -> 0 | V52: =COUNTIFS('Data-TSD+1'!$AC:$AC,U$1,'Data-TSD+1'!$Q:$Q,"Satisfactory (80%)") -> 0 | W52: =IF(U52 <> 0,V52/U52,"") | X52: =X51 -> 0 | Y52: =COUNTIFS('Data-TSD+1'!$AC:$AC,X$1,'Data-TSD+1'!$Q:$Q,"Satisfactory (80%)") -> 0 | Z52: =IF(X52 <> 0,Y52/X52,"") | AA52: =AA51 -> 0 | AB52: =COUNTIFS('Data-TSD+1'!$AC:$AC,AA$1,'Data-TSD+1'!$Q:$Q,"Satisfactory (80%)") -> 0 | AC52: =IF(AA52 <> 0,AB52/AA52,"") | AD52: =AD51 -> 0 | AE52: =COUNTIFS('Data-TSD+1'!$AC:$AC,AD$1,'Data-TSD+1'!$Q:$Q,"Satisfactory (80%)") -> 0 | AF52: =IF(AD52 <> 0,AE52/AD52,"") | AG52: =AG51 -> 0 | AH52: =COUNTIFS('Data-TSD+1'!$AC:$AC,AG$1,'Data-TSD+1'!$Q:$Q,"Satisfactory (80%)") -> 0 | AI52: =IF(AG52 <> 0,AH52/AG52,"") | AJ52: =AJ51 -> 0 | AK52: =COUNTIFS('Data-TSD+1'!$AC:$AC,AJ$1,'Data-TSD+1'!$Q:$Q,"Satisfactory (80%)") -> 0 | AL52: =IF(AJ52 <> 0,AK52/AJ52,"") | AM52: =AM51 -> 0 | AN52: =COUNTIFS('Data-TSD+1'!$AC:$AC,AM$1,'Data-TSD+1'!$Q:$Q,"Satisfactory (80%)") -> 0 | AO52: =IF(AM52 <> 0,AN52/AM52,"")
B53: C) Good - 60% | C53: =C52 -> 1 | D53: =G53+J53+M53+P53+S53+V53+Y53+AB53+AE53+AH53+AK53+AN53 -> 0 | E53: =IF(C53 <> 0,D53/C53,"") -> 0 | F53: =F52 -> 1 | G53: =COUNTIFS('Data-TSD+1'!$AC:$AC,F$1,'Data-TSD+1'!$Q:$Q,"Average (60%)") -> 0 | H53: =IF(F53 <> 0,G53/F53,"") -> 0 | I53: =I52 -> 0 | J53: =COUNTIFS('Data-TSD+1'!$AC:$AC,I$1,'Data-TSD+1'!$Q:$Q,"Average (60%)") -> 0 | K53: =IF(I53 <> 0,J53/I53,"") | L53: =L52 -> 0 | M53: =COUNTIFS('Data-TSD+1'!$AC:$AC,L$1,'Data-TSD+1'!$Q:$Q,"Average (60%)") -> 0 | N53: =IF(L53 <> 0,M53/L53,"") | O53: =O52 -> 0 | P53: =COUNTIFS('Data-TSD+1'!$AC:$AC,O$1,'Data-TSD+1'!$Q:$Q,"Average (60%)") -> 0 | Q53: =IF(O53 <> 0,P53/O53,"") | R53: =R52 -> 0 | S53: =COUNTIFS('Data-TSD+1'!$AC:$AC,R$1,'Data-TSD+1'!$Q:$Q,"Average (60%)") -> 0 | T53: =IF(R53 <> 0,S53/R53,"") | U53: =U52 -> 0 | V53: =COUNTIFS('Data-TSD+1'!$AC:$AC,U$1,'Data-TSD+1'!$Q:$Q,"Average (60%)") -> 0 | W53: =IF(U53 <> 0,V53/U53,"") | X53: =X52 -> 0 | Y53: =COUNTIFS('Data-TSD+1'!$AC:$AC,X$1,'Data-TSD+1'!$Q:$Q,"Average (60%)") -> 0 | Z53: =IF(X53 <> 0,Y53/X53,"") | AA53: =AA52 -> 0 | AB53: =COUNTIFS('Data-TSD+1'!$AC:$AC,AA$1,'Data-TSD+1'!$Q:$Q,"Average (60%)") -> 0 | AC53: =IF(AA53 <> 0,AB53/AA53,"") | AD53: =AD52 -> 0 | AE53: =COUNTIFS('Data-TSD+1'!$AC:$AC,AD$1,'Data-TSD+1'!$Q:$Q,"Average (60%)") -> 0 | AF53: =IF(AD53 <> 0,AE53/AD53,"") | AG53: =AG52 -> 0 | AH53: =COUNTIFS('Data-TSD+1'!$AC:$AC,AG$1,'Data-TSD+1'!$Q:$Q,"Average (60%)") -> 0 | AI53: =IF(AG53 <> 0,AH53/AG53,"") | AJ53: =AJ52 -> 0 | AK53: =COUNTIFS('Data-TSD+1'!$AC:$AC,AJ$1,'Data-TSD+1'!$Q:$Q,"Average (60%)") -> 0 | AL53: =IF(AJ53 <> 0,AK53/AJ53,"") | AM53: =AM52 -> 0 | AN53: =COUNTIFS('Data-TSD+1'!$AC:$AC,AM$1,'Data-TSD+1'!$Q:$Q,"Average (60%)") -> 0 | AO53: =IF(AM53 <> 0,AN53/AM53,"")
B54: d) Fair - 40% | C54: =C53 -> 1 | D54: =G54+J54+M54+P54+S54+V54+Y54+AB54+AE54+AH54+AK54+AN54 -> 0 | E54: =IF(C54 <> 0,D54/C54,"") -> 0 | F54: =F53 -> 1 | G54: =COUNTIFS('Data-TSD+1'!$AC:$AC,F$1,'Data-TSD+1'!$Q:$Q,"Unsatisfactory (40%)") -> 0 | H54: =IF(F54 <> 0,G54/F54,"") -> 0 | I54: =I53 -> 0 | J54: =COUNTIFS('Data-TSD+1'!$AC:$AC,I$1,'Data-TSD+1'!$Q:$Q,"Unsatisfactory (40%)") -> 0 | K54: =IF(I54 <> 0,J54/I54,"") | L54: =L53 -> 0 | M54: =COUNTIFS('Data-TSD+1'!$AC:$AC,L$1,'Data-TSD+1'!$Q:$Q,"Unsatisfactory (40%)") -> 0 | N54: =IF(L54 <> 0,M54/L54,"") | O54: =O53 -> 0 | P54: =COUNTIFS('Data-TSD+1'!$AC:$AC,O$1,'Data-TSD+1'!$Q:$Q,"Unsatisfactory (40%)") -> 0 | Q54: =IF(O54 <> 0,P54/O54,"") | R54: =R53 -> 0 | S54: =COUNTIFS('Data-TSD+1'!$AC:$AC,R$1,'Data-TSD+1'!$Q:$Q,"Unsatisfactory (40%)") -> 0 | T54: =IF(R54 <> 0,S54/R54,"") | U54: =U53 -> 0 | V54: =COUNTIFS('Data-TSD+1'!$AC:$AC,U$1,'Data-TSD+1'!$Q:$Q,"Unsatisfactory (40%)") -> 0 | W54: =IF(U54 <> 0,V54/U54,"") | X54: =X53 -> 0 | Y54: =COUNTIFS('Data-TSD+1'!$AC:$AC,X$1,'Data-TSD+1'!$Q:$Q,"Unsatisfactory (40%)") -> 0 | Z54: =IF(X54 <> 0,Y54/X54,"") | AA54: =AA53 -> 0 | AB54: =COUNTIFS('Data-TSD+1'!$AC:$AC,AA$1,'Data-TSD+1'!$Q:$Q,"Unsatisfactory (40%)") -> 0 | AC54: =IF(AA54 <> 0,AB54/AA54,"") | AD54: =AD53 -> 0 | AE54: =COUNTIFS('Data-TSD+1'!$AC:$AC,AD$1,'Data-TSD+1'!$Q:$Q,"Unsatisfactory (40%)") -> 0 | AF54: =IF(AD54 <> 0,AE54/AD54,"") | AG54: =AG53 -> 0 | AH54: =COUNTIFS('Data-TSD+1'!$AC:$AC,AG$1,'Data-TSD+1'!$Q:$Q,"Unsatisfactory (40%)") -> 0 | AI54: =IF(AG54 <> 0,AH54/AG54,"") | AJ54: =AJ53 -> 0 | AK54: =COUNTIFS('Data-TSD+1'!$AC:$AC,AJ$1,'Data-TSD+1'!$Q:$Q,"Unsatisfactory (40%)") -> 0 | AL54: =IF(AJ54 <> 0,AK54/AJ54,"") | AM54: =AM53 -> 0 | AN54: =COUNTIFS('Data-TSD+1'!$AC:$AC,AM$1,'Data-TSD+1'!$Q:$Q,"Unsatisfactory (40%)") -> 0 | AO54: =IF(AM54 <> 0,AN54/AM54,"")
B55: e) Poor - 20% | C55: =C54 -> 1 | D55: =G55+J55+M55+P55+S55+V55+Y55+AB55+AE55+AH55+AK55+AN55 -> 0 | E55: =IF(C55 <> 0,D55/C55,"") -> 0 | F55: =F54 -> 1 | G55: =COUNTIFS('Data-TSD+1'!$AC:$AC,F$1,'Data-TSD+1'!$Q:$Q,"Very unsatisfactory (20%)") -> 0 | H55: =IF(F55 <> 0,G55/F55,"") -> 0 | I55: =I54 -> 0 | J55: =COUNTIFS('Data-TSD+1'!$AC:$AC,I$1,'Data-TSD+1'!$Q:$Q,"Very unsatisfactory (20%)") -> 0 | K55: =IF(I55 <> 0,J55/I55,"") | L55: =L54 -> 0 | M55: =COUNTIFS('Data-TSD+1'!$AC:$AC,L$1,'Data-TSD+1'!$Q:$Q,"Very unsatisfactory (20%)") -> 0 | N55: =IF(L55 <> 0,M55/L55,"") | O55: =O54 -> 0 | P55: =COUNTIFS('Data-TSD+1'!$AC:$AC,O$1,'Data-TSD+1'!$Q:$Q,"Very unsatisfactory (20%)") -> 0 | Q55: =IF(O55 <> 0,P55/O55,"") | R55: =R54 -> 0 | S55: =COUNTIFS('Data-TSD+1'!$AC:$AC,R$1,'Data-TSD+1'!$Q:$Q,"Very unsatisfactory (20%)") -> 0 | T55: =IF(R55 <> 0,S55/R55,"") | U55: =U54 -> 0 | V55: =COUNTIFS('Data-TSD+1'!$AC:$AC,U$1,'Data-TSD+1'!$Q:$Q,"Very unsatisfactory (20%)") -> 0 | W55: =IF(U55 <> 0,V55/U55,"") | X55: =X54 -> 0 | Y55: =COUNTIFS('Data-TSD+1'!$AC:$AC,X$1,'Data-TSD+1'!$Q:$Q,"Very unsatisfactory (20%)") -> 0 | Z55: =IF(X55 <> 0,Y55/X55,"") | AA55: =AA54 -> 0 | AB55: =COUNTIFS('Data-TSD+1'!$AC:$AC,AA$1,'Data-TSD+1'!$Q:$Q,"Very unsatisfactory (20%)") -> 0 | AC55: =IF(AA55 <> 0,AB55/AA55,"") | AD55: =AD54 -> 0 | AE55: =COUNTIFS('Data-TSD+1'!$AC:$AC,AD$1,'Data-TSD+1'!$Q:$Q,"Very unsatisfactory (20%)") -> 0 | AF55: =IF(AD55 <> 0,AE55/AD55,"") | AG55: =AG54 -> 0 | AH55: =COUNTIFS('Data-TSD+1'!$AC:$AC,AG$1,'Data-TSD+1'!$Q:$Q,"Very unsatisfactory (20%)") -> 0 | AI55: =IF(AG55 <> 0,AH55/AG55,"") | AJ55: =AJ54 -> 0 | AK55: =COUNTIFS('Data-TSD+1'!$AC:$AC,AJ$1,'Data-TSD+1'!$Q:$Q,"Very unsatisfactory (20%)") -> 0 | AL55: =IF(AJ55 <> 0,AK55/AJ55,"") | AM55: =AM54 -> 0 | AN55: =COUNTIFS('Data-TSD+1'!$AC:$AC,AM$1,'Data-TSD+1'!$Q:$Q,"Very unsatisfactory (20%)") -> 0 | AO55: =IF(AM55 <> 0,AN55/AM55,"")
A56: 10 | B56: TSD+1: Satisfaction with overall services at AyurVAID Hospitals
B57: a) Excellent - 100% | C57: =COUNTIF('Data-TSD+1'!$R:$R,"<>" & "")-1 -> 1 | D57: =G57+J57+M57+P57+S57+V57+Y57+AB57+AE57+AH57+AK57+AN57 -> 1 | E57: =IF(C57 <> 0,D57/C57,"") -> 1 | F57: =COUNTIFS('Data-TSD+1'!$AC:$AC,F$1,'Data-TSD+1'!$R:$R,"<>" & "") -> 1 | G57: =COUNTIFS('Data-TSD+1'!$AC:$AC,F$1,'Data-TSD+1'!$R:$R,"Very satisfactory (100%)") -> 1 | H57: =IF(F57 <> 0,G57/F57,"") -> 1 | I57: =COUNTIFS('Data-TSD+1'!$AC:$AC,I$1,'Data-TSD+1'!$R:$R,"<>" & "") -> 0 | J57: =COUNTIFS('Data-TSD+1'!$AC:$AC,I$1,'Data-TSD+1'!$R:$R,"Very satisfactory (100%)") -> 0 | K57: =IF(I57 <> 0,J57/I57,"") | L57: =COUNTIFS('Data-TSD+1'!$AC:$AC,L$1,'Data-TSD+1'!$R:$R,"<>" & "") -> 0 | M57: =COUNTIFS('Data-TSD+1'!$AC:$AC,L$1,'Data-TSD+1'!$R:$R,"Very satisfactory (100%)") -> 0 | N57: =IF(L57 <> 0,M57/L57,"") | O57: =COUNTIFS('Data-TSD+1'!$AC:$AC,O$1,'Data-TSD+1'!$R:$R,"<>" & "") -> 0 | P57: =COUNTIFS('Data-TSD+1'!$AC:$AC,O$1,'Data-TSD+1'!$R:$R,"Very satisfactory (100%)") -> 0 | Q57: =IF(O57 <> 0,P57/O57,"") | R57: =COUNTIFS('Data-TSD+1'!$AC:$AC,R$1,'Data-TSD+1'!$R:$R,"<>" & "") -> 0 | S57: =COUNTIFS('Data-TSD+1'!$AC:$AC,R$1,'Data-TSD+1'!$R:$R,"Very satisfactory (100%)") -> 0 | T57: =IF(R57 <> 0,S57/R57,"") | U57: =COUNTIFS('Data-TSD+1'!$AC:$AC,U$1,'Data-TSD+1'!$R:$R,"<>" & "") -> 0 | V57: =COUNTIFS('Data-TSD+1'!$AC:$AC,U$1,'Data-TSD+1'!$R:$R,"Very satisfactory (100%)") -> 0 | W57: =IF(U57 <> 0,V57/U57,"") | X57: =COUNTIFS('Data-TSD+1'!$AC:$AC,X$1,'Data-TSD+1'!$R:$R,"<>" & "") -> 0 | Y57: =COUNTIFS('Data-TSD+1'!$AC:$AC,X$1,'Data-TSD+1'!$R:$R,"Very satisfactory (100%)") -> 0 | Z57: =IF(X57 <> 0,Y57/X57,"") | AA57: =COUNTIFS('Data-TSD+1'!$AC:$AC,AA$1,'Data-TSD+1'!$R:$R,"<>" & "") -> 0 | AB57: =COUNTIFS('Data-TSD+1'!$AC:$AC,AA$1,'Data-TSD+1'!$R:$R,"Very satisfactory (100%)") -> 0 | AC57: =IF(AA57 <> 0,AB57/AA57,"") | AD57: =COUNTIFS('Data-TSD+1'!$AC:$AC,AD$1,'Data-TSD+1'!$R:$R,"<>" & "") -> 0 | AE57: =COUNTIFS('Data-TSD+1'!$AC:$AC,AD$1,'Data-TSD+1'!$R:$R,"Very satisfactory (100%)") -> 0 | AF57: =IF(AD57 <> 0,AE57/AD57,"") | AG57: =COUNTIFS('Data-TSD+1'!$AC:$AC,AG$1,'Data-TSD+1'!$R:$R,"<>" & "") -> 0 | AH57: =COUNTIFS('Data-TSD+1'!$AC:$AC,AG$1,'Data-TSD+1'!$R:$R,"Very satisfactory (100%)") -> 0 | AI57: =IF(AG57 <> 0,AH57/AG57,"") | AJ57: =COUNTIFS('Data-TSD+1'!$AC:$AC,AJ$1,'Data-TSD+1'!$R:$R,"<>" & "") -> 0 | AK57: =COUNTIFS('Data-TSD+1'!$AC:$AC,AJ$1,'Data-TSD+1'!$R:$R,"Very satisfactory (100%)") -> 0 | AL57: =IF(AJ57 <> 0,AK57/AJ57,"") | AM57: =COUNTIFS('Data-TSD+1'!$AC:$AC,AM$1,'Data-TSD+1'!$R:$R,"<>" & "") -> 0 | AN57: =COUNTIFS('Data-TSD+1'!$AC:$AC,AM$1,'Data-TSD+1'!$R:$R,"Very satisfactory (100%)") -> 0 | AO57: =IF(AM57 <> 0,AN57/AM57,"")
B58: b) V.Good - 80% | C58: =C57 -> 1 | D58: =G58+J58+M58+P58+S58+V58+Y58+AB58+AE58+AH58+AK58+AN58 -> 0 | E58: =IF(C58 <> 0,D58/C58,"") -> 0 | F58: =F57 -> 1 | G58: =COUNTIFS('Data-TSD+1'!$AC:$AC,F$1,'Data-TSD+1'!$R:$R,"Satisfactory (80%)") -> 0 | H58: =IF(F58 <> 0,G58/F58,"") -> 0 | I58: =I57 -> 0 | J58: =COUNTIFS('Data-TSD+1'!$AC:$AC,I$1,'Data-TSD+1'!$R:$R,"Satisfactory (80%)") -> 0 | K58: =IF(I58 <> 0,J58/I58,"") | L58: =L57 -> 0 | M58: =COUNTIFS('Data-TSD+1'!$AC:$AC,L$1,'Data-TSD+1'!$R:$R,"Satisfactory (80%)") -> 0 | N58: =IF(L58 <> 0,M58/L58,"") | O58: =O57 -> 0 | P58: =COUNTIFS('Data-TSD+1'!$AC:$AC,O$1,'Data-TSD+1'!$R:$R,"Satisfactory (80%)") -> 0 | Q58: =IF(O58 <> 0,P58/O58,"") | R58: =R57 -> 0 | S58: =COUNTIFS('Data-TSD+1'!$AC:$AC,R$1,'Data-TSD+1'!$R:$R,"Satisfactory (80%)") -> 0 | T58: =IF(R58 <> 0,S58/R58,"") | U58: =U57 -> 0 | V58: =COUNTIFS('Data-TSD+1'!$AC:$AC,U$1,'Data-TSD+1'!$R:$R,"Satisfactory (80%)") -> 0 | W58: =IF(U58 <> 0,V58/U58,"") | X58: =X57 -> 0 | Y58: =COUNTIFS('Data-TSD+1'!$AC:$AC,X$1,'Data-TSD+1'!$R:$R,"Satisfactory (80%)") -> 0 | Z58: =IF(X58 <> 0,Y58/X58,"") | AA58: =AA57 -> 0 | AB58: =COUNTIFS('Data-TSD+1'!$AC:$AC,AA$1,'Data-TSD+1'!$R:$R,"Satisfactory (80%)") -> 0 | AC58: =IF(AA58 <> 0,AB58/AA58,"") | AD58: =AD57 -> 0 | AE58: =COUNTIFS('Data-TSD+1'!$AC:$AC,AD$1,'Data-TSD+1'!$R:$R,"Satisfactory (80%)") -> 0 | AF58: =IF(AD58 <> 0,AE58/AD58,"") | AG58: =AG57 -> 0 | AH58: =COUNTIFS('Data-TSD+1'!$AC:$AC,AG$1,'Data-TSD+1'!$R:$R,"Satisfactory (80%)") -> 0 | AI58: =IF(AG58 <> 0,AH58/AG58,"") | AJ58: =AJ57 -> 0 | AK58: =COUNTIFS('Data-TSD+1'!$AC:$AC,AJ$1,'Data-TSD+1'!$R:$R,"Satisfactory (80%)") -> 0 | AL58: =IF(AJ58 <> 0,AK58/AJ58,"") | AM58: =AM57 -> 0 | AN58: =COUNTIFS('Data-TSD+1'!$AC:$AC,AM$1,'Data-TSD+1'!$R:$R,"Satisfactory (80%)") -> 0 | AO58: =IF(AM58 <> 0,AN58/AM58,"")
B59: C) Good - 60% | C59: =C58 -> 1 | D59: =G59+J59+M59+P59+S59+V59+Y59+AB59+AE59+AH59+AK59+AN59 -> 0 | E59: =IF(C59 <> 0,D59/C59,"") -> 0 | F59: =F58 -> 1 | G59: =COUNTIFS('Data-TSD+1'!$AC:$AC,F$1,'Data-TSD+1'!$R:$R,"Average (60%)") -> 0 | H59: =IF(F59 <> 0,G59/F59,"") -> 0 | I59: =I58 -> 0 | J59: =COUNTIFS('Data-TSD+1'!$AC:$AC,I$1,'Data-TSD+1'!$R:$R,"Average (60%)") -> 0 | K59: =IF(I59 <> 0,J59/I59,"") | L59: =L58 -> 0 | M59: =COUNTIFS('Data-TSD+1'!$AC:$AC,L$1,'Data-TSD+1'!$R:$R,"Average (60%)") -> 0 | N59: =IF(L59 <> 0,M59/L59,"") | O59: =O58 -> 0 | P59: =COUNTIFS('Data-TSD+1'!$AC:$AC,O$1,'Data-TSD+1'!$R:$R,"Average (60%)") -> 0 | Q59: =IF(O59 <> 0,P59/O59,"") | R59: =R58 -> 0 | S59: =COUNTIFS('Data-TSD+1'!$AC:$AC,R$1,'Data-TSD+1'!$R:$R,"Average (60%)") -> 0 | T59: =IF(R59 <> 0,S59/R59,"") | U59: =U58 -> 0 | V59: =COUNTIFS('Data-TSD+1'!$AC:$AC,U$1,'Data-TSD+1'!$R:$R,"Average (60%)") -> 0 | W59: =IF(U59 <> 0,V59/U59,"") | X59: =X58 -> 0 | Y59: =COUNTIFS('Data-TSD+1'!$AC:$AC,X$1,'Data-TSD+1'!$R:$R,"Average (60%)") -> 0 | Z59: =IF(X59 <> 0,Y59/X59,"") | AA59: =AA58 -> 0 | AB59: =COUNTIFS('Data-TSD+1'!$AC:$AC,AA$1,'Data-TSD+1'!$R:$R,"Average (60%)") -> 0 | AC59: =IF(AA59 <> 0,AB59/AA59,"") | AD59: =AD58 -> 0 | AE59: =COUNTIFS('Data-TSD+1'!$AC:$AC,AD$1,'Data-TSD+1'!$R:$R,"Average (60%)") -> 0 | AF59: =IF(AD59 <> 0,AE59/AD59,"") | AG59: =AG58 -> 0 | AH59: =COUNTIFS('Data-TSD+1'!$AC:$AC,AG$1,'Data-TSD+1'!$R:$R,"Average (60%)") -> 0 | AI59: =IF(AG59 <> 0,AH59/AG59,"") | AJ59: =AJ58 -> 0 | AK59: =COUNTIFS('Data-TSD+1'!$AC:$AC,AJ$1,'Data-TSD+1'!$R:$R,"Average (60%)") -> 0 | AL59: =IF(AJ59 <> 0,AK59/AJ59,"") | AM59: =AM58 -> 0 | AN59: =COUNTIFS('Data-TSD+1'!$AC:$AC,AM$1,'Data-TSD+1'!$R:$R,"Average (60%)") -> 0 | AO59: =IF(AM59 <> 0,AN59/AM59,"")
B60: d) Fair - 40% | C60: =C59 -> 1 | D60: =G60+J60+M60+P60+S60+V60+Y60+AB60+AE60+AH60+AK60+AN60 -> 0 | E60: =IF(C60 <> 0,D60/C60,"") -> 0 | F60: =F59 -> 1 | G60: =COUNTIFS('Data-TSD+1'!$AC:$AC,F$1,'Data-TSD+1'!$R:$R,"Unsatisfactory (40%)") -> 0 | H60: =IF(F60 <> 0,G60/F60,"") -> 0 | I60: =I59 -> 0 | J60: =COUNTIFS('Data-TSD+1'!$AC:$AC,I$1,'Data-TSD+1'!$R:$R,"Unsatisfactory (40%)") -> 0 | K60: =IF(I60 <> 0,J60/I60,"") | L60: =L59 -> 0 | M60: =COUNTIFS('Data-TSD+1'!$AC:$AC,L$1,'Data-TSD+1'!$R:$R,"Unsatisfactory (40%)") -> 0 | N60: =IF(L60 <> 0,M60/L60,"") | O60: =O59 -> 0 | P60: =COUNTIFS('Data-TSD+1'!$AC:$AC,O$1,'Data-TSD+1'!$R:$R,"Unsatisfactory (40%)") -> 0 | Q60: =IF(O60 <> 0,P60/O60,"") | R60: =R59 -> 0 | S60: =COUNTIFS('Data-TSD+1'!$AC:$AC,R$1,'Data-TSD+1'!$R:$R,"Unsatisfactory (40%)") -> 0 | T60: =IF(R60 <> 0,S60/R60,"") | U60: =U59 -> 0 | V60: =COUNTIFS('Data-TSD+1'!$AC:$AC,U$1,'Data-TSD+1'!$R:$R,"Unsatisfactory (40%)") -> 0 | W60: =IF(U60 <> 0,V60/U60,"") | X60: =X59 -> 0 | Y60: =COUNTIFS('Data-TSD+1'!$AC:$AC,X$1,'Data-TSD+1'!$R:$R,"Unsatisfactory (40%)") -> 0 | Z60: =IF(X60 <> 0,Y60/X60,"") | AA60: =AA59 -> 0 | AB60: =COUNTIFS('Data-TSD+1'!$AC:$AC,AA$1,'Data-TSD+1'!$R:$R,"Unsatisfactory (40%)") -> 0 | AC60: =IF(AA60 <> 0,AB60/AA60,"") | AD60: =AD59 -> 0 | AE60: =COUNTIFS('Data-TSD+1'!$AC:$AC,AD$1,'Data-TSD+1'!$R:$R,"Unsatisfactory (40%)") -> 0 | AF60: =IF(AD60 <> 0,AE60/AD60,"") | AG60: =AG59 -> 0 | AH60: =COUNTIFS('Data-TSD+1'!$AC:$AC,AG$1,'Data-TSD+1'!$R:$R,"Unsatisfactory (40%)") -> 0 | AI60: =IF(AG60 <> 0,AH60/AG60,"") | AJ60: =AJ59 -> 0 | AK60: =COUNTIFS('Data-TSD+1'!$AC:$AC,AJ$1,'Data-TSD+1'!$R:$R,"Unsatisfactory (40%)") -> 0 | AL60: =IF(AJ60 <> 0,AK60/AJ60,"") | AM60: =AM59 -> 0 | AN60: =COUNTIFS('Data-TSD+1'!$AC:$AC,AM$1,'Data-TSD+1'!$R:$R,"Unsatisfactory (40%)") -> 0 | AO60: =IF(AM60 <> 0,AN60/AM60,"")
B61: e) Poor - 20% | C61: =C60 -> 1 | D61: =G61+J61+M61+P61+S61+V61+Y61+AB61+AE61+AH61+AK61+AN61 -> 0 | E61: =IF(C61 <> 0,D61/C61,"") -> 0 | F61: =F60 -> 1 | G61: =COUNTIFS('Data-TSD+1'!$AC:$AC,F$1,'Data-TSD+1'!$R:$R,"Very unsatisfactory (20%)") -> 0 | H61: =IF(F61 <> 0,G61/F61,"") -> 0 | I61: =I60 -> 0 | J61: =COUNTIFS('Data-TSD+1'!$AC:$AC,I$1,'Data-TSD+1'!$R:$R,"Very unsatisfactory (20%)") -> 0 | K61: =IF(I61 <> 0,J61/I61,"") | L61: =L60 -> 0 | M61: =COUNTIFS('Data-TSD+1'!$AC:$AC,L$1,'Data-TSD+1'!$R:$R,"Very unsatisfactory (20%)") -> 0 | N61: =IF(L61 <> 0,M61/L61,"") | O61: =O60 -> 0 | P61: =COUNTIFS('Data-TSD+1'!$AC:$AC,O$1,'Data-TSD+1'!$R:$R,"Very unsatisfactory (20%)") -> 0 | Q61: =IF(O61 <> 0,P61/O61,"") | R61: =R60 -> 0 | S61: =COUNTIFS('Data-TSD+1'!$AC:$AC,R$1,'Data-TSD+1'!$R:$R,"Very unsatisfactory (20%)") -> 0 | T61: =IF(R61 <> 0,S61/R61,"") | U61: =U60 -> 0 | V61: =COUNTIFS('Data-TSD+1'!$AC:$AC,U$1,'Data-TSD+1'!$R:$R,"Very unsatisfactory (20%)") -> 0 | W61: =IF(U61 <> 0,V61/U61,"") | X61: =X60 -> 0 | Y61: =COUNTIFS('Data-TSD+1'!$AC:$AC,X$1,'Data-TSD+1'!$R:$R,"Very unsatisfactory (20%)") -> 0 | Z61: =IF(X61 <> 0,Y61/X61,"") | AA61: =AA60 -> 0 | AB61: =COUNTIFS('Data-TSD+1'!$AC:$AC,AA$1,'Data-TSD+1'!$R:$R,"Very unsatisfactory (20%)") -> 0 | AC61: =IF(AA61 <> 0,AB61/AA61,"") | AD61: =AD60 -> 0 | AE61: =COUNTIFS('Data-TSD+1'!$AC:$AC,AD$1,'Data-TSD+1'!$R:$R,"Very unsatisfactory (20%)") -> 0 | AF61: =IF(AD61 <> 0,AE61/AD61,"") | AG61: =AG60 -> 0 | AH61: =COUNTIFS('Data-TSD+1'!$AC:$AC,AG$1,'Data-TSD+1'!$R:$R,"Very unsatisfactory (20%)") -> 0 | AI61: =IF(AG61 <> 0,AH61/AG61,"") | AJ61: =AJ60 -> 0 | AK61: =COUNTIFS('Data-TSD+1'!$AC:$AC,AJ$1,'Data-TSD+1'!$R:$R,"Very unsatisfactory (20%)") -> 0 | AL61: =IF(AJ61 <> 0,AK61/AJ61,"") | AM61: =AM60 -> 0 | AN61: =COUNTIFS('Data-TSD+1'!$AC:$AC,AM$1,'Data-TSD+1'!$R:$R,"Very unsatisfactory (20%)") -> 0 | AO61: =IF(AM61 <> 0,AN61/AM61,"")
A62: 11 | B62: TED-1: Satisfaction with Primary Physician
B63: a) Excellent - 100% | C63: =COUNTIF('Data-TED-1'!$G:$G,"<>" & "")-1 -> 1 | D63: =G63+J63+M63+P63+S63+V63+Y63+AB63+AE63+AH63+AK63+AN63 -> 0 | E63: =IF(C63 <> 0,D63/C63,"") -> 0 | F63: =COUNTIFS('Data-TED-1'!$AH:$AH,F$1,'Data-TED-1'!$G:$G,"<>" & "") -> 0 | G63: =COUNTIFS('Data-TED-1'!$AH:$AH,F$1,'Data-TED-1'!$G:$G,"Very satisfactory (100%)") -> 0 | H63: =IF(F63 <> 0,G63/F63,"") | I63: =COUNTIFS('Data-TED-1'!$AH:$AH,I$1,'Data-TED-1'!$G:$G,"<>" & "") -> 0 | J63: =COUNTIFS('Data-TED-1'!$AH:$AH,I$1,'Data-TED-1'!$G:$G,"Very satisfactory (100%)") -> 0 | K63: =IF(I63 <> 0,J63/I63,"") | L63: =COUNTIFS('Data-TED-1'!$AH:$AH,L$1,'Data-TED-1'!$G:$G,"<>" & "") -> 0 | M63: =COUNTIFS('Data-TED-1'!$AH:$AH,L$1,'Data-TED-1'!$G:$G,"Very satisfactory (100%)") -> 0 | N63: =IF(L63 <> 0,M63/L63,"") | O63: =COUNTIFS('Data-TED-1'!$AH:$AH,O$1,'Data-TED-1'!$G:$G,"<>" & "") -> 0 | P63: =COUNTIFS('Data-TED-1'!$AH:$AH,O$1,'Data-TED-1'!$G:$G,"Very satisfactory (100%)") -> 0 | Q63: =IF(O63 <> 0,P63/O63,"") | R63: =COUNTIFS('Data-TED-1'!$AH:$AH,R$1,'Data-TED-1'!$G:$G,"<>" & "") -> 0 | S63: =COUNTIFS('Data-TED-1'!$AH:$AH,R$1,'Data-TED-1'!$G:$G,"Very satisfactory (100%)") -> 0 | T63: =IF(R63 <> 0,S63/R63,"") | U63: =COUNTIFS('Data-TED-1'!$AH:$AH,U$1,'Data-TED-1'!$G:$G,"<>" & "") -> 0 | V63: =COUNTIFS('Data-TED-1'!$AH:$AH,U$1,'Data-TED-1'!$G:$G,"Very satisfactory (100%)") -> 0 | W63: =IF(U63 <> 0,V63/U63,"") | X63: =COUNTIFS('Data-TED-1'!$AH:$AH,X$1,'Data-TED-1'!$G:$G,"<>" & "") -> 0 | Y63: =COUNTIFS('Data-TED-1'!$AH:$AH,X$1,'Data-TED-1'!$G:$G,"Very satisfactory (100%)") -> 0 | Z63: =IF(X63 <> 0,Y63/X63,"") | AA63: =COUNTIFS('Data-TED-1'!$AH:$AH,AA$1,'Data-TED-1'!$G:$G,"<>" & "") -> 0 | AB63: =COUNTIFS('Data-TED-1'!$AH:$AH,AA$1,'Data-TED-1'!$G:$G,"Very satisfactory (100%)") -> 0 | AC63: =IF(AA63 <> 0,AB63/AA63,"") | AD63: =COUNTIFS('Data-TED-1'!$AH:$AH,AD$1,'Data-TED-1'!$G:$G,"<>" & "") -> 1 | AE63: =COUNTIFS('Data-TED-1'!$AH:$AH,AD$1,'Data-TED-1'!$G:$G,"Very satisfactory (100%)") -> 0 | AF63: =IF(AD63 <> 0,AE63/AD63,"") -> 0 | AG63: =COUNTIFS('Data-TED-1'!$AH:$AH,AG$1,'Data-TED-1'!$G:$G,"<>" & "") -> 0 | AH63: =COUNTIFS('Data-TED-1'!$AH:$AH,AG$1,'Data-TED-1'!$G:$G,"Very satisfactory (100%)") -> 0 | AI63: =IF(AG63 <> 0,AH63/AG63,"") | AJ63: =COUNTIFS('Data-TED-1'!$AH:$AH,AJ$1,'Data-TED-1'!$G:$G,"<>" & "") -> 0 | AK63: =COUNTIFS('Data-TED-1'!$AH:$AH,AJ$1,'Data-TED-1'!$G:$G,"Very satisfactory (100%)") -> 0 | AL63: =IF(AJ63 <> 0,AK63/AJ63,"") | AM63: =COUNTIFS('Data-TED-1'!$AH:$AH,AM$1,'Data-TED-1'!$G:$G,"<>" & "") -> 0 | AN63: =COUNTIFS('Data-TED-1'!$AH:$AH,AM$1,'Data-TED-1'!$G:$G,"Very satisfactory (100%)") -> 0 | AO63: =IF(AM63 <> 0,AN63/AM63,"")
B64: b) V.Good - 80% | C64: =C63 -> 1 | D64: =G64+J64+M64+P64+S64+V64+Y64+AB64+AE64+AH64+AK64+AN64 -> 1 | E64: =IF(C64 <> 0,D64/C64,"") -> 1 | F64: =F63 -> 0 | G64: =COUNTIFS('Data-TED-1'!$AH:$AH,F$1,'Data-TED-1'!$G:$G,"Satisfactory (80%)") -> 0 | H64: =IF(F64 <> 0,G64/F64,"") | I64: =I63 -> 0 | J64: =COUNTIFS('Data-TED-1'!$AH:$AH,I$1,'Data-TED-1'!$G:$G,"Satisfactory (80%)") -> 0 | K64: =IF(I64 <> 0,J64/I64,"") | L64: =L63 -> 0 | M64: =COUNTIFS('Data-TED-1'!$AH:$AH,L$1,'Data-TED-1'!$G:$G,"Satisfactory (80%)") -> 0 | N64: =IF(L64 <> 0,M64/L64,"") | O64: =O63 -> 0 | P64: =COUNTIFS('Data-TED-1'!$AH:$AH,O$1,'Data-TED-1'!$G:$G,"Satisfactory (80%)") -> 0 | Q64: =IF(O64 <> 0,P64/O64,"") | R64: =R63 -> 0 | S64: =COUNTIFS('Data-TED-1'!$AH:$AH,R$1,'Data-TED-1'!$G:$G,"Satisfactory (80%)") -> 0 | T64: =IF(R64 <> 0,S64/R64,"") | U64: =U63 -> 0 | V64: =COUNTIFS('Data-TED-1'!$AH:$AH,U$1,'Data-TED-1'!$G:$G,"Satisfactory (80%)") -> 0 | W64: =IF(U64 <> 0,V64/U64,"") | X64: =X63 -> 0 | Y64: =COUNTIFS('Data-TED-1'!$AH:$AH,X$1,'Data-TED-1'!$G:$G,"Satisfactory (80%)") -> 0 | Z64: =IF(X64 <> 0,Y64/X64,"") | AA64: =AA63 -> 0 | AB64: =COUNTIFS('Data-TED-1'!$AH:$AH,AA$1,'Data-TED-1'!$G:$G,"Satisfactory (80%)") -> 0 | AC64: =IF(AA64 <> 0,AB64/AA64,"") | AD64: =AD63 -> 1 | AE64: =COUNTIFS('Data-TED-1'!$AH:$AH,AD$1,'Data-TED-1'!$G:$G,"Satisfactory (80%)") -> 1 | AF64: =IF(AD64 <> 0,AE64/AD64,"") -> 1 | AG64: =AG63 -> 0 | AH64: =COUNTIFS('Data-TED-1'!$AH:$AH,AG$1,'Data-TED-1'!$G:$G,"Satisfactory (80%)") -> 0 | AI64: =IF(AG64 <> 0,AH64/AG64,"") | AJ64: =AJ63 -> 0 | AK64: =COUNTIFS('Data-TED-1'!$AH:$AH,AJ$1,'Data-TED-1'!$G:$G,"Satisfactory (80%)") -> 0 | AL64: =IF(AJ64 <> 0,AK64/AJ64,"") | AM64: =AM63 -> 0 | AN64: =COUNTIFS('Data-TED-1'!$AH:$AH,AM$1,'Data-TED-1'!$G:$G,"Satisfactory (80%)") -> 0 | AO64: =IF(AM64 <> 0,AN64/AM64,"")
B65: C) Good - 60% | C65: =C64 -> 1 | D65: =G65+J65+M65+P65+S65+V65+Y65+AB65+AE65+AH65+AK65+AN65 -> 0 | E65: =IF(C65 <> 0,D65/C65,"") -> 0 | F65: =F64 -> 0 | G65: =COUNTIFS('Data-TED-1'!$AH:$AH,F$1,'Data-TED-1'!$G:$G,"Average (60%)") -> 0 | H65: =IF(F65 <> 0,G65/F65,"") | I65: =I64 -> 0 | J65: =COUNTIFS('Data-TED-1'!$AH:$AH,I$1,'Data-TED-1'!$G:$G,"Average (60%)") -> 0 | K65: =IF(I65 <> 0,J65/I65,"") | L65: =L64 -> 0 | M65: =COUNTIFS('Data-TED-1'!$AH:$AH,L$1,'Data-TED-1'!$G:$G,"Average (60%)") -> 0 | N65: =IF(L65 <> 0,M65/L65,"") | O65: =O64 -> 0 | P65: =COUNTIFS('Data-TED-1'!$AH:$AH,O$1,'Data-TED-1'!$G:$G,"Average (60%)") -> 0 | Q65: =IF(O65 <> 0,P65/O65,"") | R65: =R64 -> 0 | S65: =COUNTIFS('Data-TED-1'!$AH:$AH,R$1,'Data-TED-1'!$G:$G,"Average (60%)") -> 0 | T65: =IF(R65 <> 0,S65/R65,"") | U65: =U64 -> 0 | V65: =COUNTIFS('Data-TED-1'!$AH:$AH,U$1,'Data-TED-1'!$G:$G,"Average (60%)") -> 0 | W65: =IF(U65 <> 0,V65/U65,"") | X65: =X64 -> 0 | Y65: =COUNTIFS('Data-TED-1'!$AH:$AH,X$1,'Data-TED-1'!$G:$G,"Average (60%)") -> 0 | Z65: =IF(X65 <> 0,Y65/X65,"") | AA65: =AA64 -> 0 | AB65: =COUNTIFS('Data-TED-1'!$AH:$AH,AA$1,'Data-TED-1'!$G:$G,"Average (60%)") -> 0 | AC65: =IF(AA65 <> 0,AB65/AA65,"") | AD65: =AD64 -> 1 | AE65: =COUNTIFS('Data-TED-1'!$AH:$AH,AD$1,'Data-TED-1'!$G:$G,"Average (60%)") -> 0 | AF65: =IF(AD65 <> 0,AE65/AD65,"") -> 0 | AG65: =AG64 -> 0 | AH65: =COUNTIFS('Data-TED-1'!$AH:$AH,AG$1,'Data-TED-1'!$G:$G,"Average (60%)") -> 0 | AI65: =IF(AG65 <> 0,AH65/AG65,"") | AJ65: =AJ64 -> 0 | AK65: =COUNTIFS('Data-TED-1'!$AH:$AH,AJ$1,'Data-TED-1'!$G:$G,"Average (60%)") -> 0 | AL65: =IF(AJ65 <> 0,AK65/AJ65,"") | AM65: =AM64 -> 0 | AN65: =COUNTIFS('Data-TED-1'!$AH:$AH,AM$1,'Data-TED-1'!$G:$G,"Average (60%)") -> 0 | AO65: =IF(AM65 <> 0,AN65/AM65,"")
B66: d) Fair - 40% | C66: =C65 -> 1 | D66: =G66+J66+M66+P66+S66+V66+Y66+AB66+AE66+AH66+AK66+AN66 -> 0 | E66: =IF(C66 <> 0,D66/C66,"") -> 0 | F66: =F65 -> 0 | G66: =COUNTIFS('Data-TED-1'!$AH:$AH,F$1,'Data-TED-1'!$G:$G,"Unsatisfactory (40%)") -> 0 | H66: =IF(F66 <> 0,G66/F66,"") | I66: =I65 -> 0 | J66: =COUNTIFS('Data-TED-1'!$AH:$AH,I$1,'Data-TED-1'!$G:$G,"Unsatisfactory (40%)") -> 0 | K66: =IF(I66 <> 0,J66/I66,"") | L66: =L65 -> 0 | M66: =COUNTIFS('Data-TED-1'!$AH:$AH,L$1,'Data-TED-1'!$G:$G,"Unsatisfactory (40%)") -> 0 | N66: =IF(L66 <> 0,M66/L66,"") | O66: =O65 -> 0 | P66: =COUNTIFS('Data-TED-1'!$AH:$AH,O$1,'Data-TED-1'!$G:$G,"Unsatisfactory (40%)") -> 0 | Q66: =IF(O66 <> 0,P66/O66,"") | R66: =R65 -> 0 | S66: =COUNTIFS('Data-TED-1'!$AH:$AH,R$1,'Data-TED-1'!$G:$G,"Unsatisfactory (40%)") -> 0 | T66: =IF(R66 <> 0,S66/R66,"") | U66: =U65 -> 0 | V66: =COUNTIFS('Data-TED-1'!$AH:$AH,U$1,'Data-TED-1'!$G:$G,"Unsatisfactory (40%)") -> 0 | W66: =IF(U66 <> 0,V66/U66,"") | X66: =X65 -> 0 | Y66: =COUNTIFS('Data-TED-1'!$AH:$AH,X$1,'Data-TED-1'!$G:$G,"Unsatisfactory (40%)") -> 0 | Z66: =IF(X66 <> 0,Y66/X66,"") | AA66: =AA65 -> 0 | AB66: =COUNTIFS('Data-TED-1'!$AH:$AH,AA$1,'Data-TED-1'!$G:$G,"Unsatisfactory (40%)") -> 0 | AC66: =IF(AA66 <> 0,AB66/AA66,"") | AD66: =AD65 -> 1 | AE66: =COUNTIFS('Data-TED-1'!$AH:$AH,AD$1,'Data-TED-1'!$G:$G,"Unsatisfactory (40%)") -> 0 | AF66: =IF(AD66 <> 0,AE66/AD66,"") -> 0 | AG66: =AG65 -> 0 | AH66: =COUNTIFS('Data-TED-1'!$AH:$AH,AG$1,'Data-TED-1'!$G:$G,"Unsatisfactory (40%)") -> 0 | AI66: =IF(AG66 <> 0,AH66/AG66,"") | AJ66: =AJ65 -> 0 | AK66: =COUNTIFS('Data-TED-1'!$AH:$AH,AJ$1,'Data-TED-1'!$G:$G,"Unsatisfactory (40%)") -> 0 | AL66: =IF(AJ66 <> 0,AK66/AJ66,"") | AM66: =AM65 -> 0 | AN66: =COUNTIFS('Data-TED-1'!$AH:$AH,AM$1,'Data-TED-1'!$G:$G,"Unsatisfactory (40%)") -> 0 | AO66: =IF(AM66 <> 0,AN66/AM66,"")
B67: e) Poor - 20% | C67: =C66 -> 1 | D67: =G67+J67+M67+P67+S67+V67+Y67+AB67+AE67+AH67+AK67+AN67 -> 0 | E67: =IF(C67 <> 0,D67/C67,"") -> 0 | F67: =F66 -> 0 | G67: =COUNTIFS('Data-TED-1'!$AH:$AH,F$1,'Data-TED-1'!$G:$G,"Very unsatisfactory (20%)") -> 0 | H67: =IF(F67 <> 0,G67/F67,"") | I67: =I66 -> 0 | J67: =COUNTIFS('Data-TED-1'!$AH:$AH,I$1,'Data-TED-1'!$G:$G,"Very unsatisfactory (20%)") -> 0 | K67: =IF(I67 <> 0,J67/I67,"") | L67: =L66 -> 0 | M67: =COUNTIFS('Data-TED-1'!$AH:$AH,L$1,'Data-TED-1'!$G:$G,"Very unsatisfactory (20%)") -> 0 | N67: =IF(L67 <> 0,M67/L67,"") | O67: =O66 -> 0 | P67: =COUNTIFS('Data-TED-1'!$AH:$AH,O$1,'Data-TED-1'!$G:$G,"Very unsatisfactory (20%)") -> 0 | Q67: =IF(O67 <> 0,P67/O67,"") | R67: =R66 -> 0 | S67: =COUNTIFS('Data-TED-1'!$AH:$AH,R$1,'Data-TED-1'!$G:$G,"Very unsatisfactory (20%)") -> 0 | T67: =IF(R67 <> 0,S67/R67,"") | U67: =U66 -> 0 | V67: =COUNTIFS('Data-TED-1'!$AH:$AH,U$1,'Data-TED-1'!$G:$G,"Very unsatisfactory (20%)") -> 0 | W67: =IF(U67 <> 0,V67/U67,"") | X67: =X66 -> 0 | Y67: =COUNTIFS('Data-TED-1'!$AH:$AH,X$1,'Data-TED-1'!$G:$G,"Very unsatisfactory (20%)") -> 0 | Z67: =IF(X67 <> 0,Y67/X67,"") | AA67: =AA66 -> 0 | AB67: =COUNTIFS('Data-TED-1'!$AH:$AH,AA$1,'Data-TED-1'!$G:$G,"Very unsatisfactory (20%)") -> 0 | AC67: =IF(AA67 <> 0,AB67/AA67,"") | AD67: =AD66 -> 1 | AE67: =COUNTIFS('Data-TED-1'!$AH:$AH,AD$1,'Data-TED-1'!$G:$G,"Very unsatisfactory (20%)") -> 0 | AF67: =IF(AD67 <> 0,AE67/AD67,"") -> 0 | AG67: =AG66 -> 0 | AH67: =COUNTIFS('Data-TED-1'!$AH:$AH,AG$1,'Data-TED-1'!$G:$G,"Very unsatisfactory (20%)") -> 0 | AI67: =IF(AG67 <> 0,AH67/AG67,"") | AJ67: =AJ66 -> 0 | AK67: =COUNTIFS('Data-TED-1'!$AH:$AH,AJ$1,'Data-TED-1'!$G:$G,"Very unsatisfactory (20%)") -> 0 | AL67: =IF(AJ67 <> 0,AK67/AJ67,"") | AM67: =AM66 -> 0 | AN67: =COUNTIFS('Data-TED-1'!$AH:$AH,AM$1,'Data-TED-1'!$G:$G,"Very unsatisfactory (20%)") -> 0 | AO67: =IF(AM67 <> 0,AN67/AM67,"")
A68: 12 | B68: TED-1: Satisfaction with Caregivers
B69: a) Excellent - 100% | C69: =COUNTIF('Data-TED-1'!$H:$H,"<>" & "")-1 -> 1 | D69: =G69+J69+M69+P69+S69+V69+Y69+AB69+AE69+AH69+AK69+AN69 -> 0 | E69: =IF(C69 <> 0,D69/C69,"") -> 0 | F69: =COUNTIFS('Data-TED-1'!$AH:$AH,F$1,'Data-TED-1'!$H:$H,"<>" & "") -> 0 | G69: =COUNTIFS('Data-TED-1'!$AH:$AH,F$1,'Data-TED-1'!$H:$H,"Very satisfactory (100%)") -> 0 | H69: =IF(F69 <> 0,G69/F69,"") | I69: =COUNTIFS('Data-TED-1'!$AH:$AH,I$1,'Data-TED-1'!$H:$H,"<>" & "") -> 0 | J69: =COUNTIFS('Data-TED-1'!$AH:$AH,I$1,'Data-TED-1'!$H:$H,"Very satisfactory (100%)") -> 0 | K69: =IF(I69 <> 0,J69/I69,"") | L69: =COUNTIFS('Data-TED-1'!$AH:$AH,L$1,'Data-TED-1'!$H:$H,"<>" & "") -> 0 | M69: =COUNTIFS('Data-TED-1'!$AH:$AH,L$1,'Data-TED-1'!$H:$H,"Very satisfactory (100%)") -> 0 | N69: =IF(L69 <> 0,M69/L69,"") | O69: =COUNTIFS('Data-TED-1'!$AH:$AH,O$1,'Data-TED-1'!$H:$H,"<>" & "") -> 0 | P69: =COUNTIFS('Data-TED-1'!$AH:$AH,O$1,'Data-TED-1'!$H:$H,"Very satisfactory (100%)") -> 0 | Q69: =IF(O69 <> 0,P69/O69,"") | R69: =COUNTIFS('Data-TED-1'!$AH:$AH,R$1,'Data-TED-1'!$H:$H,"<>" & "") -> 0 | S69: =COUNTIFS('Data-TED-1'!$AH:$AH,R$1,'Data-TED-1'!$H:$H,"Very satisfactory (100%)") -> 0 | T69: =IF(R69 <> 0,S69/R69,"") | U69: =COUNTIFS('Data-TED-1'!$AH:$AH,U$1,'Data-TED-1'!$H:$H,"<>" & "") -> 0 | V69: =COUNTIFS('Data-TED-1'!$AH:$AH,U$1,'Data-TED-1'!$H:$H,"Very satisfactory (100%)") -> 0 | W69: =IF(U69 <> 0,V69/U69,"") | X69: =COUNTIFS('Data-TED-1'!$AH:$AH,X$1,'Data-TED-1'!$H:$H,"<>" & "") -> 0 | Y69: =COUNTIFS('Data-TED-1'!$AH:$AH,X$1,'Data-TED-1'!$H:$H,"Very satisfactory (100%)") -> 0 | Z69: =IF(X69 <> 0,Y69/X69,"") | AA69: =COUNTIFS('Data-TED-1'!$AH:$AH,AA$1,'Data-TED-1'!$H:$H,"<>" & "") -> 0 | AB69: =COUNTIFS('Data-TED-1'!$AH:$AH,AA$1,'Data-TED-1'!$H:$H,"Very satisfactory (100%)") -> 0 | AC69: =IF(AA69 <> 0,AB69/AA69,"") | AD69: =COUNTIFS('Data-TED-1'!$AH:$AH,AD$1,'Data-TED-1'!$H:$H,"<>" & "") -> 1 | AE69: =COUNTIFS('Data-TED-1'!$AH:$AH,AD$1,'Data-TED-1'!$H:$H,"Very satisfactory (100%)") -> 0 | AF69: =IF(AD69 <> 0,AE69/AD69,"") -> 0 | AG69: =COUNTIFS('Data-TED-1'!$AH:$AH,AG$1,'Data-TED-1'!$H:$H,"<>" & "") -> 0 | AH69: =COUNTIFS('Data-TED-1'!$AH:$AH,AG$1,'Data-TED-1'!$H:$H,"Very satisfactory (100%)") -> 0 | AI69: =IF(AG69 <> 0,AH69/AG69,"") | AJ69: =COUNTIFS('Data-TED-1'!$AH:$AH,AJ$1,'Data-TED-1'!$H:$H,"<>" & "") -> 0 | AK69: =COUNTIFS('Data-TED-1'!$AH:$AH,AJ$1,'Data-TED-1'!$H:$H,"Very satisfactory (100%)") -> 0 | AL69: =IF(AJ69 <> 0,AK69/AJ69,"") | AM69: =COUNTIFS('Data-TED-1'!$AH:$AH,AM$1,'Data-TED-1'!$H:$H,"<>" & "") -> 0 | AN69: =COUNTIFS('Data-TED-1'!$AH:$AH,AM$1,'Data-TED-1'!$H:$H,"Very satisfactory (100%)") -> 0 | AO69: =IF(AM69 <> 0,AN69/AM69,"")
B70: b) V.Good - 80% | C70: =C69 -> 1 | D70: =G70+J70+M70+P70+S70+V70+Y70+AB70+AE70+AH70+AK70+AN70 -> 1 | E70: =IF(C70 <> 0,D70/C70,"") -> 1 | F70: =F69 -> 0 | G70: =COUNTIFS('Data-TED-1'!$AH:$AH,F$1,'Data-TED-1'!$H:$H,"Satisfactory (80%)") -> 0 | H70: =IF(F70 <> 0,G70/F70,"") | I70: =I69 -> 0 | J70: =COUNTIFS('Data-TED-1'!$AH:$AH,I$1,'Data-TED-1'!$H:$H,"Satisfactory (80%)") -> 0 | K70: =IF(I70 <> 0,J70/I70,"") | L70: =L69 -> 0 | M70: =COUNTIFS('Data-TED-1'!$AH:$AH,L$1,'Data-TED-1'!$H:$H,"Satisfactory (80%)") -> 0 | N70: =IF(L70 <> 0,M70/L70,"") | O70: =O69 -> 0 | P70: =COUNTIFS('Data-TED-1'!$AH:$AH,O$1,'Data-TED-1'!$H:$H,"Satisfactory (80%)") -> 0 | Q70: =IF(O70 <> 0,P70/O70,"") | R70: =R69 -> 0 | S70: =COUNTIFS('Data-TED-1'!$AH:$AH,R$1,'Data-TED-1'!$H:$H,"Satisfactory (80%)") -> 0 | T70: =IF(R70 <> 0,S70/R70,"") | U70: =U69 -> 0 | V70: =COUNTIFS('Data-TED-1'!$AH:$AH,U$1,'Data-TED-1'!$H:$H,"Satisfactory (80%)") -> 0 | W70: =IF(U70 <> 0,V70/U70,"") | X70: =X69 -> 0 | Y70: =COUNTIFS('Data-TED-1'!$AH:$AH,X$1,'Data-TED-1'!$H:$H,"Satisfactory (80%)") -> 0 | Z70: =IF(X70 <> 0,Y70/X70,"") | AA70: =AA69 -> 0 | AB70: =COUNTIFS('Data-TED-1'!$AH:$AH,AA$1,'Data-TED-1'!$H:$H,"Satisfactory (80%)") -> 0 | AC70: =IF(AA70 <> 0,AB70/AA70,"") | AD70: =AD69 -> 1 | AE70: =COUNTIFS('Data-TED-1'!$AH:$AH,AD$1,'Data-TED-1'!$H:$H,"Satisfactory (80%)") -> 1 | AF70: =IF(AD70 <> 0,AE70/AD70,"") -> 1 | AG70: =AG69 -> 0 | AH70: =COUNTIFS('Data-TED-1'!$AH:$AH,AG$1,'Data-TED-1'!$H:$H,"Satisfactory (80%)") -> 0 | AI70: =IF(AG70 <> 0,AH70/AG70,"") | AJ70: =AJ69 -> 0 | AK70: =COUNTIFS('Data-TED-1'!$AH:$AH,AJ$1,'Data-TED-1'!$H:$H,"Satisfactory (80%)") -> 0 | AL70: =IF(AJ70 <> 0,AK70/AJ70,"") | AM70: =AM69 -> 0 | AN70: =COUNTIFS('Data-TED-1'!$AH:$AH,AM$1,'Data-TED-1'!$H:$H,"Satisfactory (80%)") -> 0 | AO70: =IF(AM70 <> 0,AN70/AM70,"")
B71: C) Good - 60% | C71: =C70 -> 1 | D71: =G71+J71+M71+P71+S71+V71+Y71+AB71+AE71+AH71+AK71+AN71 -> 0 | E71: =IF(C71 <> 0,D71/C71,"") -> 0 | F71: =F70 -> 0 | G71: =COUNTIFS('Data-TED-1'!$AH:$AH,F$1,'Data-TED-1'!$H:$H,"Average (60%)") -> 0 | H71: =IF(F71 <> 0,G71/F71,"") | I71: =I70 -> 0 | J71: =COUNTIFS('Data-TED-1'!$AH:$AH,I$1,'Data-TED-1'!$H:$H,"Average (60%)") -> 0 | K71: =IF(I71 <> 0,J71/I71,"") | L71: =L70 -> 0 | M71: =COUNTIFS('Data-TED-1'!$AH:$AH,L$1,'Data-TED-1'!$H:$H,"Average (60%)") -> 0 | N71: =IF(L71 <> 0,M71/L71,"") | O71: =O70 -> 0 | P71: =COUNTIFS('Data-TED-1'!$AH:$AH,O$1,'Data-TED-1'!$H:$H,"Average (60%)") -> 0 | Q71: =IF(O71 <> 0,P71/O71,"") | R71: =R70 -> 0 | S71: =COUNTIFS('Data-TED-1'!$AH:$AH,R$1,'Data-TED-1'!$H:$H,"Average (60%)") -> 0 | T71: =IF(R71 <> 0,S71/R71,"") | U71: =U70 -> 0 | V71: =COUNTIFS('Data-TED-1'!$AH:$AH,U$1,'Data-TED-1'!$H:$H,"Average (60%)") -> 0 | W71: =IF(U71 <> 0,V71/U71,"") | X71: =X70 -> 0 | Y71: =COUNTIFS('Data-TED-1'!$AH:$AH,X$1,'Data-TED-1'!$H:$H,"Average (60%)") -> 0 | Z71: =IF(X71 <> 0,Y71/X71,"") | AA71: =AA70 -> 0 | AB71: =COUNTIFS('Data-TED-1'!$AH:$AH,AA$1,'Data-TED-1'!$H:$H,"Average (60%)") -> 0 | AC71: =IF(AA71 <> 0,AB71/AA71,"") | AD71: =AD70 -> 1 | AE71: =COUNTIFS('Data-TED-1'!$AH:$AH,AD$1,'Data-TED-1'!$H:$H,"Average (60%)") -> 0 | AF71: =IF(AD71 <> 0,AE71/AD71,"") -> 0 | AG71: =AG70 -> 0 | AH71: =COUNTIFS('Data-TED-1'!$AH:$AH,AG$1,'Data-TED-1'!$H:$H,"Average (60%)") -> 0 | AI71: =IF(AG71 <> 0,AH71/AG71,"") | AJ71: =AJ70 -> 0 | AK71: =COUNTIFS('Data-TED-1'!$AH:$AH,AJ$1,'Data-TED-1'!$H:$H,"Average (60%)") -> 0 | AL71: =IF(AJ71 <> 0,AK71/AJ71,"") | AM71: =AM70 -> 0 | AN71: =COUNTIFS('Data-TED-1'!$AH:$AH,AM$1,'Data-TED-1'!$H:$H,"Average (60%)") -> 0 | AO71: =IF(AM71 <> 0,AN71/AM71,"")
B72: d) Fair - 40% | C72: =C71 -> 1 | D72: =G72+J72+M72+P72+S72+V72+Y72+AB72+AE72+AH72+AK72+AN72 -> 0 | E72: =IF(C72 <> 0,D72/C72,"") -> 0 | F72: =F71 -> 0 | G72: =COUNTIFS('Data-TED-1'!$AH:$AH,F$1,'Data-TED-1'!$H:$H,"Unsatisfactory (40%)") -> 0 | H72: =IF(F72 <> 0,G72/F72,"") | I72: =I71 -> 0 | J72: =COUNTIFS('Data-TED-1'!$AH:$AH,I$1,'Data-TED-1'!$H:$H,"Unsatisfactory (40%)") -> 0 | K72: =IF(I72 <> 0,J72/I72,"") | L72: =L71 -> 0 | M72: =COUNTIFS('Data-TED-1'!$AH:$AH,L$1,'Data-TED-1'!$H:$H,"Unsatisfactory (40%)") -> 0 | N72: =IF(L72 <> 0,M72/L72,"") | O72: =O71 -> 0 | P72: =COUNTIFS('Data-TED-1'!$AH:$AH,O$1,'Data-TED-1'!$H:$H,"Unsatisfactory (40%)") -> 0 | Q72: =IF(O72 <> 0,P72/O72,"") | R72: =R71 -> 0 | S72: =COUNTIFS('Data-TED-1'!$AH:$AH,R$1,'Data-TED-1'!$H:$H,"Unsatisfactory (40%)") -> 0 | T72: =IF(R72 <> 0,S72/R72,"") | U72: =U71 -> 0 | V72: =COUNTIFS('Data-TED-1'!$AH:$AH,U$1,'Data-TED-1'!$H:$H,"Unsatisfactory (40%)") -> 0 | W72: =IF(U72 <> 0,V72/U72,"") | X72: =X71 -> 0 | Y72: =COUNTIFS('Data-TED-1'!$AH:$AH,X$1,'Data-TED-1'!$H:$H,"Unsatisfactory (40%)") -> 0 | Z72: =IF(X72 <> 0,Y72/X72,"") | AA72: =AA71 -> 0 | AB72: =COUNTIFS('Data-TED-1'!$AH:$AH,AA$1,'Data-TED-1'!$H:$H,"Unsatisfactory (40%)") -> 0 | AC72: =IF(AA72 <> 0,AB72/AA72,"") | AD72: =AD71 -> 1 | AE72: =COUNTIFS('Data-TED-1'!$AH:$AH,AD$1,'Data-TED-1'!$H:$H,"Unsatisfactory (40%)") -> 0 | AF72: =IF(AD72 <> 0,AE72/AD72,"") -> 0 | AG72: =AG71 -> 0 | AH72: =COUNTIFS('Data-TED-1'!$AH:$AH,AG$1,'Data-TED-1'!$H:$H,"Unsatisfactory (40%)") -> 0 | AI72: =IF(AG72 <> 0,AH72/AG72,"") | AJ72: =AJ71 -> 0 | AK72: =COUNTIFS('Data-TED-1'!$AH:$AH,AJ$1,'Data-TED-1'!$H:$H,"Unsatisfactory (40%)") -> 0 | AL72: =IF(AJ72 <> 0,AK72/AJ72,"") | AM72: =AM71 -> 0 | AN72: =COUNTIFS('Data-TED-1'!$AH:$AH,AM$1,'Data-TED-1'!$H:$H,"Unsatisfactory (40%)") -> 0 | AO72: =IF(AM72 <> 0,AN72/AM72,"")
B73: e) Poor - 20% | C73: =C72 -> 1 | D73: =G73+J73+M73+P73+S73+V73+Y73+AB73+AE73+AH73+AK73+AN73 -> 0 | E73: =IF(C73 <> 0,D73/C73,"") -> 0 | F73: =F72 -> 0 | G73: =COUNTIFS('Data-TED-1'!$AH:$AH,F$1,'Data-TED-1'!$H:$H,"Very unsatisfactory (20%)") -> 0 | H73: =IF(F73 <> 0,G73/F73,"") | I73: =I72 -> 0 | J73: =COUNTIFS('Data-TED-1'!$AH:$AH,I$1,'Data-TED-1'!$H:$H,"Very unsatisfactory (20%)") -> 0 | K73: =IF(I73 <> 0,J73/I73,"") | L73: =L72 -> 0 | M73: =COUNTIFS('Data-TED-1'!$AH:$AH,L$1,'Data-TED-1'!$H:$H,"Very unsatisfactory (20%)") -> 0 | N73: =IF(L73 <> 0,M73/L73,"") | O73: =O72 -> 0 | P73: =COUNTIFS('Data-TED-1'!$AH:$AH,O$1,'Data-TED-1'!$H:$H,"Very unsatisfactory (20%)") -> 0 | Q73: =IF(O73 <> 0,P73/O73,"") | R73: =R72 -> 0 | S73: =COUNTIFS('Data-TED-1'!$AH:$AH,R$1,'Data-TED-1'!$H:$H,"Very unsatisfactory (20%)") -> 0 | T73: =IF(R73 <> 0,S73/R73,"") | U73: =U72 -> 0 | V73: =COUNTIFS('Data-TED-1'!$AH:$AH,U$1,'Data-TED-1'!$H:$H,"Very unsatisfactory (20%)") -> 0 | W73: =IF(U73 <> 0,V73/U73,"") | X73: =X72 -> 0 | Y73: =COUNTIFS('Data-TED-1'!$AH:$AH,X$1,'Data-TED-1'!$H:$H,"Very unsatisfactory (20%)") -> 0 | Z73: =IF(X73 <> 0,Y73/X73,"") | AA73: =AA72 -> 0 | AB73: =COUNTIFS('Data-TED-1'!$AH:$AH,AA$1,'Data-TED-1'!$H:$H,"Very unsatisfactory (20%)") -> 0 | AC73: =IF(AA73 <> 0,AB73/AA73,"") | AD73: =AD72 -> 1 | AE73: =COUNTIFS('Data-TED-1'!$AH:$AH,AD$1,'Data-TED-1'!$H:$H,"Very unsatisfactory (20%)") -> 0 | AF73: =IF(AD73 <> 0,AE73/AD73,"") -> 0 | AG73: =AG72 -> 0 | AH73: =COUNTIFS('Data-TED-1'!$AH:$AH,AG$1,'Data-TED-1'!$H:$H,"Very unsatisfactory (20%)") -> 0 | AI73: =IF(AG73 <> 0,AH73/AG73,"") | AJ73: =AJ72 -> 0 | AK73: =COUNTIFS('Data-TED-1'!$AH:$AH,AJ$1,'Data-TED-1'!$H:$H,"Very unsatisfactory (20%)") -> 0 | AL73: =IF(AJ73 <> 0,AK73/AJ73,"") | AM73: =AM72 -> 0 | AN73: =COUNTIFS('Data-TED-1'!$AH:$AH,AM$1,'Data-TED-1'!$H:$H,"Very unsatisfactory (20%)") -> 0 | AO73: =IF(AM73 <> 0,AN73/AM73,"")
A74: 13 | B74: TED-1: Satisfaction with RMO
B75: a) Excellent - 100% | C75: =COUNTIF('Data-TED-1'!$I:$I,"<>" & "")-1 -> 1 | D75: =G75+J75+M75+P75+S75+V75+Y75+AB75+AE75+AH75+AK75+AN75 -> 0 | E75: =IF(C75 <> 0,D75/C75,"") -> 0 | F75: =COUNTIFS('Data-TED-1'!$AH:$AH,F$1,'Data-TED-1'!$I:$I,"<>" & "") -> 0 | G75: =COUNTIFS('Data-TED-1'!$AH:$AH,F$1,'Data-TED-1'!$I:$I,"Very satisfactory (100%)") -> 0 | H75: =IF(F75 <> 0,G75/F75,"") | I75: =COUNTIFS('Data-TED-1'!$AH:$AH,I$1,'Data-TED-1'!$I:$I,"<>" & "") -> 0 | J75: =COUNTIFS('Data-TED-1'!$AH:$AH,I$1,'Data-TED-1'!$I:$I,"Very satisfactory (100%)") -> 0 | K75: =IF(I75 <> 0,J75/I75,"") | L75: =COUNTIFS('Data-TED-1'!$AH:$AH,L$1,'Data-TED-1'!$I:$I,"<>" & "") -> 0 | M75: =COUNTIFS('Data-TED-1'!$AH:$AH,L$1,'Data-TED-1'!$I:$I,"Very satisfactory (100%)") -> 0 | N75: =IF(L75 <> 0,M75/L75,"") | O75: =COUNTIFS('Data-TED-1'!$AH:$AH,O$1,'Data-TED-1'!$I:$I,"<>" & "") -> 0 | P75: =COUNTIFS('Data-TED-1'!$AH:$AH,O$1,'Data-TED-1'!$I:$I,"Very satisfactory (100%)") -> 0 | Q75: =IF(O75 <> 0,P75/O75,"") | R75: =COUNTIFS('Data-TED-1'!$AH:$AH,R$1,'Data-TED-1'!$I:$I,"<>" & "") -> 0 | S75: =COUNTIFS('Data-TED-1'!$AH:$AH,R$1,'Data-TED-1'!$I:$I,"Very satisfactory (100%)") -> 0 | T75: =IF(R75 <> 0,S75/R75,"") | U75: =COUNTIFS('Data-TED-1'!$AH:$AH,U$1,'Data-TED-1'!$I:$I,"<>" & "") -> 0 | V75: =COUNTIFS('Data-TED-1'!$AH:$AH,U$1,'Data-TED-1'!$I:$I,"Very satisfactory (100%)") -> 0 | W75: =IF(U75 <> 0,V75/U75,"") | X75: =COUNTIFS('Data-TED-1'!$AH:$AH,X$1,'Data-TED-1'!$I:$I,"<>" & "") -> 0 | Y75: =COUNTIFS('Data-TED-1'!$AH:$AH,X$1,'Data-TED-1'!$I:$I,"Very satisfactory (100%)") -> 0 | Z75: =IF(X75 <> 0,Y75/X75,"") | AA75: =COUNTIFS('Data-TED-1'!$AH:$AH,AA$1,'Data-TED-1'!$I:$I,"<>" & "") -> 0 | AB75: =COUNTIFS('Data-TED-1'!$AH:$AH,AA$1,'Data-TED-1'!$I:$I,"Very satisfactory (100%)") -> 0 | AC75: =IF(AA75 <> 0,AB75/AA75,"") | AD75: =COUNTIFS('Data-TED-1'!$AH:$AH,AD$1,'Data-TED-1'!$I:$I,"<>" & "") -> 1 | AE75: =COUNTIFS('Data-TED-1'!$AH:$AH,AD$1,'Data-TED-1'!$I:$I,"Very satisfactory (100%)") -> 0 | AF75: =IF(AD75 <> 0,AE75/AD75,"") -> 0 | AG75: =COUNTIFS('Data-TED-1'!$AH:$AH,AG$1,'Data-TED-1'!$I:$I,"<>" & "") -> 0 | AH75: =COUNTIFS('Data-TED-1'!$AH:$AH,AG$1,'Data-TED-1'!$I:$I,"Very satisfactory (100%)") -> 0 | AI75: =IF(AG75 <> 0,AH75/AG75,"") | AJ75: =COUNTIFS('Data-TED-1'!$AH:$AH,AJ$1,'Data-TED-1'!$I:$I,"<>" & "") -> 0 | AK75: =COUNTIFS('Data-TED-1'!$AH:$AH,AJ$1,'Data-TED-1'!$I:$I,"Very satisfactory (100%)") -> 0 | AL75: =IF(AJ75 <> 0,AK75/AJ75,"") | AM75: =COUNTIFS('Data-TED-1'!$AH:$AH,AM$1,'Data-TED-1'!$I:$I,"<>" & "") -> 0 | AN75: =COUNTIFS('Data-TED-1'!$AH:$AH,AM$1,'Data-TED-1'!$I:$I,"Very satisfactory (100%)") -> 0 | AO75: =IF(AM75 <> 0,AN75/AM75,"")
B76: b) V.Good - 80% | C76: =C75 -> 1 | D76: =G76+J76+M76+P76+S76+V76+Y76+AB76+AE76+AH76+AK76+AN76 -> 1 | E76: =IF(C76 <> 0,D76/C76,"") -> 1 | F76: =F75 -> 0 | G76: =COUNTIFS('Data-TED-1'!$AH:$AH,F$1,'Data-TED-1'!$I:$I,"Satisfactory (80%)") -> 0 | H76: =IF(F76 <> 0,G76/F76,"") | I76: =I75 -> 0 | J76: =COUNTIFS('Data-TED-1'!$AH:$AH,I$1,'Data-TED-1'!$I:$I,"Satisfactory (80%)") -> 0 | K76: =IF(I76 <> 0,J76/I76,"") | L76: =L75 -> 0 | M76: =COUNTIFS('Data-TED-1'!$AH:$AH,L$1,'Data-TED-1'!$I:$I,"Satisfactory (80%)") -> 0 | N76: =IF(L76 <> 0,M76/L76,"") | O76: =O75 -> 0 | P76: =COUNTIFS('Data-TED-1'!$AH:$AH,O$1,'Data-TED-1'!$I:$I,"Satisfactory (80%)") -> 0 | Q76: =IF(O76 <> 0,P76/O76,"") | R76: =R75 -> 0 | S76: =COUNTIFS('Data-TED-1'!$AH:$AH,R$1,'Data-TED-1'!$I:$I,"Satisfactory (80%)") -> 0 | T76: =IF(R76 <> 0,S76/R76,"") | U76: =U75 -> 0 | V76: =COUNTIFS('Data-TED-1'!$AH:$AH,U$1,'Data-TED-1'!$I:$I,"Satisfactory (80%)") -> 0 | W76: =IF(U76 <> 0,V76/U76,"") | X76: =X75 -> 0 | Y76: =COUNTIFS('Data-TED-1'!$AH:$AH,X$1,'Data-TED-1'!$I:$I,"Satisfactory (80%)") -> 0 | Z76: =IF(X76 <> 0,Y76/X76,"") | AA76: =AA75 -> 0 | AB76: =COUNTIFS('Data-TED-1'!$AH:$AH,AA$1,'Data-TED-1'!$I:$I,"Satisfactory (80%)") -> 0 | AC76: =IF(AA76 <> 0,AB76/AA76,"") | AD76: =AD75 -> 1 | AE76: =COUNTIFS('Data-TED-1'!$AH:$AH,AD$1,'Data-TED-1'!$I:$I,"Satisfactory (80%)") -> 1 | AF76: =IF(AD76 <> 0,AE76/AD76,"") -> 1 | AG76: =AG75 -> 0 | AH76: =COUNTIFS('Data-TED-1'!$AH:$AH,AG$1,'Data-TED-1'!$I:$I,"Satisfactory (80%)") -> 0 | AI76: =IF(AG76 <> 0,AH76/AG76,"") | AJ76: =AJ75 -> 0 | AK76: =COUNTIFS('Data-TED-1'!$AH:$AH,AJ$1,'Data-TED-1'!$I:$I,"Satisfactory (80%)") -> 0 | AL76: =IF(AJ76 <> 0,AK76/AJ76,"") | AM76: =AM75 -> 0 | AN76: =COUNTIFS('Data-TED-1'!$AH:$AH,AM$1,'Data-TED-1'!$I:$I,"Satisfactory (80%)") -> 0 | AO76: =IF(AM76 <> 0,AN76/AM76,"")
B77: C) Good - 60% | C77: =C76 -> 1 | D77: =G77+J77+M77+P77+S77+V77+Y77+AB77+AE77+AH77+AK77+AN77 -> 0 | E77: =IF(C77 <> 0,D77/C77,"") -> 0 | F77: =F76 -> 0 | G77: =COUNTIFS('Data-TED-1'!$AH:$AH,F$1,'Data-TED-1'!$I:$I,"Average (60%)") -> 0 | H77: =IF(F77 <> 0,G77/F77,"") | I77: =I76 -> 0 | J77: =COUNTIFS('Data-TED-1'!$AH:$AH,I$1,'Data-TED-1'!$I:$I,"Average (60%)") -> 0 | K77: =IF(I77 <> 0,J77/I77,"") | L77: =L76 -> 0 | M77: =COUNTIFS('Data-TED-1'!$AH:$AH,L$1,'Data-TED-1'!$I:$I,"Average (60%)") -> 0 | N77: =IF(L77 <> 0,M77/L77,"") | O77: =O76 -> 0 | P77: =COUNTIFS('Data-TED-1'!$AH:$AH,O$1,'Data-TED-1'!$I:$I,"Average (60%)") -> 0 | Q77: =IF(O77 <> 0,P77/O77,"") | R77: =R76 -> 0 | S77: =COUNTIFS('Data-TED-1'!$AH:$AH,R$1,'Data-TED-1'!$I:$I,"Average (60%)") -> 0 | T77: =IF(R77 <> 0,S77/R77,"") | U77: =U76 -> 0 | V77: =COUNTIFS('Data-TED-1'!$AH:$AH,U$1,'Data-TED-1'!$I:$I,"Average (60%)") -> 0 | W77: =IF(U77 <> 0,V77/U77,"") | X77: =X76 -> 0 | Y77: =COUNTIFS('Data-TED-1'!$AH:$AH,X$1,'Data-TED-1'!$I:$I,"Average (60%)") -> 0 | Z77: =IF(X77 <> 0,Y77/X77,"") | AA77: =AA76 -> 0 | AB77: =COUNTIFS('Data-TED-1'!$AH:$AH,AA$1,'Data-TED-1'!$I:$I,"Average (60%)") -> 0 | AC77: =IF(AA77 <> 0,AB77/AA77,"") | AD77: =AD76 -> 1 | AE77: =COUNTIFS('Data-TED-1'!$AH:$AH,AD$1,'Data-TED-1'!$I:$I,"Average (60%)") -> 0 | AF77: =IF(AD77 <> 0,AE77/AD77,"") -> 0 | AG77: =AG76 -> 0 | AH77: =COUNTIFS('Data-TED-1'!$AH:$AH,AG$1,'Data-TED-1'!$I:$I,"Average (60%)") -> 0 | AI77: =IF(AG77 <> 0,AH77/AG77,"") | AJ77: =AJ76 -> 0 | AK77: =COUNTIFS('Data-TED-1'!$AH:$AH,AJ$1,'Data-TED-1'!$I:$I,"Average (60%)") -> 0 | AL77: =IF(AJ77 <> 0,AK77/AJ77,"") | AM77: =AM76 -> 0 | AN77: =COUNTIFS('Data-TED-1'!$AH:$AH,AM$1,'Data-TED-1'!$I:$I,"Average (60%)") -> 0 | AO77: =IF(AM77 <> 0,AN77/AM77,"")
B78: d) Fair - 40% | C78: =C77 -> 1 | D78: =G78+J78+M78+P78+S78+V78+Y78+AB78+AE78+AH78+AK78+AN78 -> 0 | E78: =IF(C78 <> 0,D78/C78,"") -> 0 | F78: =F77 -> 0 | G78: =COUNTIFS('Data-TED-1'!$AH:$AH,F$1,'Data-TED-1'!$I:$I,"Unsatisfactory (40%)") -> 0 | H78: =IF(F78 <> 0,G78/F78,"") | I78: =I77 -> 0 | J78: =COUNTIFS('Data-TED-1'!$AH:$AH,I$1,'Data-TED-1'!$I:$I,"Unsatisfactory (40%)") -> 0 | K78: =IF(I78 <> 0,J78/I78,"") | L78: =L77 -> 0 | M78: =COUNTIFS('Data-TED-1'!$AH:$AH,L$1,'Data-TED-1'!$I:$I,"Unsatisfactory (40%)") -> 0 | N78: =IF(L78 <> 0,M78/L78,"") | O78: =O77 -> 0 | P78: =COUNTIFS('Data-TED-1'!$AH:$AH,O$1,'Data-TED-1'!$I:$I,"Unsatisfactory (40%)") -> 0 | Q78: =IF(O78 <> 0,P78/O78,"") | R78: =R77 -> 0 | S78: =COUNTIFS('Data-TED-1'!$AH:$AH,R$1,'Data-TED-1'!$I:$I,"Unsatisfactory (40%)") -> 0 | T78: =IF(R78 <> 0,S78/R78,"") | U78: =U77 -> 0 | V78: =COUNTIFS('Data-TED-1'!$AH:$AH,U$1,'Data-TED-1'!$I:$I,"Unsatisfactory (40%)") -> 0 | W78: =IF(U78 <> 0,V78/U78,"") | X78: =X77 -> 0 | Y78: =COUNTIFS('Data-TED-1'!$AH:$AH,X$1,'Data-TED-1'!$I:$I,"Unsatisfactory (40%)") -> 0 | Z78: =IF(X78 <> 0,Y78/X78,"") | AA78: =AA77 -> 0 | AB78: =COUNTIFS('Data-TED-1'!$AH:$AH,AA$1,'Data-TED-1'!$I:$I,"Unsatisfactory (40%)") -> 0 | AC78: =IF(AA78 <> 0,AB78/AA78,"") | AD78: =AD77 -> 1 | AE78: =COUNTIFS('Data-TED-1'!$AH:$AH,AD$1,'Data-TED-1'!$I:$I,"Unsatisfactory (40%)") -> 0 | AF78: =IF(AD78 <> 0,AE78/AD78,"") -> 0 | AG78: =AG77 -> 0 | AH78: =COUNTIFS('Data-TED-1'!$AH:$AH,AG$1,'Data-TED-1'!$I:$I,"Unsatisfactory (40%)") -> 0 | AI78: =IF(AG78 <> 0,AH78/AG78,"") | AJ78: =AJ77 -> 0 | AK78: =COUNTIFS('Data-TED-1'!$AH:$AH,AJ$1,'Data-TED-1'!$I:$I,"Unsatisfactory (40%)") -> 0 | AL78: =IF(AJ78 <> 0,AK78/AJ78,"") | AM78: =AM77 -> 0 | AN78: =COUNTIFS('Data-TED-1'!$AH:$AH,AM$1,'Data-TED-1'!$I:$I,"Unsatisfactory (40%)") -> 0 | AO78: =IF(AM78 <> 0,AN78/AM78,"")
B79: e) Poor - 20% | C79: =C78 -> 1 | D79: =G79+J79+M79+P79+S79+V79+Y79+AB79+AE79+AH79+AK79+AN79 -> 0 | E79: =IF(C79 <> 0,D79/C79,"") -> 0 | F79: =F78 -> 0 | G79: =COUNTIFS('Data-TED-1'!$AH:$AH,F$1,'Data-TED-1'!$I:$I,"Very unsatisfactory (20%)") -> 0 | H79: =IF(F79 <> 0,G79/F79,"") | I79: =I78 -> 0 | J79: =COUNTIFS('Data-TED-1'!$AH:$AH,I$1,'Data-TED-1'!$I:$I,"Very unsatisfactory (20%)") -> 0 | K79: =IF(I79 <> 0,J79/I79,"") | L79: =L78 -> 0 | M79: =COUNTIFS('Data-TED-1'!$AH:$AH,L$1,'Data-TED-1'!$I:$I,"Very unsatisfactory (20%)") -> 0 | N79: =IF(L79 <> 0,M79/L79,"") | O79: =O78 -> 0 | P79: =COUNTIFS('Data-TED-1'!$AH:$AH,O$1,'Data-TED-1'!$I:$I,"Very unsatisfactory (20%)") -> 0 | Q79: =IF(O79 <> 0,P79/O79,"") | R79: =R78 -> 0 | S79: =COUNTIFS('Data-TED-1'!$AH:$AH,R$1,'Data-TED-1'!$I:$I,"Very unsatisfactory (20%)") -> 0 | T79: =IF(R79 <> 0,S79/R79,"") | U79: =U78 -> 0 | V79: =COUNTIFS('Data-TED-1'!$AH:$AH,U$1,'Data-TED-1'!$I:$I,"Very unsatisfactory (20%)") -> 0 | W79: =IF(U79 <> 0,V79/U79,"") | X79: =X78 -> 0 | Y79: =COUNTIFS('Data-TED-1'!$AH:$AH,X$1,'Data-TED-1'!$I:$I,"Very unsatisfactory (20%)") -> 0 | Z79: =IF(X79 <> 0,Y79/X79,"") | AA79: =AA78 -> 0 | AB79: =COUNTIFS('Data-TED-1'!$AH:$AH,AA$1,'Data-TED-1'!$I:$I,"Very unsatisfactory (20%)") -> 0 | AC79: =IF(AA79 <> 0,AB79/AA79,"") | AD79: =AD78 -> 1 | AE79: =COUNTIFS('Data-TED-1'!$AH:$AH,AD$1,'Data-TED-1'!$I:$I,"Very unsatisfactory (20%)") -> 0 | AF79: =IF(AD79 <> 0,AE79/AD79,"") -> 0 | AG79: =AG78 -> 0 | AH79: =COUNTIFS('Data-TED-1'!$AH:$AH,AG$1,'Data-TED-1'!$I:$I,"Very unsatisfactory (20%)") -> 0 | AI79: =IF(AG79 <> 0,AH79/AG79,"") | AJ79: =AJ78 -> 0 | AK79: =COUNTIFS('Data-TED-1'!$AH:$AH,AJ$1,'Data-TED-1'!$I:$I,"Very unsatisfactory (20%)") -> 0 | AL79: =IF(AJ79 <> 0,AK79/AJ79,"") | AM79: =AM78 -> 0 | AN79: =COUNTIFS('Data-TED-1'!$AH:$AH,AM$1,'Data-TED-1'!$I:$I,"Very unsatisfactory (20%)") -> 0 | AO79: =IF(AM79 <> 0,AN79/AM79,"")
A80: 14 | B80: TED-1: Satisfaction with Centre Manager
B81: a) Excellent - 100% | C81: =COUNTIF('Data-TED-1'!$J:$J,"<>" & "")-1 -> 1 | D81: =G81+J81+M81+P81+S81+V81+Y81+AB81+AE81+AH81+AK81+AN81 -> 0 | E81: =IF(C81 <> 0,D81/C81,"") -> 0 | F81: =COUNTIFS('Data-TED-1'!$AH:$AH,F$1,'Data-TED-1'!$J:$J,"<>" & "") -> 0 | G81: =COUNTIFS('Data-TED-1'!$AH:$AH,F$1,'Data-TED-1'!$J:$J,"Very satisfactory (100%)") -> 0 | H81: =IF(F81 <> 0,G81/F81,"") | I81: =COUNTIFS('Data-TED-1'!$AH:$AH,I$1,'Data-TED-1'!$J:$J,"<>" & "") -> 0 | J81: =COUNTIFS('Data-TED-1'!$AH:$AH,I$1,'Data-TED-1'!$J:$J,"Very satisfactory (100%)") -> 0 | K81: =IF(I81 <> 0,J81/I81,"") | L81: =COUNTIFS('Data-TED-1'!$AH:$AH,L$1,'Data-TED-1'!$J:$J,"<>" & "") -> 0 | M81: =COUNTIFS('Data-TED-1'!$AH:$AH,L$1,'Data-TED-1'!$J:$J,"Very satisfactory (100%)") -> 0 | N81: =IF(L81 <> 0,M81/L81,"") | O81: =COUNTIFS('Data-TED-1'!$AH:$AH,O$1,'Data-TED-1'!$J:$J,"<>" & "") -> 0 | P81: =COUNTIFS('Data-TED-1'!$AH:$AH,O$1,'Data-TED-1'!$J:$J,"Very satisfactory (100%)") -> 0 | Q81: =IF(O81 <> 0,P81/O81,"") | R81: =COUNTIFS('Data-TED-1'!$AH:$AH,R$1,'Data-TED-1'!$J:$J,"<>" & "") -> 0 | S81: =COUNTIFS('Data-TED-1'!$AH:$AH,R$1,'Data-TED-1'!$J:$J,"Very satisfactory (100%)") -> 0 | T81: =IF(R81 <> 0,S81/R81,"") | U81: =COUNTIFS('Data-TED-1'!$AH:$AH,U$1,'Data-TED-1'!$J:$J,"<>" & "") -> 0 | V81: =COUNTIFS('Data-TED-1'!$AH:$AH,U$1,'Data-TED-1'!$J:$J,"Very satisfactory (100%)") -> 0 | W81: =IF(U81 <> 0,V81/U81,"") | X81: =COUNTIFS('Data-TED-1'!$AH:$AH,X$1,'Data-TED-1'!$J:$J,"<>" & "") -> 0 | Y81: =COUNTIFS('Data-TED-1'!$AH:$AH,X$1,'Data-TED-1'!$J:$J,"Very satisfactory (100%)") -> 0 | Z81: =IF(X81 <> 0,Y81/X81,"") | AA81: =COUNTIFS('Data-TED-1'!$AH:$AH,AA$1,'Data-TED-1'!$J:$J,"<>" & "") -> 0 | AB81: =COUNTIFS('Data-TED-1'!$AH:$AH,AA$1,'Data-TED-1'!$J:$J,"Very satisfactory (100%)") -> 0 | AC81: =IF(AA81 <> 0,AB81/AA81,"") | AD81: =COUNTIFS('Data-TED-1'!$AH:$AH,AD$1,'Data-TED-1'!$J:$J,"<>" & "") -> 1 | AE81: =COUNTIFS('Data-TED-1'!$AH:$AH,AD$1,'Data-TED-1'!$J:$J,"Very satisfactory (100%)") -> 0 | AF81: =IF(AD81 <> 0,AE81/AD81,"") -> 0 | AG81: =COUNTIFS('Data-TED-1'!$AH:$AH,AG$1,'Data-TED-1'!$J:$J,"<>" & "") -> 0 | AH81: =COUNTIFS('Data-TED-1'!$AH:$AH,AG$1,'Data-TED-1'!$J:$J,"Very satisfactory (100%)") -> 0 | AI81: =IF(AG81 <> 0,AH81/AG81,"") | AJ81: =COUNTIFS('Data-TED-1'!$AH:$AH,AJ$1,'Data-TED-1'!$J:$J,"<>" & "") -> 0 | AK81: =COUNTIFS('Data-TED-1'!$AH:$AH,AJ$1,'Data-TED-1'!$J:$J,"Very satisfactory (100%)") -> 0 | AL81: =IF(AJ81 <> 0,AK81/AJ81,"") | AM81: =COUNTIFS('Data-TED-1'!$AH:$AH,AM$1,'Data-TED-1'!$J:$J,"<>" & "") -> 0 | AN81: =COUNTIFS('Data-TED-1'!$AH:$AH,AM$1,'Data-TED-1'!$J:$J,"Very satisfactory (100%)") -> 0 | AO81: =IF(AM81 <> 0,AN81/AM81,"")
B82: b) V.Good - 80% | C82: =C81 -> 1 | D82: =G82+J82+M82+P82+S82+V82+Y82+AB82+AE82+AH82+AK82+AN82 -> 0 | E82: =IF(C82 <> 0,D82/C82,"") -> 0 | F82: =F81 -> 0 | G82: =COUNTIFS('Data-TED-1'!$AH:$AH,F$1,'Data-TED-1'!$J:$J,"Satisfactory (80%)") -> 0 | H82: =IF(F82 <> 0,G82/F82,"") | I82: =I81 -> 0 | J82: =COUNTIFS('Data-TED-1'!$AH:$AH,I$1,'Data-TED-1'!$J:$J,"Satisfactory (80%)") -> 0 | K82: =IF(I82 <> 0,J82/I82,"") | L82: =L81 -> 0 | M82: =COUNTIFS('Data-TED-1'!$AH:$AH,L$1,'Data-TED-1'!$J:$J,"Satisfactory (80%)") -> 0 | N82: =IF(L82 <> 0,M82/L82,"") | O82: =O81 -> 0 | P82: =COUNTIFS('Data-TED-1'!$AH:$AH,O$1,'Data-TED-1'!$J:$J,"Satisfactory (80%)") -> 0 | Q82: =IF(O82 <> 0,P82/O82,"") | R82: =R81 -> 0 | S82: =COUNTIFS('Data-TED-1'!$AH:$AH,R$1,'Data-TED-1'!$J:$J,"Satisfactory (80%)") -> 0 | T82: =IF(R82 <> 0,S82/R82,"") | U82: =U81 -> 0 | V82: =COUNTIFS('Data-TED-1'!$AH:$AH,U$1,'Data-TED-1'!$J:$J,"Satisfactory (80%)") -> 0 | W82: =IF(U82 <> 0,V82/U82,"") | X82: =X81 -> 0 | Y82: =COUNTIFS('Data-TED-1'!$AH:$AH,X$1,'Data-TED-1'!$J:$J,"Satisfactory (80%)") -> 0 | Z82: =IF(X82 <> 0,Y82/X82,"") | AA82: =AA81 -> 0 | AB82: =COUNTIFS('Data-TED-1'!$AH:$AH,AA$1,'Data-TED-1'!$J:$J,"Satisfactory (80%)") -> 0 | AC82: =IF(AA82 <> 0,AB82/AA82,"") | AD82: =AD81 -> 1 | AE82: =COUNTIFS('Data-TED-1'!$AH:$AH,AD$1,'Data-TED-1'!$J:$J,"Satisfactory (80%)") -> 0 | AF82: =IF(AD82 <> 0,AE82/AD82,"") -> 0 | AG82: =AG81 -> 0 | AH82: =COUNTIFS('Data-TED-1'!$AH:$AH,AG$1,'Data-TED-1'!$J:$J,"Satisfactory (80%)") -> 0 | AI82: =IF(AG82 <> 0,AH82/AG82,"") | AJ82: =AJ81 -> 0 | AK82: =COUNTIFS('Data-TED-1'!$AH:$AH,AJ$1,'Data-TED-1'!$J:$J,"Satisfactory (80%)") -> 0 | AL82: =IF(AJ82 <> 0,AK82/AJ82,"") | AM82: =AM81 -> 0 | AN82: =COUNTIFS('Data-TED-1'!$AH:$AH,AM$1,'Data-TED-1'!$J:$J,"Satisfactory (80%)") -> 0 | AO82: =IF(AM82 <> 0,AN82/AM82,"")
B83: C) Good - 60% | C83: =C82 -> 1 | D83: =G83+J83+M83+P83+S83+V83+Y83+AB83+AE83+AH83+AK83+AN83 -> 1 | E83: =IF(C83 <> 0,D83/C83,"") -> 1 | F83: =F82 -> 0 | G83: =COUNTIFS('Data-TED-1'!$AH:$AH,F$1,'Data-TED-1'!$J:$J,"Average (60%)") -> 0 | H83: =IF(F83 <> 0,G83/F83,"") | I83: =I82 -> 0 | J83: =COUNTIFS('Data-TED-1'!$AH:$AH,I$1,'Data-TED-1'!$J:$J,"Average (60%)") -> 0 | K83: =IF(I83 <> 0,J83/I83,"") | L83: =L82 -> 0 | M83: =COUNTIFS('Data-TED-1'!$AH:$AH,L$1,'Data-TED-1'!$J:$J,"Average (60%)") -> 0 | N83: =IF(L83 <> 0,M83/L83,"") | O83: =O82 -> 0 | P83: =COUNTIFS('Data-TED-1'!$AH:$AH,O$1,'Data-TED-1'!$J:$J,"Average (60%)") -> 0 | Q83: =IF(O83 <> 0,P83/O83,"") | R83: =R82 -> 0 | S83: =COUNTIFS('Data-TED-1'!$AH:$AH,R$1,'Data-TED-1'!$J:$J,"Average (60%)") -> 0 | T83: =IF(R83 <> 0,S83/R83,"") | U83: =U82 -> 0 | V83: =COUNTIFS('Data-TED-1'!$AH:$AH,U$1,'Data-TED-1'!$J:$J,"Average (60%)") -> 0 | W83: =IF(U83 <> 0,V83/U83,"") | X83: =X82 -> 0 | Y83: =COUNTIFS('Data-TED-1'!$AH:$AH,X$1,'Data-TED-1'!$J:$J,"Average (60%)") -> 0 | Z83: =IF(X83 <> 0,Y83/X83,"") | AA83: =AA82 -> 0 | AB83: =COUNTIFS('Data-TED-1'!$AH:$AH,AA$1,'Data-TED-1'!$J:$J,"Average (60%)") -> 0 | AC83: =IF(AA83 <> 0,AB83/AA83,"") | AD83: =AD82 -> 1 | AE83: =COUNTIFS('Data-TED-1'!$AH:$AH,AD$1,'Data-TED-1'!$J:$J,"Average (60%)") -> 1 | AF83: =IF(AD83 <> 0,AE83/AD83,"") -> 1 | AG83: =AG82 -> 0 | AH83: =COUNTIFS('Data-TED-1'!$AH:$AH,AG$1,'Data-TED-1'!$J:$J,"Average (60%)") -> 0 | AI83: =IF(AG83 <> 0,AH83/AG83,"") | AJ83: =AJ82 -> 0 | AK83: =COUNTIFS('Data-TED-1'!$AH:$AH,AJ$1,'Data-TED-1'!$J:$J,"Average (60%)") -> 0 | AL83: =IF(AJ83 <> 0,AK83/AJ83,"") | AM83: =AM82 -> 0 | AN83: =COUNTIFS('Data-TED-1'!$AH:$AH,AM$1,'Data-TED-1'!$J:$J,"Average (60%)") -> 0 | AO83: =IF(AM83 <> 0,AN83/AM83,"")
B84: d) Fair - 40% | C84: =C83 -> 1 | D84: =G84+J84+M84+P84+S84+V84+Y84+AB84+AE84+AH84+AK84+AN84 -> 0 | E84: =IF(C84 <> 0,D84/C84,"") -> 0 | F84: =F83 -> 0 | G84: =COUNTIFS('Data-TED-1'!$AH:$AH,F$1,'Data-TED-1'!$J:$J,"Unsatisfactory (40%)") -> 0 | H84: =IF(F84 <> 0,G84/F84,"") | I84: =I83 -> 0 | J84: =COUNTIFS('Data-TED-1'!$AH:$AH,I$1,'Data-TED-1'!$J:$J,"Unsatisfactory (40%)") -> 0 | K84: =IF(I84 <> 0,J84/I84,"") | L84: =L83 -> 0 | M84: =COUNTIFS('Data-TED-1'!$AH:$AH,L$1,'Data-TED-1'!$J:$J,"Unsatisfactory (40%)") -> 0 | N84: =IF(L84 <> 0,M84/L84,"") | O84: =O83 -> 0 | P84: =COUNTIFS('Data-TED-1'!$AH:$AH,O$1,'Data-TED-1'!$J:$J,"Unsatisfactory (40%)") -> 0 | Q84: =IF(O84 <> 0,P84/O84,"") | R84: =R83 -> 0 | S84: =COUNTIFS('Data-TED-1'!$AH:$AH,R$1,'Data-TED-1'!$J:$J,"Unsatisfactory (40%)") -> 0 | T84: =IF(R84 <> 0,S84/R84,"") | U84: =U83 -> 0 | V84: =COUNTIFS('Data-TED-1'!$AH:$AH,U$1,'Data-TED-1'!$J:$J,"Unsatisfactory (40%)") -> 0 | W84: =IF(U84 <> 0,V84/U84,"") | X84: =X83 -> 0 | Y84: =COUNTIFS('Data-TED-1'!$AH:$AH,X$1,'Data-TED-1'!$J:$J,"Unsatisfactory (40%)") -> 0 | Z84: =IF(X84 <> 0,Y84/X84,"") | AA84: =AA83 -> 0 | AB84: =COUNTIFS('Data-TED-1'!$AH:$AH,AA$1,'Data-TED-1'!$J:$J,"Unsatisfactory (40%)") -> 0 | AC84: =IF(AA84 <> 0,AB84/AA84,"") | AD84: =AD83 -> 1 | AE84: =COUNTIFS('Data-TED-1'!$AH:$AH,AD$1,'Data-TED-1'!$J:$J,"Unsatisfactory (40%)") -> 0 | AF84: =IF(AD84 <> 0,AE84/AD84,"") -> 0 | AG84: =AG83 -> 0 | AH84: =COUNTIFS('Data-TED-1'!$AH:$AH,AG$1,'Data-TED-1'!$J:$J,"Unsatisfactory (40%)") -> 0 | AI84: =IF(AG84 <> 0,AH84/AG84,"") | AJ84: =AJ83 -> 0 | AK84: =COUNTIFS('Data-TED-1'!$AH:$AH,AJ$1,'Data-TED-1'!$J:$J,"Unsatisfactory (40%)") -> 0 | AL84: =IF(AJ84 <> 0,AK84/AJ84,"") | AM84: =AM83 -> 0 | AN84: =COUNTIFS('Data-TED-1'!$AH:$AH,AM$1,'Data-TED-1'!$J:$J,"Unsatisfactory (40%)") -> 0 | AO84: =IF(AM84 <> 0,AN84/AM84,"")
B85: e) Poor - 20% | C85: =C84 -> 1 | D85: =G85+J85+M85+P85+S85+V85+Y85+AB85+AE85+AH85+AK85+AN85 -> 0 | E85: =IF(C85 <> 0,D85/C85,"") -> 0 | F85: =F84 -> 0 | G85: =COUNTIFS('Data-TED-1'!$AH:$AH,F$1,'Data-TED-1'!$J:$J,"Very unsatisfactory (20%)") -> 0 | H85: =IF(F85 <> 0,G85/F85,"") | I85: =I84 -> 0 | J85: =COUNTIFS('Data-TED-1'!$AH:$AH,I$1,'Data-TED-1'!$J:$J,"Very unsatisfactory (20%)") -> 0 | K85: =IF(I85 <> 0,J85/I85,"") | L85: =L84 -> 0 | M85: =COUNTIFS('Data-TED-1'!$AH:$AH,L$1,'Data-TED-1'!$J:$J,"Very unsatisfactory (20%)") -> 0 | N85: =IF(L85 <> 0,M85/L85,"") | O85: =O84 -> 0 | P85: =COUNTIFS('Data-TED-1'!$AH:$AH,O$1,'Data-TED-1'!$J:$J,"Very unsatisfactory (20%)") -> 0 | Q85: =IF(O85 <> 0,P85/O85,"") | R85: =R84 -> 0 | S85: =COUNTIFS('Data-TED-1'!$AH:$AH,R$1,'Data-TED-1'!$J:$J,"Very unsatisfactory (20%)") -> 0 | T85: =IF(R85 <> 0,S85/R85,"") | U85: =U84 -> 0 | V85: =COUNTIFS('Data-TED-1'!$AH:$AH,U$1,'Data-TED-1'!$J:$J,"Very unsatisfactory (20%)") -> 0 | W85: =IF(U85 <> 0,V85/U85,"") | X85: =X84 -> 0 | Y85: =COUNTIFS('Data-TED-1'!$AH:$AH,X$1,'Data-TED-1'!$J:$J,"Very unsatisfactory (20%)") -> 0 | Z85: =IF(X85 <> 0,Y85/X85,"") | AA85: =AA84 -> 0 | AB85: =COUNTIFS('Data-TED-1'!$AH:$AH,AA$1,'Data-TED-1'!$J:$J,"Very unsatisfactory (20%)") -> 0 | AC85: =IF(AA85 <> 0,AB85/AA85,"") | AD85: =AD84 -> 1 | AE85: =COUNTIFS('Data-TED-1'!$AH:$AH,AD$1,'Data-TED-1'!$J:$J,"Very unsatisfactory (20%)") -> 0 | AF85: =IF(AD85 <> 0,AE85/AD85,"") -> 0 | AG85: =AG84 -> 0 | AH85: =COUNTIFS('Data-TED-1'!$AH:$AH,AG$1,'Data-TED-1'!$J:$J,"Very unsatisfactory (20%)") -> 0 | AI85: =IF(AG85 <> 0,AH85/AG85,"") | AJ85: =AJ84 -> 0 | AK85: =COUNTIFS('Data-TED-1'!$AH:$AH,AJ$1,'Data-TED-1'!$J:$J,"Very unsatisfactory (20%)") -> 0 | AL85: =IF(AJ85 <> 0,AK85/AJ85,"") | AM85: =AM84 -> 0 | AN85: =COUNTIFS('Data-TED-1'!$AH:$AH,AM$1,'Data-TED-1'!$J:$J,"Very unsatisfactory (20%)") -> 0 | AO85: =IF(AM85 <> 0,AN85/AM85,"")
A86: 15 | B86: TED-1: Satisfaction with AyurVAID Reception Team
B87: a) Excellent - 100% | C87: =COUNTIF('Data-TED-1'!$K:$K,"<>" & "")-1 -> 1 | D87: =G87+J87+M87+P87+S87+V87+Y87+AB87+AE87+AH87+AK87+AN87 -> 0 | E87: =IF(C87 <> 0,D87/C87,"") -> 0 | F87: =COUNTIFS('Data-TED-1'!$AH:$AH,F$1,'Data-TED-1'!$K:$K,"<>" & "") -> 0 | G87: =COUNTIFS('Data-TED-1'!$AH:$AH,F$1,'Data-TED-1'!$K:$K,"Very satisfactory (100%)") -> 0 | H87: =IF(F87 <> 0,G87/F87,"") | I87: =COUNTIFS('Data-TED-1'!$AH:$AH,I$1,'Data-TED-1'!$K:$K,"<>" & "") -> 0 | J87: =COUNTIFS('Data-TED-1'!$AH:$AH,I$1,'Data-TED-1'!$K:$K,"Very satisfactory (100%)") -> 0 | K87: =IF(I87 <> 0,J87/I87,"") | L87: =COUNTIFS('Data-TED-1'!$AH:$AH,L$1,'Data-TED-1'!$K:$K,"<>" & "") -> 0 | M87: =COUNTIFS('Data-TED-1'!$AH:$AH,L$1,'Data-TED-1'!$K:$K,"Very satisfactory (100%)") -> 0 | N87: =IF(L87 <> 0,M87/L87,"") | O87: =COUNTIFS('Data-TED-1'!$AH:$AH,O$1,'Data-TED-1'!$K:$K,"<>" & "") -> 0 | P87: =COUNTIFS('Data-TED-1'!$AH:$AH,O$1,'Data-TED-1'!$K:$K,"Very satisfactory (100%)") -> 0 | Q87: =IF(O87 <> 0,P87/O87,"") | R87: =COUNTIFS('Data-TED-1'!$AH:$AH,R$1,'Data-TED-1'!$K:$K,"<>" & "") -> 0 | S87: =COUNTIFS('Data-TED-1'!$AH:$AH,R$1,'Data-TED-1'!$K:$K,"Very satisfactory (100%)") -> 0 | T87: =IF(R87 <> 0,S87/R87,"") | U87: =COUNTIFS('Data-TED-1'!$AH:$AH,U$1,'Data-TED-1'!$K:$K,"<>" & "") -> 0 | V87: =COUNTIFS('Data-TED-1'!$AH:$AH,U$1,'Data-TED-1'!$K:$K,"Very satisfactory (100%)") -> 0 | W87: =IF(U87 <> 0,V87/U87,"") | X87: =COUNTIFS('Data-TED-1'!$AH:$AH,X$1,'Data-TED-1'!$K:$K,"<>" & "") -> 0 | Y87: =COUNTIFS('Data-TED-1'!$AH:$AH,X$1,'Data-TED-1'!$K:$K,"Very satisfactory (100%)") -> 0 | Z87: =IF(X87 <> 0,Y87/X87,"") | AA87: =COUNTIFS('Data-TED-1'!$AH:$AH,AA$1,'Data-TED-1'!$K:$K,"<>" & "") -> 0 | AB87: =COUNTIFS('Data-TED-1'!$AH:$AH,AA$1,'Data-TED-1'!$K:$K,"Very satisfactory (100%)") -> 0 | AC87: =IF(AA87 <> 0,AB87/AA87,"") | AD87: =COUNTIFS('Data-TED-1'!$AH:$AH,AD$1,'Data-TED-1'!$K:$K,"<>" & "") -> 1 | AE87: =COUNTIFS('Data-TED-1'!$AH:$AH,AD$1,'Data-TED-1'!$K:$K,"Very satisfactory (100%)") -> 0 | AF87: =IF(AD87 <> 0,AE87/AD87,"") -> 0 | AG87: =COUNTIFS('Data-TED-1'!$AH:$AH,AG$1,'Data-TED-1'!$K:$K,"<>" & "") -> 0 | AH87: =COUNTIFS('Data-TED-1'!$AH:$AH,AG$1,'Data-TED-1'!$K:$K,"Very satisfactory (100%)") -> 0 | AI87: =IF(AG87 <> 0,AH87/AG87,"") | AJ87: =COUNTIFS('Data-TED-1'!$AH:$AH,AJ$1,'Data-TED-1'!$K:$K,"<>" & "") -> 0 | AK87: =COUNTIFS('Data-TED-1'!$AH:$AH,AJ$1,'Data-TED-1'!$K:$K,"Very satisfactory (100%)") -> 0 | AL87: =IF(AJ87 <> 0,AK87/AJ87,"") | AM87: =COUNTIFS('Data-TED-1'!$AH:$AH,AM$1,'Data-TED-1'!$K:$K,"<>" & "") -> 0 | AN87: =COUNTIFS('Data-TED-1'!$AH:$AH,AM$1,'Data-TED-1'!$K:$K,"Very satisfactory (100%)") -> 0 | AO87: =IF(AM87 <> 0,AN87/AM87,"")
B88: b) V.Good - 80% | C88: =C87 -> 1 | D88: =G88+J88+M88+P88+S88+V88+Y88+AB88+AE88+AH88+AK88+AN88 -> 1 | E88: =IF(C88 <> 0,D88/C88,"") -> 1 | F88: =F87 -> 0 | G88: =COUNTIFS('Data-TED-1'!$AH:$AH,F$1,'Data-TED-1'!$K:$K,"Satisfactory (80%)") -> 0 | H88: =IF(F88 <> 0,G88/F88,"") | I88: =I87 -> 0 | J88: =COUNTIFS('Data-TED-1'!$AH:$AH,I$1,'Data-TED-1'!$K:$K,"Satisfactory (80%)") -> 0 | K88: =IF(I88 <> 0,J88/I88,"") | L88: =L87 -> 0 | M88: =COUNTIFS('Data-TED-1'!$AH:$AH,L$1,'Data-TED-1'!$K:$K,"Satisfactory (80%)") -> 0 | N88: =IF(L88 <> 0,M88/L88,"") | O88: =O87 -> 0 | P88: =COUNTIFS('Data-TED-1'!$AH:$AH,O$1,'Data-TED-1'!$K:$K,"Satisfactory (80%)") -> 0 | Q88: =IF(O88 <> 0,P88/O88,"") | R88: =R87 -> 0 | S88: =COUNTIFS('Data-TED-1'!$AH:$AH,R$1,'Data-TED-1'!$K:$K,"Satisfactory (80%)") -> 0 | T88: =IF(R88 <> 0,S88/R88,"") | U88: =U87 -> 0 | V88: =COUNTIFS('Data-TED-1'!$AH:$AH,U$1,'Data-TED-1'!$K:$K,"Satisfactory (80%)") -> 0 | W88: =IF(U88 <> 0,V88/U88,"") | X88: =X87 -> 0 | Y88: =COUNTIFS('Data-TED-1'!$AH:$AH,X$1,'Data-TED-1'!$K:$K,"Satisfactory (80%)") -> 0 | Z88: =IF(X88 <> 0,Y88/X88,"") | AA88: =AA87 -> 0 | AB88: =COUNTIFS('Data-TED-1'!$AH:$AH,AA$1,'Data-TED-1'!$K:$K,"Satisfactory (80%)") -> 0 | AC88: =IF(AA88 <> 0,AB88/AA88,"") | AD88: =AD87 -> 1 | AE88: =COUNTIFS('Data-TED-1'!$AH:$AH,AD$1,'Data-TED-1'!$K:$K,"Satisfactory (80%)") -> 1 | AF88: =IF(AD88 <> 0,AE88/AD88,"") -> 1 | AG88: =AG87 -> 0 | AH88: =COUNTIFS('Data-TED-1'!$AH:$AH,AG$1,'Data-TED-1'!$K:$K,"Satisfactory (80%)") -> 0 | AI88: =IF(AG88 <> 0,AH88/AG88,"") | AJ88: =AJ87 -> 0 | AK88: =COUNTIFS('Data-TED-1'!$AH:$AH,AJ$1,'Data-TED-1'!$K:$K,"Satisfactory (80%)") -> 0 | AL88: =IF(AJ88 <> 0,AK88/AJ88,"") | AM88: =AM87 -> 0 | AN88: =COUNTIFS('Data-TED-1'!$AH:$AH,AM$1,'Data-TED-1'!$K:$K,"Satisfactory (80%)") -> 0 | AO88: =IF(AM88 <> 0,AN88/AM88,"")
B89: C) Good - 60% | C89: =C88 -> 1 | D89: =G89+J89+M89+P89+S89+V89+Y89+AB89+AE89+AH89+AK89+AN89 -> 0 | E89: =IF(C89 <> 0,D89/C89,"") -> 0 | F89: =F88 -> 0 | G89: =COUNTIFS('Data-TED-1'!$AH:$AH,F$1,'Data-TED-1'!$K:$K,"Average (60%)") -> 0 | H89: =IF(F89 <> 0,G89/F89,"") | I89: =I88 -> 0 | J89: =COUNTIFS('Data-TED-1'!$AH:$AH,I$1,'Data-TED-1'!$K:$K,"Average (60%)") -> 0 | K89: =IF(I89 <> 0,J89/I89,"") | L89: =L88 -> 0 | M89: =COUNTIFS('Data-TED-1'!$AH:$AH,L$1,'Data-TED-1'!$K:$K,"Average (60%)") -> 0 | N89: =IF(L89 <> 0,M89/L89,"") | O89: =O88 -> 0 | P89: =COUNTIFS('Data-TED-1'!$AH:$AH,O$1,'Data-TED-1'!$K:$K,"Average (60%)") -> 0 | Q89: =IF(O89 <> 0,P89/O89,"") | R89: =R88 -> 0 | S89: =COUNTIFS('Data-TED-1'!$AH:$AH,R$1,'Data-TED-1'!$K:$K,"Average (60%)") -> 0 | T89: =IF(R89 <> 0,S89/R89,"") | U89: =U88 -> 0 | V89: =COUNTIFS('Data-TED-1'!$AH:$AH,U$1,'Data-TED-1'!$K:$K,"Average (60%)") -> 0 | W89: =IF(U89 <> 0,V89/U89,"") | X89: =X88 -> 0 | Y89: =COUNTIFS('Data-TED-1'!$AH:$AH,X$1,'Data-TED-1'!$K:$K,"Average (60%)") -> 0 | Z89: =IF(X89 <> 0,Y89/X89,"") | AA89: =AA88 -> 0 | AB89: =COUNTIFS('Data-TED-1'!$AH:$AH,AA$1,'Data-TED-1'!$K:$K,"Average (60%)") -> 0 | AC89: =IF(AA89 <> 0,AB89/AA89,"") | AD89: =AD88 -> 1 | AE89: =COUNTIFS('Data-TED-1'!$AH:$AH,AD$1,'Data-TED-1'!$K:$K,"Average (60%)") -> 0 | AF89: =IF(AD89 <> 0,AE89/AD89,"") -> 0 | AG89: =AG88 -> 0 | AH89: =COUNTIFS('Data-TED-1'!$AH:$AH,AG$1,'Data-TED-1'!$K:$K,"Average (60%)") -> 0 | AI89: =IF(AG89 <> 0,AH89/AG89,"") | AJ89: =AJ88 -> 0 | AK89: =COUNTIFS('Data-TED-1'!$AH:$AH,AJ$1,'Data-TED-1'!$K:$K,"Average (60%)") -> 0 | AL89: =IF(AJ89 <> 0,AK89/AJ89,"") | AM89: =AM88 -> 0 | AN89: =COUNTIFS('Data-TED-1'!$AH:$AH,AM$1,'Data-TED-1'!$K:$K,"Average (60%)") -> 0 | AO89: =IF(AM89 <> 0,AN89/AM89,"")
B90: d) Fair - 40% | C90: =C89 -> 1 | D90: =G90+J90+M90+P90+S90+V90+Y90+AB90+AE90+AH90+AK90+AN90 -> 0 | E90: =IF(C90 <> 0,D90/C90,"") -> 0 | F90: =F89 -> 0 | G90: =COUNTIFS('Data-TED-1'!$AH:$AH,F$1,'Data-TED-1'!$K:$K,"Unsatisfactory (40%)") -> 0 | H90: =IF(F90 <> 0,G90/F90,"") | I90: =I89 -> 0 | J90: =COUNTIFS('Data-TED-1'!$AH:$AH,I$1,'Data-TED-1'!$K:$K,"Unsatisfactory (40%)") -> 0 | K90: =IF(I90 <> 0,J90/I90,"") | L90: =L89 -> 0 | M90: =COUNTIFS('Data-TED-1'!$AH:$AH,L$1,'Data-TED-1'!$K:$K,"Unsatisfactory (40%)") -> 0 | N90: =IF(L90 <> 0,M90/L90,"") | O90: =O89 -> 0 | P90: =COUNTIFS('Data-TED-1'!$AH:$AH,O$1,'Data-TED-1'!$K:$K,"Unsatisfactory (40%)") -> 0 | Q90: =IF(O90 <> 0,P90/O90,"") | R90: =R89 -> 0 | S90: =COUNTIFS('Data-TED-1'!$AH:$AH,R$1,'Data-TED-1'!$K:$K,"Unsatisfactory (40%)") -> 0 | T90: =IF(R90 <> 0,S90/R90,"") | U90: =U89 -> 0 | V90: =COUNTIFS('Data-TED-1'!$AH:$AH,U$1,'Data-TED-1'!$K:$K,"Unsatisfactory (40%)") -> 0 | W90: =IF(U90 <> 0,V90/U90,"") | X90: =X89 -> 0 | Y90: =COUNTIFS('Data-TED-1'!$AH:$AH,X$1,'Data-TED-1'!$K:$K,"Unsatisfactory (40%)") -> 0 | Z90: =IF(X90 <> 0,Y90/X90,"") | AA90: =AA89 -> 0 | AB90: =COUNTIFS('Data-TED-1'!$AH:$AH,AA$1,'Data-TED-1'!$K:$K,"Unsatisfactory (40%)") -> 0 | AC90: =IF(AA90 <> 0,AB90/AA90,"") | AD90: =AD89 -> 1 | AE90: =COUNTIFS('Data-TED-1'!$AH:$AH,AD$1,'Data-TED-1'!$K:$K,"Unsatisfactory (40%)") -> 0 | AF90: =IF(AD90 <> 0,AE90/AD90,"") -> 0 | AG90: =AG89 -> 0 | AH90: =COUNTIFS('Data-TED-1'!$AH:$AH,AG$1,'Data-TED-1'!$K:$K,"Unsatisfactory (40%)") -> 0 | AI90: =IF(AG90 <> 0,AH90/AG90,"") | AJ90: =AJ89 -> 0 | AK90: =COUNTIFS('Data-TED-1'!$AH:$AH,AJ$1,'Data-TED-1'!$K:$K,"Unsatisfactory (40%)") -> 0 | AL90: =IF(AJ90 <> 0,AK90/AJ90,"") | AM90: =AM89 -> 0 | AN90: =COUNTIFS('Data-TED-1'!$AH:$AH,AM$1,'Data-TED-1'!$K:$K,"Unsatisfactory (40%)") -> 0 | AO90: =IF(AM90 <> 0,AN90/AM90,"")
B91: e) Poor - 20% | C91: =C90 -> 1 | D91: =G91+J91+M91+P91+S91+V91+Y91+AB91+AE91+AH91+AK91+AN91 -> 0 | E91: =IF(C91 <> 0,D91/C91,"") -> 0 | F91: =F90 -> 0 | G91: =COUNTIFS('Data-TED-1'!$AH:$AH,F$1,'Data-TED-1'!$K:$K,"Very unsatisfactory (20%)") -> 0 | H91: =IF(F91 <> 0,G91/F91,"") | I91: =I90 -> 0 | J91: =COUNTIFS('Data-TED-1'!$AH:$AH,I$1,'Data-TED-1'!$K:$K,"Very unsatisfactory (20%)") -> 0 | K91: =IF(I91 <> 0,J91/I91,"") | L91: =L90 -> 0 | M91: =COUNTIFS('Data-TED-1'!$AH:$AH,L$1,'Data-TED-1'!$K:$K,"Very unsatisfactory (20%)") -> 0 | N91: =IF(L91 <> 0,M91/L91,"") | O91: =O90 -> 0 | P91: =COUNTIFS('Data-TED-1'!$AH:$AH,O$1,'Data-TED-1'!$K:$K,"Very unsatisfactory (20%)") -> 0 | Q91: =IF(O91 <> 0,P91/O91,"") | R91: =R90 -> 0 | S91: =COUNTIFS('Data-TED-1'!$AH:$AH,R$1,'Data-TED-1'!$K:$K,"Very unsatisfactory (20%)") -> 0 | T91: =IF(R91 <> 0,S91/R91,"") | U91: =U90 -> 0 | V91: =COUNTIFS('Data-TED-1'!$AH:$AH,U$1,'Data-TED-1'!$K:$K,"Very unsatisfactory (20%)") -> 0 | W91: =IF(U91 <> 0,V91/U91,"") | X91: =X90 -> 0 | Y91: =COUNTIFS('Data-TED-1'!$AH:$AH,X$1,'Data-TED-1'!$K:$K,"Very unsatisfactory (20%)") -> 0 | Z91: =IF(X91 <> 0,Y91/X91,"") | AA91: =AA90 -> 0 | AB91: =COUNTIFS('Data-TED-1'!$AH:$AH,AA$1,'Data-TED-1'!$K:$K,"Very unsatisfactory (20%)") -> 0 | AC91: =IF(AA91 <> 0,AB91/AA91,"") | AD91: =AD90 -> 1 | AE91: =COUNTIFS('Data-TED-1'!$AH:$AH,AD$1,'Data-TED-1'!$K:$K,"Very unsatisfactory (20%)") -> 0 | AF91: =IF(AD91 <> 0,AE91/AD91,"") -> 0 | AG91: =AG90 -> 0 | AH91: =COUNTIFS('Data-TED-1'!$AH:$AH,AG$1,'Data-TED-1'!$K:$K,"Very unsatisfactory (20%)") -> 0 | AI91: =IF(AG91 <> 0,AH91/AG91,"") | AJ91: =AJ90 -> 0 | AK91: =COUNTIFS('Data-TED-1'!$AH:$AH,AJ$1,'Data-TED-1'!$K:$K,"Very unsatisfactory (20%)") -> 0 | AL91: =IF(AJ91 <> 0,AK91/AJ91,"") | AM91: =AM90 -> 0 | AN91: =COUNTIFS('Data-TED-1'!$AH:$AH,AM$1,'Data-TED-1'!$K:$K,"Very unsatisfactory (20%)") -> 0 | AO91: =IF(AM91 <> 0,AN91/AM91,"")
A92: 16 | B92: TED-1: Satisfaction with Pharmacy and Billing Team
B93: a) Excellent - 100% | C93: =COUNTIF('Data-TED-1'!$L:$L,"<>" & "")-1 -> 1 | D93: =G93+J93+M93+P93+S93+V93+Y93+AB93+AE93+AH93+AK93+AN93 -> 0 | E93: =IF(C93 <> 0,D93/C93,"") -> 0 | F93: =COUNTIFS('Data-TED-1'!$AH:$AH,F$1,'Data-TED-1'!$L:$L,"<>" & "") -> 0 | G93: =COUNTIFS('Data-TED-1'!$AH:$AH,F$1,'Data-TED-1'!$L:$L,"Very satisfactory (100%)") -> 0 | H93: =IF(F93 <> 0,G93/F93,"") | I93: =COUNTIFS('Data-TED-1'!$AH:$AH,I$1,'Data-TED-1'!$L:$L,"<>" & "") -> 0 | J93: =COUNTIFS('Data-TED-1'!$AH:$AH,I$1,'Data-TED-1'!$L:$L,"Very satisfactory (100%)") -> 0 | K93: =IF(I93 <> 0,J93/I93,"") | L93: =COUNTIFS('Data-TED-1'!$AH:$AH,L$1,'Data-TED-1'!$L:$L,"<>" & "") -> 0 | M93: =COUNTIFS('Data-TED-1'!$AH:$AH,L$1,'Data-TED-1'!$L:$L,"Very satisfactory (100%)") -> 0 | N93: =IF(L93 <> 0,M93/L93,"") | O93: =COUNTIFS('Data-TED-1'!$AH:$AH,O$1,'Data-TED-1'!$L:$L,"<>" & "") -> 0 | P93: =COUNTIFS('Data-TED-1'!$AH:$AH,O$1,'Data-TED-1'!$L:$L,"Very satisfactory (100%)") -> 0 | Q93: =IF(O93 <> 0,P93/O93,"") | R93: =COUNTIFS('Data-TED-1'!$AH:$AH,R$1,'Data-TED-1'!$L:$L,"<>" & "") -> 0 | S93: =COUNTIFS('Data-TED-1'!$AH:$AH,R$1,'Data-TED-1'!$L:$L,"Very satisfactory (100%)") -> 0 | T93: =IF(R93 <> 0,S93/R93,"") | U93: =COUNTIFS('Data-TED-1'!$AH:$AH,U$1,'Data-TED-1'!$L:$L,"<>" & "") -> 0 | V93: =COUNTIFS('Data-TED-1'!$AH:$AH,U$1,'Data-TED-1'!$L:$L,"Very satisfactory (100%)") -> 0 | W93: =IF(U93 <> 0,V93/U93,"") | X93: =COUNTIFS('Data-TED-1'!$AH:$AH,X$1,'Data-TED-1'!$L:$L,"<>" & "") -> 0 | Y93: =COUNTIFS('Data-TED-1'!$AH:$AH,X$1,'Data-TED-1'!$L:$L,"Very satisfactory (100%)") -> 0 | Z93: =IF(X93 <> 0,Y93/X93,"") | AA93: =COUNTIFS('Data-TED-1'!$AH:$AH,AA$1,'Data-TED-1'!$L:$L,"<>" & "") -> 0 | AB93: =COUNTIFS('Data-TED-1'!$AH:$AH,AA$1,'Data-TED-1'!$L:$L,"Very satisfactory (100%)") -> 0 | AC93: =IF(AA93 <> 0,AB93/AA93,"") | AD93: =COUNTIFS('Data-TED-1'!$AH:$AH,AD$1,'Data-TED-1'!$L:$L,"<>" & "") -> 1 | AE93: =COUNTIFS('Data-TED-1'!$AH:$AH,AD$1,'Data-TED-1'!$L:$L,"Very satisfactory (100%)") -> 0 | AF93: =IF(AD93 <> 0,AE93/AD93,"") -> 0 | AG93: =COUNTIFS('Data-TED-1'!$AH:$AH,AG$1,'Data-TED-1'!$L:$L,"<>" & "") -> 0 | AH93: =COUNTIFS('Data-TED-1'!$AH:$AH,AG$1,'Data-TED-1'!$L:$L,"Very satisfactory (100%)") -> 0 | AI93: =IF(AG93 <> 0,AH93/AG93,"") | AJ93: =COUNTIFS('Data-TED-1'!$AH:$AH,AJ$1,'Data-TED-1'!$L:$L,"<>" & "") -> 0 | AK93: =COUNTIFS('Data-TED-1'!$AH:$AH,AJ$1,'Data-TED-1'!$L:$L,"Very satisfactory (100%)") -> 0 | AL93: =IF(AJ93 <> 0,AK93/AJ93,"") | AM93: =COUNTIFS('Data-TED-1'!$AH:$AH,AM$1,'Data-TED-1'!$L:$L,"<>" & "") -> 0 | AN93: =COUNTIFS('Data-TED-1'!$AH:$AH,AM$1,'Data-TED-1'!$L:$L,"Very satisfactory (100%)") -> 0 | AO93: =IF(AM93 <> 0,AN93/AM93,"")
B94: b) V.Good - 80% | C94: =C93 -> 1 | D94: =G94+J94+M94+P94+S94+V94+Y94+AB94+AE94+AH94+AK94+AN94 -> 1 | E94: =IF(C94 <> 0,D94/C94,"") -> 1 | F94: =F93 -> 0 | G94: =COUNTIFS('Data-TED-1'!$AH:$AH,F$1,'Data-TED-1'!$L:$L,"Satisfactory (80%)") -> 0 | H94: =IF(F94 <> 0,G94/F94,"") | I94: =I93 -> 0 | J94: =COUNTIFS('Data-TED-1'!$AH:$AH,I$1,'Data-TED-1'!$L:$L,"Satisfactory (80%)") -> 0 | K94: =IF(I94 <> 0,J94/I94,"") | L94: =L93 -> 0 | M94: =COUNTIFS('Data-TED-1'!$AH:$AH,L$1,'Data-TED-1'!$L:$L,"Satisfactory (80%)") -> 0 | N94: =IF(L94 <> 0,M94/L94,"") | O94: =O93 -> 0 | P94: =COUNTIFS('Data-TED-1'!$AH:$AH,O$1,'Data-TED-1'!$L:$L,"Satisfactory (80%)") -> 0 | Q94: =IF(O94 <> 0,P94/O94,"") | R94: =R93 -> 0 | S94: =COUNTIFS('Data-TED-1'!$AH:$AH,R$1,'Data-TED-1'!$L:$L,"Satisfactory (80%)") -> 0 | T94: =IF(R94 <> 0,S94/R94,"") | U94: =U93 -> 0 | V94: =COUNTIFS('Data-TED-1'!$AH:$AH,U$1,'Data-TED-1'!$L:$L,"Satisfactory (80%)") -> 0 | W94: =IF(U94 <> 0,V94/U94,"") | X94: =X93 -> 0 | Y94: =COUNTIFS('Data-TED-1'!$AH:$AH,X$1,'Data-TED-1'!$L:$L,"Satisfactory (80%)") -> 0 | Z94: =IF(X94 <> 0,Y94/X94,"") | AA94: =AA93 -> 0 | AB94: =COUNTIFS('Data-TED-1'!$AH:$AH,AA$1,'Data-TED-1'!$L:$L,"Satisfactory (80%)") -> 0 | AC94: =IF(AA94 <> 0,AB94/AA94,"") | AD94: =AD93 -> 1 | AE94: =COUNTIFS('Data-TED-1'!$AH:$AH,AD$1,'Data-TED-1'!$L:$L,"Satisfactory (80%)") -> 1 | AF94: =IF(AD94 <> 0,AE94/AD94,"") -> 1 | AG94: =AG93 -> 0 | AH94: =COUNTIFS('Data-TED-1'!$AH:$AH,AG$1,'Data-TED-1'!$L:$L,"Satisfactory (80%)") -> 0 | AI94: =IF(AG94 <> 0,AH94/AG94,"") | AJ94: =AJ93 -> 0 | AK94: =COUNTIFS('Data-TED-1'!$AH:$AH,AJ$1,'Data-TED-1'!$L:$L,"Satisfactory (80%)") -> 0 | AL94: =IF(AJ94 <> 0,AK94/AJ94,"") | AM94: =AM93 -> 0 | AN94: =COUNTIFS('Data-TED-1'!$AH:$AH,AM$1,'Data-TED-1'!$L:$L,"Satisfactory (80%)") -> 0 | AO94: =IF(AM94 <> 0,AN94/AM94,"")
B95: C) Good - 60% | C95: =C94 -> 1 | D95: =G95+J95+M95+P95+S95+V95+Y95+AB95+AE95+AH95+AK95+AN95 -> 0 | E95: =IF(C95 <> 0,D95/C95,"") -> 0 | F95: =F94 -> 0 | G95: =COUNTIFS('Data-TED-1'!$AH:$AH,F$1,'Data-TED-1'!$L:$L,"Average (60%)") -> 0 | H95: =IF(F95 <> 0,G95/F95,"") | I95: =I94 -> 0 | J95: =COUNTIFS('Data-TED-1'!$AH:$AH,I$1,'Data-TED-1'!$L:$L,"Average (60%)") -> 0 | K95: =IF(I95 <> 0,J95/I95,"") | L95: =L94 -> 0 | M95: =COUNTIFS('Data-TED-1'!$AH:$AH,L$1,'Data-TED-1'!$L:$L,"Average (60%)") -> 0 | N95: =IF(L95 <> 0,M95/L95,"") | O95: =O94 -> 0 | P95: =COUNTIFS('Data-TED-1'!$AH:$AH,O$1,'Data-TED-1'!$L:$L,"Average (60%)") -> 0 | Q95: =IF(O95 <> 0,P95/O95,"") | R95: =R94 -> 0 | S95: =COUNTIFS('Data-TED-1'!$AH:$AH,R$1,'Data-TED-1'!$L:$L,"Average (60%)") -> 0 | T95: =IF(R95 <> 0,S95/R95,"") | U95: =U94 -> 0 | V95: =COUNTIFS('Data-TED-1'!$AH:$AH,U$1,'Data-TED-1'!$L:$L,"Average (60%)") -> 0 | W95: =IF(U95 <> 0,V95/U95,"") | X95: =X94 -> 0 | Y95: =COUNTIFS('Data-TED-1'!$AH:$AH,X$1,'Data-TED-1'!$L:$L,"Average (60%)") -> 0 | Z95: =IF(X95 <> 0,Y95/X95,"") | AA95: =AA94 -> 0 | AB95: =COUNTIFS('Data-TED-1'!$AH:$AH,AA$1,'Data-TED-1'!$L:$L,"Average (60%)") -> 0 | AC95: =IF(AA95 <> 0,AB95/AA95,"") | AD95: =AD94 -> 1 | AE95: =COUNTIFS('Data-TED-1'!$AH:$AH,AD$1,'Data-TED-1'!$L:$L,"Average (60%)") -> 0 | AF95: =IF(AD95 <> 0,AE95/AD95,"") -> 0 | AG95: =AG94 -> 0 | AH95: =COUNTIFS('Data-TED-1'!$AH:$AH,AG$1,'Data-TED-1'!$L:$L,"Average (60%)") -> 0 | AI95: =IF(AG95 <> 0,AH95/AG95,"") | AJ95: =AJ94 -> 0 | AK95: =COUNTIFS('Data-TED-1'!$AH:$AH,AJ$1,'Data-TED-1'!$L:$L,"Average (60%)") -> 0 | AL95: =IF(AJ95 <> 0,AK95/AJ95,"") | AM95: =AM94 -> 0 | AN95: =COUNTIFS('Data-TED-1'!$AH:$AH,AM$1,'Data-TED-1'!$L:$L,"Average (60%)") -> 0 | AO95: =IF(AM95 <> 0,AN95/AM95,"")
B96: d) Fair - 40% | C96: =C95 -> 1 | D96: =G96+J96+M96+P96+S96+V96+Y96+AB96+AE96+AH96+AK96+AN96 -> 0 | E96: =IF(C96 <> 0,D96/C96,"") -> 0 | F96: =F95 -> 0 | G96: =COUNTIFS('Data-TED-1'!$AH:$AH,F$1,'Data-TED-1'!$L:$L,"Unsatisfactory (40%)") -> 0 | H96: =IF(F96 <> 0,G96/F96,"") | I96: =I95 -> 0 | J96: =COUNTIFS('Data-TED-1'!$AH:$AH,I$1,'Data-TED-1'!$L:$L,"Unsatisfactory (40%)") -> 0 | K96: =IF(I96 <> 0,J96/I96,"") | L96: =L95 -> 0 | M96: =COUNTIFS('Data-TED-1'!$AH:$AH,L$1,'Data-TED-1'!$L:$L,"Unsatisfactory (40%)") -> 0 | N96: =IF(L96 <> 0,M96/L96,"") | O96: =O95 -> 0 | P96: =COUNTIFS('Data-TED-1'!$AH:$AH,O$1,'Data-TED-1'!$L:$L,"Unsatisfactory (40%)") -> 0 | Q96: =IF(O96 <> 0,P96/O96,"") | R96: =R95 -> 0 | S96: =COUNTIFS('Data-TED-1'!$AH:$AH,R$1,'Data-TED-1'!$L:$L,"Unsatisfactory (40%)") -> 0 | T96: =IF(R96 <> 0,S96/R96,"") | U96: =U95 -> 0 | V96: =COUNTIFS('Data-TED-1'!$AH:$AH,U$1,'Data-TED-1'!$L:$L,"Unsatisfactory (40%)") -> 0 | W96: =IF(U96 <> 0,V96/U96,"") | X96: =X95 -> 0 | Y96: =COUNTIFS('Data-TED-1'!$AH:$AH,X$1,'Data-TED-1'!$L:$L,"Unsatisfactory (40%)") -> 0 | Z96: =IF(X96 <> 0,Y96/X96,"") | AA96: =AA95 -> 0 | AB96: =COUNTIFS('Data-TED-1'!$AH:$AH,AA$1,'Data-TED-1'!$L:$L,"Unsatisfactory (40%)") -> 0 | AC96: =IF(AA96 <> 0,AB96/AA96,"") | AD96: =AD95 -> 1 | AE96: =COUNTIFS('Data-TED-1'!$AH:$AH,AD$1,'Data-TED-1'!$L:$L,"Unsatisfactory (40%)") -> 0 | AF96: =IF(AD96 <> 0,AE96/AD96,"") -> 0 | AG96: =AG95 -> 0 | AH96: =COUNTIFS('Data-TED-1'!$AH:$AH,AG$1,'Data-TED-1'!$L:$L,"Unsatisfactory (40%)") -> 0 | AI96: =IF(AG96 <> 0,AH96/AG96,"") | AJ96: =AJ95 -> 0 | AK96: =COUNTIFS('Data-TED-1'!$AH:$AH,AJ$1,'Data-TED-1'!$L:$L,"Unsatisfactory (40%)") -> 0 | AL96: =IF(AJ96 <> 0,AK96/AJ96,"") | AM96: =AM95 -> 0 | AN96: =COUNTIFS('Data-TED-1'!$AH:$AH,AM$1,'Data-TED-1'!$L:$L,"Unsatisfactory (40%)") -> 0 | AO96: =IF(AM96 <> 0,AN96/AM96,"")
B97: e) Poor - 20% | C97: =C96 -> 1 | D97: =G97+J97+M97+P97+S97+V97+Y97+AB97+AE97+AH97+AK97+AN97 -> 0 | E97: =IF(C97 <> 0,D97/C97,"") -> 0 | F97: =F96 -> 0 | G97: =COUNTIFS('Data-TED-1'!$AH:$AH,F$1,'Data-TED-1'!$L:$L,"Very unsatisfactory (20%)") -> 0 | H97: =IF(F97 <> 0,G97/F97,"") | I97: =I96 -> 0 | J97: =COUNTIFS('Data-TED-1'!$AH:$AH,I$1,'Data-TED-1'!$L:$L,"Very unsatisfactory (20%)") -> 0 | K97: =IF(I97 <> 0,J97/I97,"") | L97: =L96 -> 0 | M97: =COUNTIFS('Data-TED-1'!$AH:$AH,L$1,'Data-TED-1'!$L:$L,"Very unsatisfactory (20%)") -> 0 | N97: =IF(L97 <> 0,M97/L97,"") | O97: =O96 -> 0 | P97: =COUNTIFS('Data-TED-1'!$AH:$AH,O$1,'Data-TED-1'!$L:$L,"Very unsatisfactory (20%)") -> 0 | Q97: =IF(O97 <> 0,P97/O97,"") | R97: =R96 -> 0 | S97: =COUNTIFS('Data-TED-1'!$AH:$AH,R$1,'Data-TED-1'!$L:$L,"Very unsatisfactory (20%)") -> 0 | T97: =IF(R97 <> 0,S97/R97,"") | U97: =U96 -> 0 | V97: =COUNTIFS('Data-TED-1'!$AH:$AH,U$1,'Data-TED-1'!$L:$L,"Very unsatisfactory (20%)") -> 0 | W97: =IF(U97 <> 0,V97/U97,"") | X97: =X96 -> 0 | Y97: =COUNTIFS('Data-TED-1'!$AH:$AH,X$1,'Data-TED-1'!$L:$L,"Very unsatisfactory (20%)") -> 0 | Z97: =IF(X97 <> 0,Y97/X97,"") | AA97: =AA96 -> 0 | AB97: =COUNTIFS('Data-TED-1'!$AH:$AH,AA$1,'Data-TED-1'!$L:$L,"Very unsatisfactory (20%)") -> 0 | AC97: =IF(AA97 <> 0,AB97/AA97,"") | AD97: =AD96 -> 1 | AE97: =COUNTIFS('Data-TED-1'!$AH:$AH,AD$1,'Data-TED-1'!$L:$L,"Very unsatisfactory (20%)") -> 0 | AF97: =IF(AD97 <> 0,AE97/AD97,"") -> 0 | AG97: =AG96 -> 0 | AH97: =COUNTIFS('Data-TED-1'!$AH:$AH,AG$1,'Data-TED-1'!$L:$L,"Very unsatisfactory (20%)") -> 0 | AI97: =IF(AG97 <> 0,AH97/AG97,"") | AJ97: =AJ96 -> 0 | AK97: =COUNTIFS('Data-TED-1'!$AH:$AH,AJ$1,'Data-TED-1'!$L:$L,"Very unsatisfactory (20%)") -> 0 | AL97: =IF(AJ97 <> 0,AK97/AJ97,"") | AM97: =AM96 -> 0 | AN97: =COUNTIFS('Data-TED-1'!$AH:$AH,AM$1,'Data-TED-1'!$L:$L,"Very unsatisfactory (20%)") -> 0 | AO97: =IF(AM97 <> 0,AN97/AM97,"")
A98: 17 | B98: TED-1: Satisfaction with ease of lodging complaints
B99: a) Excellent - 100% | C99: =COUNTIF('Data-TED-1'!$M:$M,"<>" & "")-1 -> 1 | D99: =G99+J99+M99+P99+S99+V99+Y99+AB99+AE99+AH99+AK99+AN99 -> 0 | E99: =IF(C99 <> 0,D99/C99,"") -> 0 | F99: =COUNTIFS('Data-TED-1'!$AH:$AH,F$1,'Data-TED-1'!$M:$M,"<>" & "") -> 0 | G99: =COUNTIFS('Data-TED-1'!$AH:$AH,F$1,'Data-TED-1'!$M:$M,"Very satisfactory (100%)") -> 0 | H99: =IF(F99 <> 0,G99/F99,"") | I99: =COUNTIFS('Data-TED-1'!$AH:$AH,I$1,'Data-TED-1'!$M:$M,"<>" & "") -> 0 | J99: =COUNTIFS('Data-TED-1'!$AH:$AH,I$1,'Data-TED-1'!$M:$M,"Very satisfactory (100%)") -> 0 | K99: =IF(I99 <> 0,J99/I99,"") | L99: =COUNTIFS('Data-TED-1'!$AH:$AH,L$1,'Data-TED-1'!$M:$M,"<>" & "") -> 0 | M99: =COUNTIFS('Data-TED-1'!$AH:$AH,L$1,'Data-TED-1'!$M:$M,"Very satisfactory (100%)") -> 0 | N99: =IF(L99 <> 0,M99/L99,"") | O99: =COUNTIFS('Data-TED-1'!$AH:$AH,O$1,'Data-TED-1'!$M:$M,"<>" & "") -> 0 | P99: =COUNTIFS('Data-TED-1'!$AH:$AH,O$1,'Data-TED-1'!$M:$M,"Very satisfactory (100%)") -> 0 | Q99: =IF(O99 <> 0,P99/O99,"") | R99: =COUNTIFS('Data-TED-1'!$AH:$AH,R$1,'Data-TED-1'!$M:$M,"<>" & "") -> 0 | S99: =COUNTIFS('Data-TED-1'!$AH:$AH,R$1,'Data-TED-1'!$M:$M,"Very satisfactory (100%)") -> 0 | T99: =IF(R99 <> 0,S99/R99,"") | U99: =COUNTIFS('Data-TED-1'!$AH:$AH,U$1,'Data-TED-1'!$M:$M,"<>" & "") -> 0 | V99: =COUNTIFS('Data-TED-1'!$AH:$AH,U$1,'Data-TED-1'!$M:$M,"Very satisfactory (100%)") -> 0 | W99: =IF(U99 <> 0,V99/U99,"") | X99: =COUNTIFS('Data-TED-1'!$AH:$AH,X$1,'Data-TED-1'!$M:$M,"<>" & "") -> 0 | Y99: =COUNTIFS('Data-TED-1'!$AH:$AH,X$1,'Data-TED-1'!$M:$M,"Very satisfactory (100%)") -> 0 | Z99: =IF(X99 <> 0,Y99/X99,"") | AA99: =COUNTIFS('Data-TED-1'!$AH:$AH,AA$1,'Data-TED-1'!$M:$M,"<>" & "") -> 0 | AB99: =COUNTIFS('Data-TED-1'!$AH:$AH,AA$1,'Data-TED-1'!$M:$M,"Very satisfactory (100%)") -> 0 | AC99: =IF(AA99 <> 0,AB99/AA99,"") | AD99: =COUNTIFS('Data-TED-1'!$AH:$AH,AD$1,'Data-TED-1'!$M:$M,"<>" & "") -> 1 | AE99: =COUNTIFS('Data-TED-1'!$AH:$AH,AD$1,'Data-TED-1'!$M:$M,"Very satisfactory (100%)") -> 0 | AF99: =IF(AD99 <> 0,AE99/AD99,"") -> 0 | AG99: =COUNTIFS('Data-TED-1'!$AH:$AH,AG$1,'Data-TED-1'!$M:$M,"<>" & "") -> 0 | AH99: =COUNTIFS('Data-TED-1'!$AH:$AH,AG$1,'Data-TED-1'!$M:$M,"Very satisfactory (100%)") -> 0 | AI99: =IF(AG99 <> 0,AH99/AG99,"") | AJ99: =COUNTIFS('Data-TED-1'!$AH:$AH,AJ$1,'Data-TED-1'!$M:$M,"<>" & "") -> 0 | AK99: =COUNTIFS('Data-TED-1'!$AH:$AH,AJ$1,'Data-TED-1'!$M:$M,"Very satisfactory (100%)") -> 0 | AL99: =IF(AJ99 <> 0,AK99/AJ99,"") | AM99: =COUNTIFS('Data-TED-1'!$AH:$AH,AM$1,'Data-TED-1'!$M:$M,"<>" & "") -> 0 | AN99: =COUNTIFS('Data-TED-1'!$AH:$AH,AM$1,'Data-TED-1'!$M:$M,"Very satisfactory (100%)") -> 0 | AO99: =IF(AM99 <> 0,AN99/AM99,"")
B100: b) V.Good - 80% | C100: =C99 -> 1 | D100: =G100+J100+M100+P100+S100+V100+Y100+AB100+AE100+AH100+AK100+AN100 -> 0 | E100: =IF(C100 <> 0,D100/C100,"") -> 0 | F100: =F99 -> 0 | G100: =COUNTIFS('Data-TED-1'!$AH:$AH,F$1,'Data-TED-1'!$M:$M,"Satisfactory (80%)") -> 0 | H100: =IF(F100 <> 0,G100/F100,"") | I100: =I99 -> 0 | J100: =COUNTIFS('Data-TED-1'!$AH:$AH,I$1,'Data-TED-1'!$M:$M,"Satisfactory (80%)") -> 0 | K100: =IF(I100 <> 0,J100/I100,"") | L100: =L99 -> 0 | M100: =COUNTIFS('Data-TED-1'!$AH:$AH,L$1,'Data-TED-1'!$M:$M,"Satisfactory (80%)") -> 0 | N100: =IF(L100 <> 0,M100/L100,"") | O100: =O99 -> 0 | P100: =COUNTIFS('Data-TED-1'!$AH:$AH,O$1,'Data-TED-1'!$M:$M,"Satisfactory (80%)") -> 0 | Q100: =IF(O100 <> 0,P100/O100,"") | R100: =R99 -> 0 | S100: =COUNTIFS('Data-TED-1'!$AH:$AH,R$1,'Data-TED-1'!$M:$M,"Satisfactory (80%)") -> 0 | T100: =IF(R100 <> 0,S100/R100,"") | U100: =U99 -> 0 | V100: =COUNTIFS('Data-TED-1'!$AH:$AH,U$1,'Data-TED-1'!$M:$M,"Satisfactory (80%)") -> 0 | W100: =IF(U100 <> 0,V100/U100,"") | X100: =X99 -> 0 | Y100: =COUNTIFS('Data-TED-1'!$AH:$AH,X$1,'Data-TED-1'!$M:$M,"Satisfactory (80%)") -> 0 | Z100: =IF(X100 <> 0,Y100/X100,"") | AA100: =AA99 -> 0 | AB100: =COUNTIFS('Data-TED-1'!$AH:$AH,AA$1,'Data-TED-1'!$M:$M,"Satisfactory (80%)") -> 0 | AC100: =IF(AA100 <> 0,AB100/AA100,"") | AD100: =AD99 -> 1 | AE100: =COUNTIFS('Data-TED-1'!$AH:$AH,AD$1,'Data-TED-1'!$M:$M,"Satisfactory (80%)") -> 0 | AF100: =IF(AD100 <> 0,AE100/AD100,"") -> 0 | AG100: =AG99 -> 0 | AH100: =COUNTIFS('Data-TED-1'!$AH:$AH,AG$1,'Data-TED-1'!$M:$M,"Satisfactory (80%)") -> 0 | AI100: =IF(AG100 <> 0,AH100/AG100,"") | AJ100: =AJ99 -> 0 | AK100: =COUNTIFS('Data-TED-1'!$AH:$AH,AJ$1,'Data-TED-1'!$M:$M,"Satisfactory (80%)") -> 0 | AL100: =IF(AJ100 <> 0,AK100/AJ100,"") | AM100: =AM99 -> 0 | AN100: =COUNTIFS('Data-TED-1'!$AH:$AH,AM$1,'Data-TED-1'!$M:$M,"Satisfactory (80%)") -> 0 | AO100: =IF(AM100 <> 0,AN100/AM100,"")
...

Sheet Graphs
W46: `
X51: Adverse Event | Y51: Count
X52: Vomiting | Y52: =COUNTIF('Data-TED-1'!$P:$P,"Yes") -> 0
X53: Acidity | Y53: =COUNTIF('Data-TED-1'!Q:Q,"Yes") -> 0
X54: Cought/Cold | Y54: =COUNTIF('Data-TED-1'!R:R,"Yes") -> 0
X55: Rash | Y55: =COUNTIF('Data-TED-1'!AI:AI,"Yes") -> 0
X56: Loose Motion | Y56: =COUNTIF('Data-TED-1'!T:T,"Yes") -> 0
X57: Pain | Y57: =COUNTIF('Data-TED-1'!U:U,"Yes") -> 0
X58: Fall | Y58: =COUNTIF('Data-TED-1'!V:V,"Yes") -> 0
X59: Sleep issue, week, HeadaCEe | Y59: =COUNTIF('Data-TED-1'!W:W,"Yes") -> 0
A214: TSD+1: Satisfaction with clarity of treatment Obgectives
B215: =Graphs!B240 -> 45748 | C215: =Graphs!C240 -> 45778 | D215: =Graphs!D240 -> 45809 | E215: =Graphs!E240 -> 45839 | F215: =Graphs!F240 -> 45870 | G215: =Graphs!G240 -> 45901 | H215: =Graphs!H240 -> 45931 | I215: =Graphs!I240 -> 45962 | ... O215: =Graphs!O240 -> 46143
A216: TSD+1: Satisfaction with clarity of treatment oBGectives
A217: a) Excellent - 100% | B217: ='CSAT-AVH'!H3 -> 1 | C217: ='CSAT-AVH'!K3 | D217: ='CSAT-AVH'!N3 | E217: ='CSAT-AVH'!Q3 | F217: ='CSAT-AVH'!T3 | G217: ='CSAT-AVH'!W3 | H217: ='CSAT-AVH'!Z3 | I217: ='CSAT-AVH'!AC3 | J217: ='CSAT-AVH'!AF3 | K217: ='CSAT-AVH'!AI3 | L217: ='CSAT-AVH'!AL3 | M217: ='CSAT-AVH'!AO3 | N217: ='CSAT-AVH'!#REF! -> #REF! | O217: ='CSAT-AVH'!#REF! -> #REF!
A218: b) V.Good - 80% | B218: ='CSAT-AVH'!H4 -> 0 | C218: ='CSAT-AVH'!K4 | D218: ='CSAT-AVH'!N4 | E218: ='CSAT-AVH'!Q4 | F218: ='CSAT-AVH'!T4 | G218: ='CSAT-AVH'!W4 | H218: ='CSAT-AVH'!Z4 | I218: ='CSAT-AVH'!AC4 | J218: ='CSAT-AVH'!AF4 | K218: ='CSAT-AVH'!AI4 | L218: ='CSAT-AVH'!AL4 | M218: ='CSAT-AVH'!AO4 | N218: ='CSAT-AVH'!#REF! -> #REF! | O218: ='CSAT-AVH'!#REF! -> #REF!
A219: C) Good - 60% | B219: ='CSAT-AVH'!H5 -> 0 | C219: ='CSAT-AVH'!K5 | D219: ='CSAT-AVH'!N5 | E219: ='CSAT-AVH'!Q5 | F219: ='CSAT-AVH'!T5 | G219: ='CSAT-AVH'!W5 | H219: ='CSAT-AVH'!Z5 | I219: ='CSAT-AVH'!AC5 | J219: ='CSAT-AVH'!AF5 | K219: ='CSAT-AVH'!AI5 | L219: ='CSAT-AVH'!AL5 | M219: ='CSAT-AVH'!AO5 | N219: ='CSAT-AVH'!#REF! -> #REF! | O219: ='CSAT-AVH'!#REF! -> #REF!
A220: d) Fair - 40% | B220: ='CSAT-AVH'!H6 -> 0 | C220: ='CSAT-AVH'!K6 | D220: ='CSAT-AVH'!N6 | E220: ='CSAT-AVH'!Q6 | F220: ='CSAT-AVH'!T6 | G220: ='CSAT-AVH'!W6 | H220: ='CSAT-AVH'!Z6 | I220: ='CSAT-AVH'!AC6 | J220: ='CSAT-AVH'!AF6 | K220: ='CSAT-AVH'!AI6 | L220: ='CSAT-AVH'!AL6 | M220: ='CSAT-AVH'!AO6 | N220: ='CSAT-AVH'!#REF! -> #REF! | O220: ='CSAT-AVH'!#REF! -> #REF!
A221: e) Poor - 20% | B221: ='CSAT-AVH'!H7 -> 0 | C221: ='CSAT-AVH'!K7 | D221: ='CSAT-AVH'!N7 | E221: ='CSAT-AVH'!Q7 | F221: ='CSAT-AVH'!T7 | G221: ='CSAT-AVH'!W7 | H221: ='CSAT-AVH'!Z7 | I221: ='CSAT-AVH'!AC7 | J221: ='CSAT-AVH'!AF7 | K221: ='CSAT-AVH'!AI7 | L221: ='CSAT-AVH'!AL7 | M221: ='CSAT-AVH'!AO7 | N221: ='CSAT-AVH'!#REF! -> #REF! | O221: ='CSAT-AVH'!#REF! -> #REF!
A222: TED-1: Satisfaction with Improvement in your health through AyurVAID's Medical Care
B223: =Graphs!B240 -> 45748 | C223: =Graphs!C240 -> 45778 | D223: =Graphs!D240 -> 45809 | E223: =Graphs!E240 -> 45839 | F223: =Graphs!F240 -> 45870 | G223: =Graphs!G240 -> 45901 | H223: =Graphs!H240 -> 45931 | I223: =Graphs!I240 -> 45962 | ... O223: =Graphs!O240 -> 46143
A224: TED-1: Satisfaction with Improvement in your health through AyurVAID's Medical Care
A225: b) V.Good - 80% | B225: ='CSAT-AVH'!H112 | C225: ='CSAT-AVH'!K112 | D225: ='CSAT-AVH'!N112 | E225: ='CSAT-AVH'!Q112 | F225: ='CSAT-AVH'!T112 | G225: ='CSAT-AVH'!W112 | H225: ='CSAT-AVH'!Z112 | I225: ='CSAT-AVH'!AC112 | J225: ='CSAT-AVH'!AF112 -> 1 | K225: ='CSAT-AVH'!AI112 | L225: ='CSAT-AVH'!AL112 | M225: ='CSAT-AVH'!AO112 | N225: ='CSAT-AVH'!#REF! -> #REF! | O225: ='CSAT-AVH'!#REF! -> #REF!
A226: a) Excellent - 100% | B226: ='CSAT-AVH'!H111 | C226: ='CSAT-AVH'!K111 | D226: ='CSAT-AVH'!N111 | E226: ='CSAT-AVH'!Q111 | F226: ='CSAT-AVH'!T111 | G226: ='CSAT-AVH'!W111 | H226: ='CSAT-AVH'!Z111 | I226: ='CSAT-AVH'!AC111 | J226: ='CSAT-AVH'!AF111 -> 0 | K226: ='CSAT-AVH'!AI111 | L226: ='CSAT-AVH'!AL111 | M226: ='CSAT-AVH'!AO111 | N226: ='CSAT-AVH'!#REF! -> #REF! | O226: ='CSAT-AVH'!#REF! -> #REF!
A227: C) Good - 60% | B227: ='CSAT-AVH'!H113 | C227: ='CSAT-AVH'!K113 | D227: ='CSAT-AVH'!N113 | E227: ='CSAT-AVH'!Q113 | F227: ='CSAT-AVH'!T113 | G227: ='CSAT-AVH'!W113 | H227: ='CSAT-AVH'!Z113 | I227: ='CSAT-AVH'!AC113 | J227: ='CSAT-AVH'!AF113 -> 0 | K227: ='CSAT-AVH'!AI113 | L227: ='CSAT-AVH'!AL113 | M227: ='CSAT-AVH'!AO113 | N227: ='CSAT-AVH'!#REF! -> #REF! | O227: ='CSAT-AVH'!#REF! -> #REF!
A228: d) Fair - 40% | B228: ='CSAT-AVH'!H114 | C228: ='CSAT-AVH'!K114 | D228: ='CSAT-AVH'!N114 | E228: ='CSAT-AVH'!Q114 | F228: ='CSAT-AVH'!T114 | G228: ='CSAT-AVH'!W114 | H228: ='CSAT-AVH'!Z114 | I228: ='CSAT-AVH'!AC114 | J228: ='CSAT-AVH'!AF114 -> 0 | K228: ='CSAT-AVH'!AI114 | L228: ='CSAT-AVH'!AL114 | M228: ='CSAT-AVH'!AO114 | N228: ='CSAT-AVH'!#REF! -> #REF! | O228: ='CSAT-AVH'!#REF! -> #REF!
A229: e) Poor - 20% | B229: ='CSAT-AVH'!H115 | C229: ='CSAT-AVH'!K115 | D229: ='CSAT-AVH'!N115 | E229: ='CSAT-AVH'!Q115 | F229: ='CSAT-AVH'!T115 | G229: ='CSAT-AVH'!W115 | H229: ='CSAT-AVH'!Z115 | I229: ='CSAT-AVH'!AC115 | J229: ='CSAT-AVH'!AF115 -> 0 | K229: ='CSAT-AVH'!AI115 | L229: ='CSAT-AVH'!AL115 | M229: ='CSAT-AVH'!AO115 | N229: ='CSAT-AVH'!#REF! -> #REF! | O229: ='CSAT-AVH'!#REF! -> #REF!
A231: TED-1: Probability that you will recommend AyurVAID to your friends and relatives
B232: =Graphs!B240 -> 45748 | C232: =Graphs!C240 -> 45778 | D232: =Graphs!D240 -> 45809 | E232: =Graphs!E240 -> 45839 | F232: =Graphs!F240 -> 45870 | G232: =Graphs!G240 -> 45901 | H232: =Graphs!H240 -> 45931 | I232: =Graphs!I240 -> 45962 | ... O232: =Graphs!O240 -> 46143
A233: TED-1: Probability that you will recommend AyurVAID to your friends and relatives
A234: b) 80% | B234: ='CSAT-AVH'!H151 | C234: ='CSAT-AVH'!K151 | D234: ='CSAT-AVH'!N151 | E234: ='CSAT-AVH'!Q151 | F234: ='CSAT-AVH'!T151 | G234: ='CSAT-AVH'!W151 | H234: ='CSAT-AVH'!Z151 | I234: ='CSAT-AVH'!AC151 | J234: ='CSAT-AVH'!AF151 -> 0 | K234: ='CSAT-AVH'!AI151 | L234: ='CSAT-AVH'!AL151 | M234: ='CSAT-AVH'!AO151 | N234: ='CSAT-AVH'!#REF! -> #REF! | O234: ='CSAT-AVH'!#REF! -> #REF!
A235: a) 100% | B235: ='CSAT-AVH'!H150 | C235: ='CSAT-AVH'!K150 | D235: ='CSAT-AVH'!N150 | E235: ='CSAT-AVH'!Q150 | F235: ='CSAT-AVH'!T150 | G235: ='CSAT-AVH'!W150 | H235: ='CSAT-AVH'!Z150 | I235: ='CSAT-AVH'!AC150 | J235: ='CSAT-AVH'!AF150 -> 0 | K235: ='CSAT-AVH'!AI150 | L235: ='CSAT-AVH'!AL150 | M235: ='CSAT-AVH'!AO150 | N235: ='CSAT-AVH'!#REF! -> #REF! | O235: ='CSAT-AVH'!#REF! -> #REF!
A236: c) 60% | B236: ='CSAT-AVH'!H152 | C236: ='CSAT-AVH'!K152 | D236: ='CSAT-AVH'!N152 | E236: ='CSAT-AVH'!Q152 | F236: ='CSAT-AVH'!T152 | G236: ='CSAT-AVH'!W152 | H236: ='CSAT-AVH'!Z152 | I236: ='CSAT-AVH'!AC152 | J236: ='CSAT-AVH'!AF152 -> 1 | K236: ='CSAT-AVH'!AI152 | L236: ='CSAT-AVH'!AL152 | M236: ='CSAT-AVH'!AO152 | N236: ='CSAT-AVH'!#REF! -> #REF! | O236: ='CSAT-AVH'!#REF! -> #REF!
A237: d) 40% | B237: ='CSAT-AVH'!H153 | C237: ='CSAT-AVH'!K153 | D237: ='CSAT-AVH'!N153 | E237: ='CSAT-AVH'!Q153 | F237: ='CSAT-AVH'!T153 | G237: ='CSAT-AVH'!W153 | H237: ='CSAT-AVH'!Z153 | I237: ='CSAT-AVH'!AC153 | J237: ='CSAT-AVH'!AF153 -> 0 | K237: ='CSAT-AVH'!AI153 | L237: ='CSAT-AVH'!AL153 | M237: ='CSAT-AVH'!AO153 | N237: ='CSAT-AVH'!#REF! -> #REF! | O237: ='CSAT-AVH'!#REF! -> #REF!
A238: e) 20% | B238: ='CSAT-AVH'!H154 | C238: ='CSAT-AVH'!K154 | D238: ='CSAT-AVH'!N154 | E238: ='CSAT-AVH'!Q154 | F238: ='CSAT-AVH'!T154 | G238: ='CSAT-AVH'!W154 | H238: ='CSAT-AVH'!Z154 | I238: ='CSAT-AVH'!AC154 | J238: ='CSAT-AVH'!AF154 -> 0 | K238: ='CSAT-AVH'!AI154 | L238: ='CSAT-AVH'!AL154 | M238: ='CSAT-AVH'!AO154 | N238: ='CSAT-AVH'!#REF! -> #REF! | O238: ='CSAT-AVH'!#REF! -> #REF!
A239: CSAT Coverage(IPT+OPT+LT)
A240: CSAT Coverage (IPT+OPT+LT) | B240: ='CSAT-AVH'!F1 -> 45748 | C240: =EDATE(B240,1) -> 45778 | D240: =EDATE(C240,1) -> 45809 | E240: =EDATE(D240,1) -> 45839 | F240: =EDATE(E240,1) -> 45870 | G240: =EDATE(F240,1) -> 45901 | H240: =EDATE(G240,1) -> 45931 | I240: =EDATE(H240,1) -> 45962 | J240: =EDATE(I240,1) -> 45992 | ... O240: =EDATE(N240,1) -> 46143
A241: # Treatment TSD | B241: =COUNTIF('Data-SO'!$AI:$AI,B$240) -> 1 | C241: =COUNTIF('Data-SO'!$AI:$AI,C$240) -> 0 | D241: =COUNTIF('Data-SO'!$AI:$AI,D$240) -> 0 | E241: =COUNTIF('Data-SO'!$AI:$AI,E$240) -> 0 | F241: =COUNTIF('Data-SO'!$AI:$AI,F$240) -> 0 | G241: =COUNTIF('Data-SO'!$AI:$AI,G$240) -> 0 | H241: =COUNTIF('Data-SO'!$AI:$AI,H$240) -> 0 | I241: =COUNTIF('Data-SO'!$AI:$AI,I$240) -> 0 | ... O241: =COUNTIF('Data-SO'!$AI:$AI,O$240) -> 0
A242: # Treatment TED | B242: =COUNTIF('Data-SO'!$AJ:$AJ,B$240) -> 1 | C242: =COUNTIF('Data-SO'!$AJ:$AJ,C$240) -> 0 | D242: =COUNTIF('Data-SO'!$AJ:$AJ,D$240) -> 0 | E242: =COUNTIF('Data-SO'!$AJ:$AJ,E$240) -> 0 | F242: =COUNTIF('Data-SO'!$AJ:$AJ,F$240) -> 0 | G242: =COUNTIF('Data-SO'!$AJ:$AJ,G$240) -> 0 | H242: =COUNTIF('Data-SO'!$AJ:$AJ,H$240) -> 0 | I242: =COUNTIF('Data-SO'!$AJ:$AJ,I$240) -> 0 | ... O242: =COUNTIF('Data-SO'!$AJ:$AJ,O$240) -> 0
A243: # Coverage TSD+1 | B243: =COUNTIF('Data-TSD+1'!$AC:$AC,B$240) -> 1 | C243: =COUNTIF('Data-TSD+1'!$AC:$AC,C$240) -> 0 | D243: =COUNTIF('Data-TSD+1'!$AC:$AC,D$240) -> 0 | E243: =COUNTIF('Data-TSD+1'!$AC:$AC,E$240) -> 0 | F243: =COUNTIF('Data-TSD+1'!$AC:$AC,F$240) -> 0 | G243: =COUNTIF('Data-TSD+1'!$AC:$AC,G$240) -> 0 | H243: =COUNTIF('Data-TSD+1'!$AC:$AC,H$240) -> 0 | I243: =COUNTIF('Data-TSD+1'!$AC:$AC,I$240) -> 0 | ... O243: =COUNTIF('Data-TSD+1'!$AC:$AC,O$240) -> 0
A244: # Coverage TED-1 | B244: =COUNTIF('Data-TED-1'!$AH:$AH,B$240) -> 0 | C244: =COUNTIF('Data-TED-1'!$AH:$AH,C$240) -> 0 | D244: =COUNTIF('Data-TED-1'!$AH:$AH,D$240) -> 0 | E244: =COUNTIF('Data-TED-1'!$AH:$AH,E$240) -> 0 | F244: =COUNTIF('Data-TED-1'!$AH:$AH,F$240) -> 0 | G244: =COUNTIF('Data-TED-1'!$AH:$AH,G$240) -> 0 | H244: =COUNTIF('Data-TED-1'!$AH:$AH,H$240) -> 0 | I244: =COUNTIF('Data-TED-1'!$AH:$AH,I$240) -> 0 | ... O244: =COUNTIF('Data-TED-1'!$AH:$AH,O$240) -> 0
A245: % Coverage TSD+1 (IPT+OPT+LT) | B245: =IFERROR(B243/B241,0) -> 1 | C245: =IFERROR(C243/C241,0) -> 0 | D245: =IFERROR(D243/D241,0) -> 0 | E245: =IFERROR(E243/E241,0) -> 0 | F245: =IFERROR(F243/F241,0) -> 0 | G245: =IFERROR(G243/G241,0) -> 0 | H245: =IFERROR(H243/H241,0) -> 0 | I245: =IFERROR(I243/I241,0) -> 0 | ... O245: =IFERROR(O243/O241,0) -> 0
A246: % Coverage TED-1 (IPT+OPT+LT) | B246: =IFERROR(B244/B242,0) -> 0 | C246: =IFERROR(C244/C242,0) -> 0 | D246: =IFERROR(D244/D242,0) -> 0 | E246: =IFERROR(E244/E242,0) -> 0 | F246: =IFERROR(F244/F242,0) -> 0 | G246: =IFERROR(G244/G242,0) -> 0 | H246: =IFERROR(H244/H242,0) -> 0 | I246: =IFERROR(I244/I242,0) -> 0 | ... M246: =IFERROR(M244/M242,0) -> 0 | N246: =N244/N242 -> #DIV/0! | O246: =O244/O242 -> #DIV/0!
A247: CSAT Coverage(IPT)
A248: CSAT Coverage (IPT) | B248: =B240 -> 45748 | C248: =C240 -> 45778 | D248: =D240 -> 45809 | E248: =E240 -> 45839 | F248: =F240 -> 45870 | G248: =G240 -> 45901 | H248: =H240 -> 45931 | I248: =I240 -> 45962 | ... O248: =O240 -> 46143
A249: # Treatment TSD | B249: =COUNTIFS('Data-SO'!AI:AI,B$248, 'Data-SO'!H:H, "IPT") -> 0 | C249: =COUNTIFS('Data-SO'!AI:AI,C$248, 'Data-SO'!H:H, "IPT") -> 0 | D249: =COUNTIFS('Data-SO'!AI:AI,D$248, 'Data-SO'!H:H, "IPT") -> 0 | E249: =COUNTIFS('Data-SO'!AI:AI,E$248, 'Data-SO'!H:H, "IPT") -> 0 | F249: =COUNTIFS('Data-SO'!AI:AI,F$248, 'Data-SO'!H:H, "IPT") -> 0 | G249: =COUNTIFS('Data-SO'!AI:AI,G$248, 'Data-SO'!H:H, "IPT") -> 0 | H249: =COUNTIFS('Data-SO'!AI:AI,H$248, 'Data-SO'!H:H, "IPT") -> 0 | I249: =COUNTIFS('Data-SO'!AI:AI,I$248, 'Data-SO'!H:H, "IPT") -> 0 | ... O249: =COUNTIFS('Data-SO'!AI:AI,O$248, 'Data-SO'!H:H, "IPT") -> 0
A250: # Treatment TED | B250: =COUNTIFS('Data-SO'!AJ:AJ,B$248, 'Data-SO'!H:H, "IPT") -> 0 | C250: =COUNTIFS('Data-SO'!AJ:AJ,C$248, 'Data-SO'!H:H, "IPT") -> 0 | D250: =COUNTIFS('Data-SO'!AJ:AJ,D$248, 'Data-SO'!H:H, "IPT") -> 0 | E250: =COUNTIFS('Data-SO'!AJ:AJ,E$248, 'Data-SO'!H:H, "IPT") -> 0 | F250: =COUNTIFS('Data-SO'!AJ:AJ,F$248, 'Data-SO'!H:H, "IPT") -> 0 | G250: =COUNTIFS('Data-SO'!AJ:AJ,G$248, 'Data-SO'!H:H, "IPT") -> 0 | H250: =COUNTIFS('Data-SO'!AJ:AJ,H$248, 'Data-SO'!H:H, "IPT") -> 0 | I250: =COUNTIFS('Data-SO'!AJ:AJ,I$248, 'Data-SO'!H:H, "IPT") -> 0 | ... O250: =COUNTIFS('Data-SO'!AJ:AJ,O$248, 'Data-SO'!H:H, "IPT") -> 0
A251: # Coverage TSD+1 | B251: =COUNTIFS('Data-TSD+1'!AC:AC, B248, 'Data-TSD+1'!AB:AB, "IPT") -> 0 | C251: =COUNTIFS('Data-TSD+1'!AC:AC, C248, 'Data-TSD+1'!AB:AB, "IPT") -> 0 | D251: =COUNTIFS('Data-TSD+1'!AC:AC, D248, 'Data-TSD+1'!AB:AB, "IPT") -> 0 | E251: =COUNTIFS('Data-TSD+1'!AC:AC, E248, 'Data-TSD+1'!AB:AB, "IPT") -> 0 | F251: =COUNTIFS('Data-TSD+1'!AC:AC, F248, 'Data-TSD+1'!AB:AB, "IPT") -> 0 | G251: =COUNTIFS('Data-TSD+1'!AC:AC, G248, 'Data-TSD+1'!AB:AB, "IPT") -> 0 | H251: =COUNTIFS('Data-TSD+1'!AC:AC, H248, 'Data-TSD+1'!AB:AB, "IPT") -> 0 | I251: =COUNTIFS('Data-TSD+1'!AC:AC, I248, 'Data-TSD+1'!AB:AB, "IPT") -> 0 | ... O251: =COUNTIFS('Data-TSD+1'!AC:AC, O248, 'Data-TSD+1'!AB:AB, "IPT") -> 0
A252: # Coverage TED-1 | B252: =COUNTIFS('Data-TED-1'!AH:AH, B248, 'Data-TED-1'!AG:AG, "IPT") -> 0 | C252: =COUNTIFS('Data-TED-1'!AH:AH, C248, 'Data-TED-1'!AG:AG, "IPT") -> 0 | D252: =COUNTIFS('Data-TED-1'!AH:AH, D248, 'Data-TED-1'!AG:AG, "IPT") -> 0 | E252: =COUNTIFS('Data-TED-1'!AH:AH, E248, 'Data-TED-1'!AG:AG, "IPT") -> 0 | F252: =COUNTIFS('Data-TED-1'!AH:AH, F248, 'Data-TED-1'!AG:AG, "IPT") -> 0 | G252: =COUNTIFS('Data-TED-1'!AH:AH, G248, 'Data-TED-1'!AG:AG, "IPT") -> 0 | H252: =COUNTIFS('Data-TED-1'!AH:AH, H248, 'Data-TED-1'!AG:AG, "IPT") -> 0 | I252: =COUNTIFS('Data-TED-1'!AH:AH, I248, 'Data-TED-1'!AG:AG, "IPT") -> 0 | ... O252: =COUNTIFS('Data-TED-1'!AH:AH, O248, 'Data-TED-1'!AG:AG, "IPT") -> 0
A253: % Coverage TSD+1 | B253: =IFERROR(B251/B249,0) -> 0 | C253: =IFERROR(C251/C249,0) -> 0 | D253: =IFERROR(D251/D249,0) -> 0 | E253: =IFERROR(E251/E249,0) -> 0 | F253: =IFERROR(F251/F249,0) -> 0 | G253: =IFERROR(G251/G249,0) -> 0 | H253: =IFERROR(H251/H249,0) -> 0 | I253: =IFERROR(I251/I249,0) -> 0 | ... O253: =IFERROR(O251/O249,0) -> 0
A254: % Coverage TED-1 | B254: =IFERROR(B252/B250,0) -> 0 | C254: =IFERROR(C252/C250,0) -> 0 | D254: =IFERROR(D252/D250,0) -> 0 | E254: =IFERROR(E252/E250,0) -> 0 | F254: =IFERROR(F252/F250,0) -> 0 | G254: =IFERROR(G252/G250,0) -> 0 | H254: =IFERROR(H252/H250,0) -> 0 | I254: =IFERROR(I252/I250,0) -> 0 | ... M254: =IFERROR(M252/M250,0) -> 0 | N254: =N252/N250 -> #DIV/0! | O254: =O252/O250 -> #DIV/0!
A255: CSAT Coverage(OPT)
A256: CSAT Coverage (OPT) | B256: =B240 -> 45748 | C256: =C240 -> 45778 | D256: =D240 -> 45809 | E256: =E240 -> 45839 | F256: =F240 -> 45870 | G256: =G240 -> 45901 | H256: =H240 -> 45931 | I256: =I240 -> 45962 | ... O256: =O240 -> 46143
A257: # Treatment TSD | B257: =COUNTIFS('Data-SO'!AI:AI,B$248, 'Data-SO'!H:H, "OPT") -> 1 | C257: =COUNTIFS('Data-SO'!AI:AI,C$248, 'Data-SO'!H:H, "OPT") -> 0 | D257: =COUNTIFS('Data-SO'!AI:AI,D$248, 'Data-SO'!H:H, "OPT") -> 0 | E257: =COUNTIFS('Data-SO'!AI:AI,E$248, 'Data-SO'!H:H, "OPT") -> 0 | F257: =COUNTIFS('Data-SO'!AI:AI,F$248, 'Data-SO'!H:H, "OPT") -> 0 | G257: =COUNTIFS('Data-SO'!AI:AI,G$248, 'Data-SO'!H:H, "OPT") -> 0 | H257: =COUNTIFS('Data-SO'!AI:AI,H$248, 'Data-SO'!H:H, "OPT") -> 0 | I257: =COUNTIFS('Data-SO'!AI:AI,I$248, 'Data-SO'!H:H, "OPT") -> 0 | ... O257: =COUNTIFS('Data-SO'!AI:AI,O$248, 'Data-SO'!H:H, "OPT") -> 0
A258: # Treatment TED | B258: =COUNTIFS('Data-SO'!AJ:AJ,B$248, 'Data-SO'!H:H, "OPT") -> 1 | C258: =COUNTIFS('Data-SO'!AJ:AJ,C$248, 'Data-SO'!H:H, "OPT") -> 0 | D258: =COUNTIFS('Data-SO'!AJ:AJ,D$248, 'Data-SO'!H:H, "OPT") -> 0 | E258: =COUNTIFS('Data-SO'!AJ:AJ,E$248, 'Data-SO'!H:H, "OPT") -> 0 | F258: =COUNTIFS('Data-SO'!AJ:AJ,F$248, 'Data-SO'!H:H, "OPT") -> 0 | G258: =COUNTIFS('Data-SO'!AJ:AJ,G$248, 'Data-SO'!H:H, "OPT") -> 0 | H258: =COUNTIFS('Data-SO'!AJ:AJ,H$248, 'Data-SO'!H:H, "OPT") -> 0 | I258: =COUNTIFS('Data-SO'!AJ:AJ,I$248, 'Data-SO'!H:H, "OPT") -> 0 | ... O258: =COUNTIFS('Data-SO'!AJ:AJ,O$248, 'Data-SO'!H:H, "OPT") -> 0
A259: # Coverage TSD+1 | B259: =COUNTIFS('Data-TSD+1'!AC:AC, B256, 'Data-TSD+1'!AB:AB, "OPT") -> 0 | C259: =COUNTIFS('Data-TSD+1'!AC:AC, C256, 'Data-TSD+1'!AB:AB, "OPT") -> 0 | D259: =COUNTIFS('Data-TSD+1'!AC:AC, D256, 'Data-TSD+1'!AB:AB, "OPT") -> 0 | E259: =COUNTIFS('Data-TSD+1'!AC:AC, E256, 'Data-TSD+1'!AB:AB, "OPT") -> 0 | F259: =COUNTIFS('Data-TSD+1'!AC:AC, F256, 'Data-TSD+1'!AB:AB, "OPT") -> 0 | G259: =COUNTIFS('Data-TSD+1'!AC:AC, G256, 'Data-TSD+1'!AB:AB, "OPT") -> 0 | H259: =COUNTIFS('Data-TSD+1'!AC:AC, H256, 'Data-TSD+1'!AB:AB, "OPT") -> 0 | I259: =COUNTIFS('Data-TSD+1'!AC:AC, I256, 'Data-TSD+1'!AB:AB, "OPT") -> 0 | ... O259: =COUNTIFS('Data-TSD+1'!AC:AC, O256, 'Data-TSD+1'!AB:AB, "OPT") -> 0
A260: # Coverage TED-1 | B260: =COUNTIFS('Data-TED-1'!AH:AH, B256, 'Data-TED-1'!AG:AG, "IPT") -> 0 | C260: =COUNTIFS('Data-TED-1'!AH:AH, C256, 'Data-TED-1'!AG:AG, "OPT") -> 0 | D260: =COUNTIFS('Data-TED-1'!AH:AH, D256, 'Data-TED-1'!AG:AG, "OPT") -> 0 | E260: =COUNTIFS('Data-TED-1'!AH:AH, E256, 'Data-TED-1'!AG:AG, "OPT") -> 0 | F260: =COUNTIFS('Data-TED-1'!AH:AH, F256, 'Data-TED-1'!AG:AG, "OPT") -> 0 | G260: =COUNTIFS('Data-TED-1'!AH:AH, G256, 'Data-TED-1'!AG:AG, "OPT") -> 0 | H260: =COUNTIFS('Data-TED-1'!AH:AH, H256, 'Data-TED-1'!AG:AG, "OPT") -> 0 | I260: =COUNTIFS('Data-TED-1'!AH:AH, I256, 'Data-TED-1'!AG:AG, "OPT") -> 0 | J260: =COUNTIFS('Data-TED-1'!AH:AH, J256, 'Data-TED-1'!AG:AG, "OPT") -> 0 | ... O260: =COUNTIFS('Data-TED-1'!AH:AH, O256, 'Data-TED-1'!AG:AG, "OPT") -> 0
A261: % Coverage TSD+1 | B261: =IFERROR(B259/B257,0) -> 0 | C261: =IFERROR(C259/C257,0) -> 0 | D261: =IFERROR(D259/D257,0) -> 0 | E261: =IFERROR(E259/E257,0) -> 0 | F261: =IFERROR(F259/F257,0) -> 0 | G261: =IFERROR(G259/G257,0) -> 0 | H261: =IFERROR(H259/H257,0) -> 0 | I261: =IFERROR(I259/I257,0) -> 0 | ... M261: =IFERROR(M259/M257,0) -> 0 | N261: =N259/N257 -> #DIV/0! | O261: =O259/O257 -> #DIV/0!
A262: % Coverage TED-1 | B262: =IFERROR(B260/B258,0) -> 0 | C262: =IFERROR(C260/C258,0) -> 0 | D262: =IFERROR(D260/D258,0) -> 0 | E262: =IFERROR(E260/E258,0) -> 0 | F262: =IFERROR(F260/F258,0) -> 0 | G262: =IFERROR(G260/G258,0) -> 0 | H262: =IFERROR(H260/H258,0) -> 0 | I262: =IFERROR(I260/I258,0) -> 0 | ... O262: =IFERROR(O260/O258,0) -> 0
A263: CSAT Coverage(LT)
A264: CSAT Coverage (LT) | B264: =B240 -> 45748 | C264: =C240 -> 45778 | D264: =D240 -> 45809 | E264: =E240 -> 45839 | F264: =F240 -> 45870 | G264: =G240 -> 45901 | H264: =H240 -> 45931 | I264: =I240 -> 45962 | ... M264: =M240 -> 46082 | N264: 45870 | O264: 45901
A265: # Treatment TSD | B265: =COUNTIFS('Data-SO'!AI:AI,B$248, 'Data-SO'!H:H, "LT") -> 0 | C265: =COUNTIFS('Data-SO'!AI:AI,C$248, 'Data-SO'!H:H, "LT") -> 0 | D265: =COUNTIFS('Data-SO'!AI:AI,D$248, 'Data-SO'!H:H, "LT") -> 0 | E265: =COUNTIFS('Data-SO'!AI:AI,E$248, 'Data-SO'!H:H, "LT") -> 0 | F265: =COUNTIFS('Data-SO'!AI:AI,F$248, 'Data-SO'!H:H, "LT") -> 0 | G265: =COUNTIFS('Data-SO'!AI:AI,G$248, 'Data-SO'!H:H, "LT") -> 0 | H265: =COUNTIFS('Data-SO'!AI:AI,H$248, 'Data-SO'!H:H, "LT") -> 0 | I265: =COUNTIFS('Data-SO'!AI:AI,I$248, 'Data-SO'!H:H, "LT") -> 0 | ... O265: =COUNTIFS('Data-SO'!AI:AI,O$248, 'Data-SO'!H:H, "LT") -> 0
A266: # Treatment TED | B266: =COUNTIFS('Data-SO'!AJ:AJ,B$248, 'Data-SO'!H:H, "LT") -> 0 | C266: =COUNTIFS('Data-SO'!AJ:AJ,C$248, 'Data-SO'!H:H, "LT") -> 0 | D266: =COUNTIFS('Data-SO'!AJ:AJ,D$248, 'Data-SO'!H:H, "LT") -> 0 | E266: =COUNTIFS('Data-SO'!AJ:AJ,E$248, 'Data-SO'!H:H, "LT") -> 0 | F266: =COUNTIFS('Data-SO'!AJ:AJ,F$248, 'Data-SO'!H:H, "LT") -> 0 | G266: =COUNTIFS('Data-SO'!AJ:AJ,G$248, 'Data-SO'!H:H, "LT") -> 0 | H266: =COUNTIFS('Data-SO'!AJ:AJ,H$248, 'Data-SO'!H:H, "LT") -> 0 | I266: =COUNTIFS('Data-SO'!AJ:AJ,I$248, 'Data-SO'!H:H, "LT") -> 0 | ... O266: =COUNTIFS('Data-SO'!AJ:AJ,O$248, 'Data-SO'!H:H, "LT") -> 0
A267: # Coverage TSD+1 | B267: =COUNTIFS('Data-TSD+1'!AC:AC, B264, 'Data-TSD+1'!AB:AB, "LT") -> 0 | C267: =COUNTIFS('Data-TSD+1'!AC:AC, C264, 'Data-TSD+1'!AB:AB, "LT") -> 0 | D267: =COUNTIFS('Data-TSD+1'!AC:AC, D264, 'Data-TSD+1'!AB:AB, "LT") -> 0 | E267: =COUNTIFS('Data-TSD+1'!AC:AC, E264, 'Data-TSD+1'!AB:AB, "LT") -> 0 | F267: =COUNTIFS('Data-TSD+1'!AC:AC, F264, 'Data-TSD+1'!AB:AB, "LT") -> 0 | G267: =COUNTIFS('Data-TSD+1'!AC:AC, G264, 'Data-TSD+1'!AB:AB, "LT") -> 0 | H267: =COUNTIFS('Data-TSD+1'!AC:AC, H264, 'Data-TSD+1'!AB:AB, "LT") -> 0 | I267: =COUNTIFS('Data-TSD+1'!AC:AC, I264, 'Data-TSD+1'!AB:AB, "LT") -> 0 | ... O267: =COUNTIFS('Data-TSD+1'!AC:AC, O264, 'Data-TSD+1'!AB:AB, "LT") -> 0
A268: # Coverage TED-1 | B268: =COUNTIFS('Data-TED-1'!AH:AH, B264, 'Data-TED-1'!AG:AG, "LT") -> 0 | C268: =COUNTIFS('Data-TED-1'!AH:AH, C264, 'Data-TED-1'!AG:AG, "LT") -> 0 | D268: =COUNTIFS('Data-TED-1'!AH:AH, D264, 'Data-TED-1'!AG:AG, "LT") -> 0 | E268: =COUNTIFS('Data-TED-1'!AH:AH, E264, 'Data-TED-1'!AG:AG, "LT") -> 0 | F268: =COUNTIFS('Data-TED-1'!AH:AH, F264, 'Data-TED-1'!AG:AG, "LT") -> 0 | G268: =COUNTIFS('Data-TED-1'!AH:AH, G264, 'Data-TED-1'!AG:AG, "LT") -> 0 | H268: =COUNTIFS('Data-TED-1'!AH:AH, H264, 'Data-TED-1'!AG:AG, "LT") -> 0 | I268: =COUNTIFS('Data-TED-1'!AH:AH, I264, 'Data-TED-1'!AG:AG, "LT") -> 0 | ... O268: =COUNTIFS('Data-TED-1'!AH:AH, O264, 'Data-TED-1'!AG:AG, "LT") -> 0
A269: % Coverage TSD+1 | B269: =IFERROR(B267/B265,0) -> 0 | C269: =IFERROR(C267/C265,0) -> 0 | D269: =IFERROR(D267/D265,0) -> 0 | E269: =IFERROR(E267/E265,0) -> 0 | F269: =IFERROR(F267/F265,0) -> 0 | G269: =IFERROR(G267/G265,0) -> 0 | H269: =IFERROR(H267/H265,0) -> 0 | I269: =IFERROR(I267/I265,0) -> 0 | ... O269: =IFERROR(O267/O265,0) -> 0
A270: % Coverage TED-1 | B270: =IFERROR(B268/B266,0) -> 0 | C270: =IFERROR(C268/C266,0) -> 0 | D270: =IFERROR(D268/D266,0) -> 0 | E270: =IFERROR(E268/E266,0) -> 0 | F270: =IFERROR(F268/F266,0) -> 0 | G270: =IFERROR(G268/G266,0) -> 0 | H270: =IFERROR(H268/H266,0) -> 0 | I270: =IFERROR(I268/I266,0) -> 0 | ... O270: =IFERROR(O268/O266,0) -> 0
A272: TED-1: Did you face any adverse (abnormalities/ non-routine) health event during your stay in respect of any of the following:
B274: =B240 -> 45748 | C274: =C240 -> 45778 | D274: =D240 -> 45809 | E274: =E240 -> 45839 | F274: =F240 -> 45870 | G274: =G240 -> 45901 | H274: =H240 -> 45931 | I274: =I240 -> 45962 | ... O274: =O240 -> 46143
A275: TED-1: Did you faCB any adverse (abnormalities/ non-routine) health event during your stay in respect of any of the following: | P275: ` | AD275: `
A276: No | B276: ='CSAT-AVH'!H118 | C276: ='CSAT-AVH'!K118 | D276: ='CSAT-AVH'!N118 | E276: ='CSAT-AVH'!Q118 | F276: ='CSAT-AVH'!T118 | G276: ='CSAT-AVH'!W118 | H276: ='CSAT-AVH'!Z118 | I276: ='CSAT-AVH'!AC118 | J276: ='CSAT-AVH'!AF118 -> 1 | K276: ='CSAT-AVH'!AI118 | L276: ='CSAT-AVH'!AL118 | M276: ='CSAT-AVH'!AO118 | N276: ='CSAT-AVH'!#REF! -> #REF! | O276: ='CSAT-AVH'!#REF! -> #REF!
A277: Yes | B277: ='CSAT-AVH'!H117 | C277: ='CSAT-AVH'!K117 | D277: ='CSAT-AVH'!N117 | E277: ='CSAT-AVH'!Q117 | F277: ='CSAT-AVH'!T117 | G277: ='CSAT-AVH'!W117 | H277: ='CSAT-AVH'!Z117 | I277: ='CSAT-AVH'!AC117 | J277: ='CSAT-AVH'!AF117 -> 0 | K277: ='CSAT-AVH'!AI117 | L277: ='CSAT-AVH'!AL117 | M277: ='CSAT-AVH'!AO117 | N277: ='CSAT-AVH'!#REF! -> #REF! | O277: ='CSAT-AVH'!#REF! -> #REF!
A279: TSD+1: Satisfaction with information about your Treatment shedule (Day & Time)
B280: =B240 -> 45748 | C280: =C240 -> 45778 | D280: =D240 -> 45809 | E280: =E240 -> 45839 | F280: =F240 -> 45870 | G280: =G240 -> 45901 | H280: =H240 -> 45931 | I280: =I240 -> 45962 | ... O280: =O240 -> 46143
A281: TSD+1: Satisfaction with information about your Treatment sCEedule (Day & Time)
A282: a) Excellent - 100% | B282: ='CSAT-AVH'!H9 -> 1 | C282: ='CSAT-AVH'!K9 | D282: ='CSAT-AVH'!N9 | E282: ='CSAT-AVH'!Q9 | F282: ='CSAT-AVH'!T9 | G282: ='CSAT-AVH'!W9 | H282: ='CSAT-AVH'!Z9 | I282: ='CSAT-AVH'!AC9 | J282: ='CSAT-AVH'!AF9 | K282: ='CSAT-AVH'!AI9 | L282: ='CSAT-AVH'!AL9 | M282: ='CSAT-AVH'!AO9 | N282: ='CSAT-AVH'!#REF! -> #REF! | O282: ='CSAT-AVH'!#REF! -> #REF!
A283: b) V.Good - 80% | B283: ='CSAT-AVH'!H10 -> 0 | C283: ='CSAT-AVH'!K10 | D283: ='CSAT-AVH'!N10 | E283: ='CSAT-AVH'!Q10 | F283: ='CSAT-AVH'!T10 | G283: ='CSAT-AVH'!W10 | H283: ='CSAT-AVH'!Z10 | I283: ='CSAT-AVH'!AC10 | J283: ='CSAT-AVH'!AF10 | K283: ='CSAT-AVH'!AI10 | L283: ='CSAT-AVH'!AL10 | M283: ='CSAT-AVH'!AO10 | N283: ='CSAT-AVH'!#REF! -> #REF! | O283: ='CSAT-AVH'!#REF! -> #REF!
A284: C) Good - 60% | B284: ='CSAT-AVH'!H11 -> 0 | C284: ='CSAT-AVH'!K11 | D284: ='CSAT-AVH'!N11 | E284: ='CSAT-AVH'!Q11 | F284: ='CSAT-AVH'!T11 | G284: ='CSAT-AVH'!W11 | H284: ='CSAT-AVH'!Z11 | I284: ='CSAT-AVH'!AC11 | J284: ='CSAT-AVH'!AF11 | K284: ='CSAT-AVH'!AI11 | L284: ='CSAT-AVH'!AL11 | M284: ='CSAT-AVH'!AO11 | N284: ='CSAT-AVH'!#REF! -> #REF! | O284: ='CSAT-AVH'!#REF! -> #REF!
A285: d) Fair - 40% | B285: ='CSAT-AVH'!H12 -> 0 | C285: ='CSAT-AVH'!K12 | D285: ='CSAT-AVH'!N12 | E285: ='CSAT-AVH'!Q12 | F285: ='CSAT-AVH'!T12 | G285: ='CSAT-AVH'!W12 | H285: ='CSAT-AVH'!Z12 | I285: ='CSAT-AVH'!AC12 | J285: ='CSAT-AVH'!AF12 | K285: ='CSAT-AVH'!AI12 | L285: ='CSAT-AVH'!AL12 | M285: ='CSAT-AVH'!AO12 | N285: ='CSAT-AVH'!#REF! -> #REF! | O285: ='CSAT-AVH'!#REF! -> #REF!
A286: e) Poor - 20% | B286: ='CSAT-AVH'!H13 -> 0 | C286: ='CSAT-AVH'!K13 | D286: ='CSAT-AVH'!N13 | E286: ='CSAT-AVH'!Q13 | F286: ='CSAT-AVH'!T13 | G286: ='CSAT-AVH'!W13 | H286: ='CSAT-AVH'!Z13 | I286: ='CSAT-AVH'!AC13 | J286: ='CSAT-AVH'!AF13 | K286: ='CSAT-AVH'!AI13 | L286: ='CSAT-AVH'!AL13 | M286: ='CSAT-AVH'!AO13 | N286: ='CSAT-AVH'!#REF! -> #REF! | O286: ='CSAT-AVH'!#REF! -> #REF!
A288: TSD+1: Satisfaction with information about your daily routine
B289: =B240 -> 45748 | C289: =C240 -> 45778 | D289: =D240 -> 45809 | E289: =E240 -> 45839 | F289: =F240 -> 45870 | G289: =G240 -> 45901 | H289: =H240 -> 45931 | I289: =I240 -> 45962 | ... O289: =O240 -> 46143
A290: TSD+1: Satisfaction with information about your daily routine
A291: b) V.Good - 80% | B291: ='CSAT-AVH'!H16 -> 0 | C291: ='CSAT-AVH'!K16 | D291: ='CSAT-AVH'!N16 | E291: ='CSAT-AVH'!Q16 | F291: ='CSAT-AVH'!T16 | G291: ='CSAT-AVH'!W16 | H291: ='CSAT-AVH'!Z16 | I291: ='CSAT-AVH'!AC16 | J291: ='CSAT-AVH'!AF16 | K291: ='CSAT-AVH'!AI16 | L291: ='CSAT-AVH'!AL16 | M291: ='CSAT-AVH'!AO16 | N291: ='CSAT-AVH'!#REF! -> #REF! | O291: ='CSAT-AVH'!#REF! -> #REF!
A292: a) Excellent - 100% | B292: ='CSAT-AVH'!H15 -> 1 | C292: ='CSAT-AVH'!K15 | D292: ='CSAT-AVH'!N15 | E292: ='CSAT-AVH'!Q15 | F292: ='CSAT-AVH'!T15 | G292: ='CSAT-AVH'!W15 | H292: ='CSAT-AVH'!Z15 | I292: ='CSAT-AVH'!AC15 | J292: ='CSAT-AVH'!AF15 | K292: ='CSAT-AVH'!AI15 | L292: ='CSAT-AVH'!AL15 | M292: ='CSAT-AVH'!AO15 | N292: ='CSAT-AVH'!#REF! -> #REF! | O292: ='CSAT-AVH'!#REF! -> #REF!
A293: C) Good - 60% | B293: ='CSAT-AVH'!H17 -> 0 | C293: ='CSAT-AVH'!K17 | D293: ='CSAT-AVH'!N17 | E293: ='CSAT-AVH'!Q17 | F293: ='CSAT-AVH'!T17 | G293: ='CSAT-AVH'!W17 | H293: ='CSAT-AVH'!Z17 | I293: ='CSAT-AVH'!AC17 | J293: ='CSAT-AVH'!AF17 | K293: ='CSAT-AVH'!AI17 | L293: ='CSAT-AVH'!AL17 | M293: ='CSAT-AVH'!AO17 | N293: ='CSAT-AVH'!#REF! -> #REF! | O293: ='CSAT-AVH'!#REF! -> #REF!
A294: d) Fair - 40% | B294: ='CSAT-AVH'!H18 -> 0 | C294: ='CSAT-AVH'!K18 | D294: ='CSAT-AVH'!N18 | E294: ='CSAT-AVH'!Q18 | F294: ='CSAT-AVH'!T18 | G294: ='CSAT-AVH'!W18 | H294: ='CSAT-AVH'!Z18 | I294: ='CSAT-AVH'!AC18 | J294: ='CSAT-AVH'!AF18 | K294: ='CSAT-AVH'!AI18 | L294: ='CSAT-AVH'!AL18 | M294: ='CSAT-AVH'!AO18 | N294: ='CSAT-AVH'!#REF! -> #REF! | O294: ='CSAT-AVH'!#REF! -> #REF!
A295: e) Poor - 20% | B295: ='CSAT-AVH'!H19 -> 0 | C295: ='CSAT-AVH'!K19 | D295: ='CSAT-AVH'!N19 | E295: ='CSAT-AVH'!Q19 | F295: ='CSAT-AVH'!T19 | G295: ='CSAT-AVH'!W19 | H295: ='CSAT-AVH'!Z19 | I295: ='CSAT-AVH'!AC19 | J295: ='CSAT-AVH'!AF19 | K295: ='CSAT-AVH'!AI19 | L295: ='CSAT-AVH'!AL19 | M295: ='CSAT-AVH'!AO19 | N295: ='CSAT-AVH'!#REF! -> #REF! | O295: ='CSAT-AVH'!#REF! -> #REF!
A296: TSD+1: Satisfaction with information about Do's and Don’ts
B297: =B240 -> 45748 | C297: =C240 -> 45778 | D297: =D240 -> 45809 | E297: =E240 -> 45839 | F297: =F240 -> 45870 | G297: =G240 -> 45901 | H297: =H240 -> 45931 | I297: =I240 -> 45962 | ... O297: =O240 -> 46143
A298: TSD+1: Satisfaction with information about Do's and Don’ts
A299: b) V.Good - 80% | B299: ='CSAT-AVH'!H22 -> 0 | C299: ='CSAT-AVH'!K22 | D299: ='CSAT-AVH'!N22 | E299: ='CSAT-AVH'!Q22 | F299: ='CSAT-AVH'!T22 | G299: ='CSAT-AVH'!W22 | H299: ='CSAT-AVH'!Z22 | I299: ='CSAT-AVH'!AC22 | J299: ='CSAT-AVH'!AF22 | K299: ='CSAT-AVH'!AI22 | L299: ='CSAT-AVH'!AL22 | M299: ='CSAT-AVH'!AO22 | N299: ='CSAT-AVH'!#REF! -> #REF! | O299: ='CSAT-AVH'!#REF! -> #REF!
A300: a) Excellent - 100% | B300: ='CSAT-AVH'!H21 -> 1 | C300: ='CSAT-AVH'!K21 | D300: ='CSAT-AVH'!N21 | E300: ='CSAT-AVH'!Q21 | F300: ='CSAT-AVH'!T21 | G300: ='CSAT-AVH'!W21 | H300: ='CSAT-AVH'!Z21 | I300: ='CSAT-AVH'!AC21 | J300: ='CSAT-AVH'!AF21 | K300: ='CSAT-AVH'!AI21 | L300: ='CSAT-AVH'!AL21 | M300: ='CSAT-AVH'!AO21 | N300: ='CSAT-AVH'!#REF! -> #REF! | O300: ='CSAT-AVH'!#REF! -> #REF!
A301: C) Good - 60% | B301: ='CSAT-AVH'!H23 -> 0 | C301: ='CSAT-AVH'!K23 | D301: ='CSAT-AVH'!N23 | E301: ='CSAT-AVH'!Q23 | F301: ='CSAT-AVH'!T23 | G301: ='CSAT-AVH'!W23 | H301: ='CSAT-AVH'!Z23 | I301: ='CSAT-AVH'!AC23 | J301: ='CSAT-AVH'!AF23 | K301: ='CSAT-AVH'!AI23 | L301: ='CSAT-AVH'!AL23 | M301: ='CSAT-AVH'!AO23 | N301: ='CSAT-AVH'!#REF! -> #REF! | O301: ='CSAT-AVH'!#REF! -> #REF!
